Date,Open,High,Low,Close,Volume,Return_1D,MA5,MA20,MA60,Volatility_20D,Volume_MA20,Volume_Change,RSI14,SPY_Return,QQQ_Return,Next_Close,Next_Return,Target
2021-03-10,594.0,594.0,570.0,584.4000244140625,1397,,,,,,,,,0.006224586256551756,-0.002854617706068985,582.5999755859375,-0.003080165559421033,0
2021-03-11,584.4000244140625,585.0,579.5999755859375,582.5999755859375,1318,-0.003080165559421033,,,,,,-0.05654974946313529,,0.010139155868312377,0.023031406168461555,583.2000122070312,0.0010299290186037702,1
2021-03-12,588.0,588.0,579.0,583.2000122070312,380,0.0010299290186037702,,,,,,-0.7116843702579666,,0.0013467811372471772,-0.008112240663203596,586.2000122070312,0.005144032814140331,1
2021-03-15,582.0,586.2000122070312,582.0,586.2000122070312,1740,0.005144032814140331,,,,,,3.578947368421052,,0.005963574374651337,0.010682797211916562,585.0,-0.0020471036882330207,0
2021-03-16,585.0,585.0,585.0,585.0,437,-0.0020471036882330207,584.2800048828125,,,,,-0.7488505747126437,,-0.001261320338490246,0.00548881872377871,591.0,0.01025641025641022,1
2021-03-17,588.0,594.0,586.7999877929688,591.0,2850,0.01025641025641022,585.6,,,,,5.521739130434782,,0.0034098812634899556,0.00411755998349328,585.0,-0.010152284263959421,0
2021-03-18,587.4000244140625,590.1599731445312,585.0,585.0,1895,-0.010152284263959421,586.0800048828125,,,,,-0.33508771929824566,,-0.014549661776192768,-0.03063058570524002,587.4000244140625,0.004102605836004303,1
2021-03-19,585.0,588.0,585.0,587.4000244140625,213,0.004102605836004303,586.9200073242188,,,,,-0.8875989445910291,,-0.005108817676184874,0.0035252085418311374,582.0,-0.009193095317708067,0
2021-03-22,585.0,587.4000244140625,574.2000122070312,582.0,6587,-0.009193095317708067,586.0800048828125,,,,,29.92488262910798,,0.00798496781307656,0.01746813069950881,581.4000244140625,-0.0010308858864905845,0
2021-03-23,580.7999877929688,581.4000244140625,570.0,581.4000244140625,2343,-0.0010308858864905845,585.360009765625,,,,,-0.6442993775618643,,-0.00787079743934982,-0.004362650873373064,579.0,-0.0041280087947730415,0
2021-03-24,579.0,579.5999755859375,570.5999755859375,579.0,535,-0.0041280087947730415,582.960009765625,,,,,-0.7716602646180111,,-0.005083468514321288,-0.01686528618286398,576.0,-0.005181347150259086,0
2021-03-25,574.02001953125,577.7999877929688,570.5999755859375,576.0,192,-0.005181347150259086,581.160009765625,,,,,-0.6411214953271028,,0.005625576112623376,-0.0017315181113173317,579.5999755859375,0.006249957614474777,1
2021-03-26,576.0,580.2000122070312,574.2000122070312,579.5999755859375,152,0.006249957614474777,579.6,,,,,-0.20833333333333337,,0.016114956588609397,0.01500020437848315,581.4000244140625,0.0031056744374520218,1
2021-03-29,582.0,582.0,579.5999755859375,581.4000244140625,1357,0.0031056744374520218,579.4800048828125,,,,,7.927631578947368,,-0.0005051068273195236,-0.0002847985376285278,582.0,0.001031949708881097,1
2021-03-30,579.0,582.0,577.7999877929688,582.0,212,0.001031949708881097,579.6,,,,,-0.8437730287398674,46.874980131860866,-0.002652958199523048,-0.00503306739089926,579.5999755859375,-0.004123753288767129,0
2021-03-31,579.0,580.7999877929688,578.4000244140625,579.5999755859375,235,-0.004123753288767129,579.7199951171875,,,,,0.10849056603773577,46.15385819230084,0.0040533416294838975,0.015302867926037855,580.7999877929688,0.00207041452308232,1
2021-04-01,585.0,585.0,579.5999755859375,580.7999877929688,5522,0.00207041452308232,580.6799926757812,,,,,22.49787234042553,46.96967361684813,0.010799078859294209,0.017046352139166165,583.7999877929688,0.005165289364760461,1
2021-04-05,583.2000122070312,586.7999877929688,579.0,583.7999877929688,717,0.005165289364760461,581.5199951171875,,,,,-0.870155740673669,46.96967361684813,0.01435311202978129,0.0199648159796757,585.0,0.002055519410967932,1
2021-04-06,585.4199829101562,585.5999755859375,583.2000122070312,585.0,72,0.002055519410967932,582.239990234375,,,,,-0.899581589958159,50.0,-0.0005905853012750928,-0.0006947001275644515,586.2000122070312,0.0020513029180020403,1
2021-04-07,586.2000122070312,586.2000122070312,586.2000122070312,586.2000122070312,17,0.0020513029180020403,583.0799926757812,583.0800018310547,,,1408.55,-0.7638888888888888,43.10348758692658,0.0011572964304984446,0.002418196527590011,588.0,0.0030706034723402276,1
2021-04-08,588.0,588.0,587.4000244140625,588.0,302,0.0030706034723402276,584.7599975585938,583.2600006103515,,0.005177463310753666,1353.8,16.764705882352942,54.901945140340516,0.004746778556197873,0.010433603238717337,590.4000244140625,0.0040816741735756334,1
2021-04-09,585.5999755859375,591.0,582.5999755859375,590.4000244140625,955,0.0040816741735756334,586.6800048828125,583.6500030517578,,0.005177598435910536,1335.65,2.162251655629139,54.901945140340516,0.007270149076117116,0.006058251344889243,594.0,0.006097519371734972,1
2021-04-12,590.4000244140625,594.0,582.5999755859375,594.0,1302,0.006097519371734972,588.7200073242187,584.1900024414062,,0.005317829312052842,1381.75,0.3633507853403142,70.83329801212224,0.0003645882466716266,-0.0013051287204360884,589.7999877929688,-0.007070727621264705,0
2021-04-13,588.0,592.2000122070312,584.4000244140625,589.7999877929688,270,-0.007070727621264705,589.6800048828125,584.3700012207031,,0.005506612072102827,1308.25,-0.7926267281105991,62.96287226166682,0.002963683460576405,0.01167312953051236,592.2000122070312,0.004069217469880648,1
2021-04-14,588.9000244140625,592.2000122070312,588.9000244140625,592.2000122070312,1565,0.004069217469880648,590.8800048828125,584.7300018310547,,0.005537948370647714,1364.65,4.796296296296297,70.37033548525648,-0.003415136352656223,-0.012008209819724946,589.2000122070312,-0.005065856025263327,0
2021-04-15,592.7999877929688,592.7999877929688,589.2000122070312,589.2000122070312,187,-0.005065856025263327,591.1200073242187,584.6400024414063,,0.005184159655805347,1231.5,-0.8805111821086262,70.37033548525648,0.01074245419619091,0.015155494451679408,591.0,0.003054969035432231,1
2021-04-16,586.7999877929688,591.0,585.5999755859375,591.0,695,0.003054969035432231,591.2400024414062,584.9400024414062,,0.004655882011795165,1171.5,2.716577540106952,68.62743142542564,0.0033424259137662116,0.0011709974275220247,591.0,0.0,0
2021-04-19,585.5999755859375,591.0,585.0,591.0,883,0.0,590.6400024414063,585.1200012207031,,0.00457951168659726,1205.0,0.2705035971223022,66.66659602424448,-0.004913047650308866,-0.009151793203238223,588.0,-0.005076142131979711,0
2021-04-20,586.7999877929688,588.0,585.0,588.0,148,-0.005076142131979711,590.2800048828125,585.4200012207032,,0.004206982925693302,883.05,-0.8323895809739524,59.61536204326443,-0.007321543531961572,-0.0072887192667424605,588.5999755859375,0.0010203666427508473,1
2021-04-21,586.7999877929688,588.5999755859375,585.5999755859375,588.5999755859375,708,0.0010203666427508473,589.5599975585938,585.7799987792969,,0.004192126234163885,801.3,3.783783783783784,65.30610973862858,0.009462100030156906,0.008560996556170153,587.4000244140625,-0.0020386531118702367,0
2021-04-22,585.5999755859375,588.0,585.0,587.4000244140625,163,-0.0020386531118702367,589.2,586.2,,0.004092320640233269,782.7,-0.769774011299435,61.224566058182766,-0.009133122416069117,-0.012054573476628305,583.7999877929688,-0.0061287648475752965,0
2021-04-23,585.5999755859375,586.2000122070312,582.5999755859375,583.7999877929688,327,-0.0061287648475752965,587.7599975585938,586.5899993896485,,0.004169093001020899,789.45,1.0061349693251533,50.0,0.010842412350696051,0.012589501989924479,584.4000244140625,0.0010278119795139595,1
2021-04-26,582.0,584.4000244140625,579.0,584.4000244140625,58,0.0010278119795139595,586.4400024414062,586.8300018310547,,0.0039602574011308135,784.75,-0.8226299694189603,48.979634204571404,0.002087620908898691,0.006511081750188774,580.7999877929688,-0.006160226678127323,0
2021-04-27,583.7999877929688,583.7999877929688,580.7999877929688,580.7999877929688,23,-0.006160226678127323,585.0,586.8,,0.0041661629232573215,718.05,-0.603448275862069,41.50940861246958,-0.00021550331899955477,-0.004332204329756673,583.2000122070312,0.0041322735270408195,1
2021-04-28,582.0,583.2000122070312,577.2000122070312,583.2000122070312,147,0.0041322735270408195,583.9200073242188,586.8600006103516,,0.004264791406686437,714.8,5.391304347826087,42.59263096621789,-0.00028739969425406464,-0.003380843501747499,584.4000244140625,0.0020576340567792784,1
2021-04-29,583.2000122070312,585.0,582.0,584.4000244140625,710,0.0020576340567792784,583.3200073242188,587.1000030517578,,0.0041645010100278155,738.55,3.8299319727891152,40.384637956735574,0.006372792767143753,0.0035988236598911705,584.4000244140625,0.0,0
2021-04-30,583.2000122070312,585.0,579.0,584.4000244140625,765,0.0,583.4400146484375,587.2800048828125,,0.0041470309667812275,500.7,0.07746478873239426,32.60880141530296,-0.006570513216365037,-0.006554614597398367,584.4000244140625,0.0,0
2021-05-03,584.4000244140625,584.4000244140625,584.4000244140625,584.4000244140625,0,0.0,583.4400146484375,587.3100067138672,,0.003986965525764837,464.85,-1.0,38.46165884602242,0.0021567803508037997,-0.005325565386479547,583.2000122070312,-0.0020534088927091076,0
2021-05-04,583.2000122070312,583.2000122070312,582.5999755859375,583.2000122070312,107,-0.0020534088927091076,583.92001953125,587.2200073242187,,0.0039845319179875344,466.6,inf,29.72979660513684,-0.006169337672248809,-0.01799573975738078,586.2000122070312,0.005144032814140331,1
2021-05-05,583.2000122070312,588.0,581.4000244140625,586.2000122070312,960,0.005144032814140331,584.52001953125,587.2200073242187,,0.004131615423547732,513.75,7.971962616822429,43.243265535045616,0.00031279746965928723,-0.003362257890255016,587.4000244140625,0.0020471036882330207,1
2021-05-06,587.4000244140625,587.4000244140625,587.4000244140625,587.4000244140625,5,0.0020471036882330207,585.12001953125,587.1900085449219,,0.004097887377205961,498.9,-0.9947916666666666,41.66676085629676,0.007985585867032574,0.007537340046588348,586.2000122070312,-0.002042921615858395,0
2021-05-07,585.4199829101562,587.4000244140625,577.2000122070312,586.2000122070312,690,-0.002042921615858395,585.4800170898437,586.9800079345703,,0.004001127691907912,485.65,137.0,39.473761701694784,0.007277991122397465,0.00811439281519144,586.2000122070312,0.0,0
2021-05-10,586.2000122070312,586.2000122070312,586.2000122070312,586.2000122070312,0,0.0,585.8400146484375,586.5900085449218,,0.003705423588986485,420.55,-1.0,45.45460150120991,-0.009902380186043613,-0.025254345102111553,585.0,-0.0020471036882330207,0
2021-05-11,583.2000122070312,585.0,583.2000122070312,585.0,60,-0.0020471036882330207,586.2000122070312,586.3500091552735,,0.003405717126615549,410.05,inf,41.176593784032846,-0.008924752271950998,-0.0013814224998182079,585.0,0.0,0
2021-05-12,585.0,585.0,585.0,585.0,0,0.0,585.960009765625,585.9900085449219,,0.003242101027140967,331.8,-1.0,43.75,-0.021245233032779476,-0.02588295156419118,584.4000244140625,-0.0010255992922008073,0
2021-05-13,584.4000244140625,584.4000244140625,584.4000244140625,584.4000244140625,18,-0.0010255992922008073,585.360009765625,585.7500091552735,,0.0030709703273537918,323.35,inf,51.85194952961876,0.01201251837200945,0.007731331301717326,582.0,-0.004106817785418215,0
2021-05-14,582.5999755859375,582.5999755859375,582.0,582.0,10,-0.004106817785418215,584.5200073242188,585.3000091552734,,0.003063898187470942,289.1,-0.4444444444444444,43.33331072787321,0.015355337359152399,0.022076840957583332,582.5999755859375,0.0010308858864904735,1
2021-05-17,582.0,582.5999755859375,582.0,582.5999755859375,45,0.0010308858864904735,583.8,584.8800079345704,,0.0030859930004630658,247.2,3.5,55.99993489609824,-0.002544523483510863,-0.006066395715141115,583.2000122070312,0.0010299290186037702,1
2021-05-18,582.0,586.2000122070312,582.0,583.2000122070312,1683,0.0010299290186037702,583.4400024414062,584.6400085449219,,0.002929483326351812,323.95,36.4,50.0,-0.00861567834742083,-0.006750724135151098,583.2000122070312,0.0,0
2021-05-19,583.2000122070312,583.2000122070312,583.2000122070312,583.2000122070312,0,0.0,583.0800048828125,584.3700103759766,,0.0029121750138781143,288.55,-1.0,44.999974568814245,-0.0026217825009537954,0.0011482686232568984,584.4000244140625,0.0020576340567792784,1
2021-05-20,583.2000122070312,584.4000244140625,583.2000122070312,584.4000244140625,12,0.0020576340567792784,583.0800048828125,584.2200103759766,,0.00293898257441039,281.0,inf,50.0,0.010757955472233016,0.019343408987298583,584.4000244140625,0.0,0
2021-05-21,584.4000244140625,584.4000244140625,584.4000244140625,584.4000244140625,0,0.0,583.560009765625,584.2500122070312,,0.002593131563819076,264.65,-1.0,50.0,-0.0008187158998508304,-0.00553470450068172,583.2000122070312,-0.0020534088927091076,0
2021-05-24,583.2000122070312,583.2000122070312,582.0,583.2000122070312,13,-0.0020534088927091076,583.6800170898438,584.1900115966797,,0.0026236166331237336,262.4,inf,50.0,0.010194271368004548,0.01681905701890285,583.2000122070312,0.0,0
2021-05-25,583.7999877929688,583.7999877929688,576.0,583.2000122070312,363,0.0,583.6800170898438,584.3100128173828,,0.002202438713409044,279.4,26.923076923076923,35.29422324345673,-0.00221872548981783,0.0013833913012193388,582.5999755859375,-0.0010288693561973927,0
2021-05-26,582.0,583.2000122070312,582.0,582.5999755859375,98,-0.0010288693561973927,583.560009765625,584.2800109863281,,0.0020126877038637784,276.95,-0.7300275482093663,25.000000000000014,0.0019845474111135353,0.003483808324643789,579.5999755859375,-0.005149330802808216,0
2021-05-27,582.0,582.5999755859375,579.0,579.5999755859375,188,-0.005149330802808216,582.6,584.0400085449219,,0.0022470789389152208,250.85,0.9183673469387754,21.052687936009946,0.000524974865435679,-0.003741058814632381,580.2000122070312,0.0010352599143697017,1
2021-05-28,580.2000122070312,581.0999755859375,579.5999755859375,580.2000122070312,157,0.0010352599143697017,581.7599975585938,583.8300079345703,,0.002268836700012511,220.45,-0.16489361702127658,25.00025431056406,0.001788738068438045,0.0031542531169403976,579.4199829101562,-0.001344414478565481,0
2021-06-01,579.4199829101562,579.4199829101562,579.4199829101562,579.4199829101562,5,-0.001344414478565481,581.0039916992188,583.581005859375,,0.0022775668562240296,220.7,-0.9681528662420382,25.906951493972997,-0.0008808568461590172,-0.003324006156704251,582.0,0.0044527582167350754,1
2021-06-02,580.2000122070312,582.0,579.0,582.0,85,0.0044527582167350754,580.7639892578125,583.5210052490235,,0.002487735998275327,219.6,16.0,39.40689655172414,0.0015726001939970757,0.0019529892499856594,579.0,-0.005154639175257714,0
2021-06-03,579.0,582.0,579.0,579.0,42,-0.005154639175257714,580.043994140625,583.1610046386719,584.4870045979818,0.002409774550194872,173.7,-0.5058823529411764,33.695756333802635,-0.0037113639483952188,-0.010405737271721005,584.4000244140625,0.009326467036377295,1
2021-06-04,580.7999877929688,584.4000244140625,580.7999877929688,584.4000244140625,275,0.009326467036377295,581.00400390625,583.0110046386719,584.4870045979818,0.003239797179549912,187.2,5.5476190476190474,56.13497506818026,0.00914587289042501,0.016969715465198876,585.0,0.0010266522259971822,1
2021-06-07,582.0,585.0,582.0,585.0,45,0.0010266522259971822,581.9640014648437,582.9510040283203,584.5270050048828,0.0032231055632012985,154.95,-0.8363636363636364,56.13497506818026,-0.0009701932233501243,0.0029797377288829363,582.0,-0.00512820512820511,0
2021-06-08,583.2000122070312,583.7999877929688,580.2000122070312,582.0,517,-0.00512820512820511,582.4800048828125,582.7410034179687,584.5070048014323,0.003413310148220788,180.8,10.488888888888889,47.26774969079615,0.00021316548797978285,0.0004753525228997635,585.0,0.005154639175257714,1
2021-06-09,583.7999877929688,585.0,583.7999877929688,585.0,17,0.005154639175257714,583.0800048828125,582.7410034179687,584.4870045979818,0.0036000542762617454,178.65,-0.9671179883945842,53.605723969120696,-0.0014919126755557066,0.0002375180245459685,585.47998046875,0.0008204794337607346,1
2021-06-10,585.0,586.7999877929688,583.2000122070312,585.47998046875,675,0.0008204794337607346,584.3760009765625,582.7650024414063,584.495004272461,0.00360465244108788,212.4,38.705882352941174,52.22762180536321,0.004648384877148359,0.010420406732530862,583.7999877929688,-0.002869428045065181,0
2021-06-11,585.0,586.2000122070312,582.0,583.7999877929688,280,-0.002869428045065181,584.2559936523437,582.7350006103516,584.3750040690104,0.003656735629923595,225.5,-0.5851851851851853,48.84252663801731,0.0016524922245406692,0.0026149085203444056,585.0,0.002055519410967932,1
2021-06-14,583.7999877929688,585.0,583.2000122070312,585.0,663,0.002055519410967932,584.2559936523437,582.8850006103515,584.3750040690104,0.003554670343871186,258.15,1.3678571428571429,53.47218461176193,0.002238957866883773,0.009582755904441465,585.0,0.0,0
2021-06-15,586.2000122070312,587.4000244140625,584.4000244140625,585.0,1107,0.0,584.8559936523437,583.0050018310546,584.3350036621093,0.00355042270725847,311.25,0.6696832579185521,53.47218461176193,-0.0018341691233246804,-0.006531014879743835,584.4000244140625,-0.0010255992922008073,0
2021-06-16,586.7999877929688,586.7999877929688,583.7999877929688,584.4000244140625,295,-0.0010255992922008073,584.7359985351562,583.0650024414062,584.3750040690104,0.0035552338710843684,241.85,-0.7335140018066848,53.47231052524995,-0.005583362168830042,-0.0036521941340911246,586.7999877929688,0.004106713344703472,1
2021-06-17,584.4000244140625,587.4000244140625,583.7999877929688,586.7999877929688,263,0.004106713344703472,585.0,583.2450012207031,584.4650034586589,0.0036655041162191137,255.0,-0.1084745762711864,64.21802947139038,-0.00033162951770204785,0.012697535111188207,585.5999755859375,-0.0020450106203045992,0
2021-06-18,586.7999877929688,586.7999877929688,584.4000244140625,585.5999755859375,28,-0.0020450106203045992,585.3599975585937,583.3049987792969,584.5750030517578,0.0036775742057198963,255.8,-0.8935361216730038,60.416602892107576,-0.01670731988666041,-0.007847314194173394,586.7999877929688,0.0020492012586417196,1
2021-06-21,584.4000244140625,587.4000244140625,583.2000122070312,586.7999877929688,155,0.0020492012586417196,585.7199951171875,583.4249969482422,584.7550028483073,0.0037028375522275845,263.55,4.535714285714286,64.0091390648679,0.0143159445955785,0.005049121338166707,585.0,-0.0030674639236765167,0
2021-06-22,584.4000244140625,585.0,584.4000244140625,585.0,5,-0.0030674639236765167,585.7199951171875,583.5149963378906,584.8450032552083,0.0037422155433121315,263.15,-0.967741935483871,55.868559175115934,0.0053461960706966405,0.009321704347789117,584.4000244140625,-0.0010255992922008073,0
2021-06-23,584.4000244140625,585.0,584.4000244140625,584.4000244140625,80,-0.0010255992922008073,585.7199951171875,583.5749969482422,584.8950032552083,0.0037515493633749346,249.0,15.0,61.65812803727481,-0.001205311303686507,0.0004890609275087776,583.2000122070312,-0.0020534088927091076,0
2021-06-24,583.2000122070312,583.2000122070312,583.2000122070312,583.2000122070312,3,-0.0020534088927091076,585.0,583.6049987792969,584.9150034586588,0.003774833888084065,244.25,-0.9625,46.83539413917763,0.005915759498090534,0.006182850619548708,586.2000122070312,0.005144032814140331,1
2021-06-25,583.7999877929688,586.2000122070312,583.7999877929688,586.2000122070312,115,0.005144032814140331,585.1200073242187,583.9350006103516,585.0250040690104,0.003728885050722838,240.6,37.333333333333336,52.8090272916125,0.0035520565193292164,-0.0012290239085315235,583.7999877929688,-0.004094207376466041,0
2021-06-28,583.7999877929688,587.4000244140625,580.2000122070312,583.7999877929688,603,-0.004094207376466041,584.5200073242188,584.1149993896485,585.0750040690104,0.0038691737860253655,262.9,4.243478260869566,54.33524142168752,0.0020159300032134286,0.012161621083729424,585.0,0.002055519410967932,1
2021-06-29,583.7999877929688,585.5999755859375,576.0,585.0,630,0.002055519410967932,584.5200073242188,584.3940002441407,585.095004272461,0.0038670517706546736,294.15,0.04477611940298498,50.0,0.0005380751530430494,0.003618780385680642,585.0,0.0,0
2021-06-30,582.5999755859375,585.0,581.4000244140625,585.0,83,0.0,584.6400024414063,584.5440002441406,585.095004272461,0.0037531819516806444,294.05,-0.8682539682539683,48.70135017306524,0.0008416772066590639,-0.0015775023916140274,586.7999877929688,0.0030769022102030696,1
2021-07-01,584.4000244140625,587.4000244140625,584.4000244140625,586.7999877929688,1240,0.0030769022102030696,585.3599975585937,584.9339996337891,585.1050038655599,0.0035748209059441416,353.95,13.939759036144578,58.064526714401026,0.00553659564244402,0.0003950417609426271,586.7999877929688,0.0,0
2021-07-02,586.7999877929688,586.7999877929688,586.7999877929688,586.7999877929688,0,0.0,585.4799926757812,585.0539978027343,585.0850036621093,0.0029386074215809656,340.2,-1.0,55.172389601551835,0.007643539253548326,0.011478712920286904,586.2000122070312,-0.0010224533033719174,0
2021-07-06,587.4000244140625,587.4000244140625,582.5999755859375,586.2000122070312,8,-0.0010224533033719174,585.9599975585937,585.1139984130859,585.0150034586588,0.002944316463860691,338.35,inf,53.3333785447135,-0.00182147132412247,0.004321848454328592,582.8400268554688,-0.005731807031037484,0
2021-07-07,584.0999755859375,584.0999755859375,582.8400268554688,582.8400268554688,8,-0.005731807031037484,585.5280029296875,585.1559997558594,584.82900390625,0.0030033013611604356,312.9,0.0,46.24277116757955,0.003534055863952723,0.0021100245994436495,582.8400268554688,0.0,0
2021-07-08,582.8400268554688,582.8400268554688,582.8400268554688,582.8400268554688,0,0.0,585.0960083007812,585.0480010986328,584.7130045572917,0.0027555244599106413,312.05,-1.0,39.21578404973239,-0.008147995435639044,-0.006039681727753932,585.0,0.003705945105014097,1
2021-07-09,583.2000122070312,585.0,582.0,585.0,92,0.003705945105014097,584.7360107421875,585.0240020751953,584.5930043538411,0.0028833129591023187,282.9,inf,48.447263835621634,0.010674778247933281,0.006243612399441156,585.5999755859375,0.0010255992922008073,1
2021-07-12,584.0999755859375,585.5999755859375,579.5999755859375,585.5999755859375,340,0.0010255992922008073,584.4960083007812,585.1140014648438,584.5330037434895,0.002812610055742211,285.9,2.6956521739130435,46.79482372427105,0.003581919539736189,0.0039057190215439075,585.5999755859375,0.0,0
2021-07-13,585.5999755859375,585.5999755859375,585.5999755859375,585.5999755859375,0,0.0,584.3760009765625,585.1440002441407,584.4430033365885,0.0027769407621425395,252.75,-1.0,51.77298568625188,-0.0034089646750015135,0.0,584.4000244140625,-0.00204909703193612,0
2021-07-14,585.5999755859375,586.2000122070312,584.4000244140625,584.4000244140625,47,-0.00204909703193612,584.6880004882812,585.1140014648438,584.3330037434896,0.002816591108966443,199.75,inf,50.0,0.0014922149313552069,0.0017934823475580508,584.4000244140625,0.0,0
2021-07-15,584.4000244140625,584.4000244140625,584.4000244140625,584.4000244140625,0,0.0,585.0,585.1140014648438,584.2730041503906,0.0028071673732404374,185.0,-1.0,53.676533836976645,-0.0034155287633637066,-0.007023489297119823,581.4000244140625,-0.0051334700114153975,0
2021-07-16,581.4000244140625,581.4000244140625,581.4000244140625,581.4000244140625,3,-0.0051334700114153975,584.2800048828125,584.8440032958985,584.1530049641927,0.002856305421249559,172.0,inf,35.2940516483722,-0.007843596692603483,-0.008099364804001197,585.5999755859375,0.00722385792141611,1
2021-07-19,582.0,585.5999755859375,581.4000244140625,585.5999755859375,650,0.00722385792141611,584.2800048828125,584.8440032958985,584.1230041503907,0.003302413817068299,203.1,215.66666666666666,54.9669052631579,-0.014767921294730924,-0.00819349168280803,585.5999755859375,0.0,0
2021-07-20,585.5999755859375,585.5999755859375,585.5999755859375,585.5999755859375,0,0.0,584.2800048828125,584.7840026855469,584.1530039469401,0.0032672605295440533,195.35,-1.0,51.77299847771037,0.014330414665499891,0.011616417969394943,585.5999755859375,0.0,0
2021-07-21,585.5999755859375,585.5999755859375,585.5999755859375,585.5999755859375,0,0.0,584.5199951171875,584.8140014648437,584.173003133138,0.0031916161181982086,195.1,,51.77299847771037,0.008096298088761111,0.007720362740605946,580.7999877929688,-0.008196700807861168,0
2021-07-22,581.4000244140625,581.4000244140625,580.7999877929688,580.7999877929688,3,-0.008196700807861168,583.7999877929688,584.633999633789,584.173003133138,0.0036843133683347098,191.25,inf,34.93960767972153,0.00209412884057647,0.006610285055249188,581.4000244140625,0.0010331209258007679,1
2021-07-23,582.0,583.7999877929688,580.7999877929688,581.4000244140625,170,0.0010331209258007679,583.7999877929688,584.5440002441406,584.1430033365885,0.003671732583022078,199.6,55.666666666666664,36.84208960817615,0.010287996771777497,0.011677427826496167,585.5999755859375,0.00722385792141611,1
2021-07-26,584.4000244140625,585.5999755859375,583.2000122070312,585.5999755859375,312,0.00722385792141611,583.7999877929688,584.5139984130859,584.1630025227864,0.003854414768454703,209.45,0.8352941176470587,48.756133296556754,0.002454849675574744,0.0007875557244161335,584.4000244140625,-0.00204909703193612,0
2021-07-27,581.4000244140625,584.4000244140625,581.4000244140625,584.4000244140625,57,-0.00204909703193612,583.5599975585938,584.5440002441406,584.1630025227864,0.003767460831509801,182.15,-0.8173076923076923,53.55194294433682,-0.00455756949371422,-0.011017931738149578,584.4000244140625,0.0,0
2021-07-28,584.4000244140625,584.4000244140625,584.4000244140625,584.4000244140625,0,0.0,583.3200073242188,584.5140014648438,584.1630025227864,0.003738026013160608,150.65,-1.0,53.55194294433682,-0.0004100662612578354,0.0038415990028841662,582.0,-0.004106817785418215,0
2021-07-29,582.0,583.2000122070312,582.0,582.0,1015,-0.004106817785418215,583.560009765625,584.3640014648438,584.1430023193359,0.003846664354835118,197.25,inf,43.2431912284657,0.00414740874577646,0.0017768483665132617,588.0,0.010309278350515427,1
2021-07-30,582.0,588.0,582.0,588.0,1233,0.010309278350515427,584.8800048828125,584.4240020751953,584.1730021158854,0.004465979822356903,196.9,0.21477832512315276,54.34789339136127,-0.004856426098946209,-0.005211753997083957,586.2000122070312,-0.003061203729538664,0
2021-08-02,583.2000122070312,586.2000122070312,583.2000122070312,586.2000122070312,190,-0.003061203729538664,585.0000122070312,584.3940032958984,584.1530019124349,0.004522111095913681,206.4,-0.845904298459043,51.02047595222624,-0.0020980443028566498,8.228537371213207e-05,586.2000122070312,0.0,0
2021-08-03,582.0,586.2000122070312,582.0,586.2000122070312,808,0.0,585.360009765625,584.3940032958984,584.1530019124349,0.004516212696544895,246.4,3.2526315789473683,53.19148015159288,0.008135463763766726,0.006061413653544179,586.2000122070312,0.0,0
2021-08-04,582.0,586.2000122070312,582.0,586.2000122070312,212,0.0,585.7200073242187,584.5620025634765,584.1530019124349,0.004309842968364332,256.6,-0.7376237623762376,53.19148015159288,-0.004918923133127029,0.0014448864066531897,582.0,-0.007164810848806158,0
2021-08-05,582.5999755859375,586.2000122070312,582.0,582.0,12015,-0.007164810848806158,585.7200073242187,584.5200012207031,584.1030019124349,0.004622219316082886,857.35,55.674528301886795,51.02037003205395,0.006332859605726826,0.006342944174531295,583.2000122070312,0.00206187664438362,1
2021-08-06,582.0,583.2000122070312,582.0,583.2000122070312,117,0.00206187664438362,584.760009765625,584.4300018310547,584.0730021158854,0.004565959208296268,858.6,-0.9902621722846442,45.45460850748029,0.0016524367362660275,-0.004382356090352202,583.7999877929688,0.0010287647005817746,1
2021-08-09,582.5999755859375,586.7999877929688,582.0,583.7999877929688,1413,0.0010287647005817746,584.2800048828125,584.3400024414062,584.0630015055339,0.004566001945292105,912.25,11.076923076923077,46.66668173710969,-0.0008135446213638486,0.0018476381358878413,585.5999755859375,0.0030832268424216824,1
2021-08-10,582.5999755859375,586.7999877929688,582.5999755859375,585.5999755859375,175,0.0030832268424216824,584.1599975585938,584.3400024414062,584.1230010986328,0.004622816298885035,921.0,-0.8761500353857041,50.0,0.001243950392180615,-0.005125741306984621,584.4000244140625,-0.00204909703193612,0
2021-08-11,582.5999755859375,584.4000244140625,582.5999755859375,584.4000244140625,87,-0.00204909703193612,583.8,584.3400024414062,584.1530019124349,0.004622816298885035,923.0,-0.5028571428571429,57.14296094459582,0.002484878742467389,-0.0017173832981729475,585.0,0.0010266522259971822,1
2021-08-12,582.5999755859375,585.0,582.5999755859375,585.0,127,0.0010266522259971822,584.4,584.3700012207031,584.1830017089844,0.004628394487514524,929.35,0.45977011494252884,57.14285714285714,0.0029969502364324274,0.003604509311649018,585.0,0.0,0
2021-08-13,583.7999877929688,586.7999877929688,583.7999877929688,585.0,23,0.0,584.7599975585938,584.55,584.2130015055338,0.0044645822965814624,930.35,-0.8188976377952756,48.57147839633555,0.0018198380239258238,0.0035099408189984693,584.4000244140625,-0.0010255992922008073,0
2021-08-16,580.7999877929688,585.0,580.7999877929688,584.4000244140625,45,-0.0010255992922008073,584.8800048828125,584.4900024414062,584.2130015055338,0.004163952537613575,900.1,0.9565217391304348,50.0,0.002354655008411921,0.00043382587422580166,586.7999877929688,0.004106713344703472,1
2021-08-17,584.4000244140625,587.4000244140625,584.4000244140625,586.7999877929688,295,0.004106713344703472,585.1200073242187,584.5500030517578,584.2530008951823,0.0042687857592329775,914.85,5.555555555555555,55.26310858164704,-0.00655523338877162,-0.00880806521554478,586.7999877929688,0.0,0
2021-08-18,586.7999877929688,586.7999877929688,586.7999877929688,586.7999877929688,0,0.0,585.6,584.6100036621094,584.3130004882812,0.0042687857592329775,914.85,-1.0,61.7647674811732,-0.01094499544098837,-0.009624639557899384,586.7999877929688,0.0,0
2021-08-19,586.7999877929688,586.7999877929688,586.7999877929688,586.7999877929688,2,0.0,585.9599975585937,584.9100036621094,584.3730000813802,0.003796557329794744,914.8,inf,45.83324502918276,0.0015483234371362897,0.004831451481970062,586.7999877929688,0.0,0
2021-08-20,586.7999877929688,586.7999877929688,586.7999877929688,586.7999877929688,0,0.0,586.3199951171875,585.1800018310547,584.4430002848308,0.0037962487437628967,906.3,-1.0,52.38088317929044,0.00795707751684338,0.010358335036161126,586.7999877929688,0.0,0
2021-08-23,586.7999877929688,586.7999877929688,586.7999877929688,586.7999877929688,0,0.0,586.7999877929688,585.2400024414062,584.5630004882812,0.003447378409751734,890.7,,52.38088317929044,0.008796518727259395,0.014956625338377716,586.7999877929688,0.0,0
2021-08-24,586.7999877929688,586.7999877929688,586.7999877929688,586.7999877929688,0,0.0,586.7999877929688,585.3600006103516,584.6730000813802,0.003410144462466806,887.85,,52.38088317929044,0.0015874244054374653,0.0030543742392170614,586.7999877929688,0.0,0
2021-08-25,585.239990234375,586.7999877929688,585.239990234375,586.7999877929688,208,0.0,586.7999877929688,585.4799987792969,584.7960001627604,0.003410144462466806,898.25,inf,78.57189568604085,0.0020983602447592897,0.0011485767593277796,586.7999877929688,0.0,0
2021-08-26,586.7999877929688,586.7999877929688,586.7999877929688,586.7999877929688,0,0.0,586.7999877929688,585.7199981689453,584.8759999593099,0.0032566920342026527,847.5,-1.0,75.00042386531256,-0.005903174076911433,-0.006349985172755757,586.7999877929688,0.0,0
2021-08-27,586.7999877929688,586.7999877929688,586.7999877929688,586.7999877929688,0,0.0,586.7999877929688,585.6599975585938,585.0059997558594,0.0022767997730824847,785.85,,72.72777716124736,0.008940954033659798,0.00972019490539533,586.7999877929688,0.0,0
2021-08-30,582.5999755859375,586.7999877929688,582.5999755859375,586.7999877929688,8,0.0,586.7999877929688,585.6899963378906,585.0459991455078,0.0021675022516463634,776.75,inf,62.500476850497826,0.004397581313332788,0.011222213394346925,582.5999755859375,-0.007157485164285826,0
2021-08-31,584.4000244140625,584.4000244140625,582.5999755859375,582.5999755859375,1095,-0.007157485164285826,585.9599853515625,585.5099945068359,585.0059987386068,0.002701808284418933,791.1,135.875,38.46111711034947,-0.0014815766566952382,-0.0008152252422883866,582.9600219726562,0.0006179993165236208,1
2021-09-01,582.9600219726562,582.9600219726562,582.9600219726562,582.9600219726562,10,0.0006179993165236208,585.1919921875,585.3479949951172,585.0219991048177,0.00270899831721474,781.0,-0.9908675799086758,36.5080774726916,0.0005314692082392103,0.0016580453875367773,584.0999755859375,0.0019554576134119817,1
2021-09-02,583.7999877929688,584.4000244140625,583.2000122070312,584.0999755859375,460,0.0019554576134119817,584.6519897460937,585.452993774414,585.0069986979166,0.0022094949679183963,203.25,45.0,44.82741686544127,0.0030766150641741152,-0.00047294309246892485,586.2000122070312,0.0035953376286090855,1
2021-09-03,583.7999877929688,586.7999877929688,583.2000122070312,586.2000122070312,815,0.0035953376286090855,584.5319946289062,585.602993774414,585.018999226888,0.0023027849253800074,238.15,0.7717391304347827,58.823459013744866,-0.0002427588175996087,0.003075745127516294,585.5999755859375,-0.0010236039041259248,0
2021-09-07,588.0,588.0,585.2999877929688,585.5999755859375,3407,-0.0010236039041259248,584.2919921875,585.6929931640625,585.0489990234375,0.0023123908614823153,337.85,3.1803680981595095,42.857142857142854,-0.003575516829695813,0.0014151479858974803,586.7999877929688,0.0020492012586417196,1
2021-09-08,585.5999755859375,588.0,585.0,586.7999877929688,4273,0.0020492012586417196,585.1319946289062,585.7529937744141,585.078998819987,0.0022543404313766515,542.75,0.25418256530672156,50.0,-0.0012182425981892564,-0.0034806380970179296,585.5999755859375,-0.0020450106203045992,0
2021-09-09,585.5999755859375,588.0,585.0,585.5999755859375,827,-0.0020450106203045992,585.6599853515625,585.8129913330079,585.088998413086,0.002254135117693572,579.75,-0.8064591621811373,44.444444444444436,-0.004280217028024724,-0.0034403003382355024,586.7999877929688,0.0020492012586417196,1
2021-09-10,585.5999755859375,588.0,585.5999755859375,586.7999877929688,243,0.0020492012586417196,586.1999877929687,585.9029907226562,585.1289978027344,0.0022874900902899744,585.55,-0.7061668681983071,50.0,-0.007884557125706126,-0.0075895456124276395,586.7999877929688,0.0,0
2021-09-13,585.5999755859375,587.4000244140625,585.5999755859375,586.7999877929688,398,0.0,586.3199829101562,585.9929901123047,585.1289978027344,0.0022874900902899744,604.3,0.6378600823045268,50.0,0.0025592316015876637,-0.0006904319502732958,586.2000122070312,-0.0010224533033719174,0
2021-09-14,588.0,588.0,583.2000122070312,586.2000122070312,580,-0.0010224533033719174,586.439990234375,586.0829895019531,585.1389984130859,0.002287404659625377,631.05,0.4572864321608041,47.619162952916106,-0.005396509510041114,-0.002843187746972564,588.0,0.0030706034723402276,1
2021-09-15,590.4000244140625,590.4000244140625,588.0,588.0,172,0.0030706034723402276,586.6799926757812,586.1429901123047,585.1589986165365,0.0022034164600823053,624.9,-0.703448275862069,54.16668432719736,0.008352638275707758,0.007434786427379381,585.5999755859375,-0.0040816741735756334,0
2021-09-16,587.4000244140625,587.4000244140625,585.5999755859375,585.5999755859375,16670,-0.0040816741735756334,586.6799926757812,586.0829895019531,585.1689982096354,0.0023943536812800754,1458.4,95.9186046511628,46.42855845349551,-0.0015852269521696716,0.0006877655707462349,587.4000244140625,0.0030738540013153237,1
2021-09-17,587.4000244140625,587.4000244140625,587.4000244140625,587.4000244140625,2,0.0030738540013153237,586.8,586.1129913330078,585.2189982096354,0.0024975172284692443,1458.4,-0.9998800239952009,51.61298790792302,-0.012903413372959749,-0.011842169160846017,587.4000244140625,0.0,0
2021-09-20,587.4000244140625,587.4000244140625,587.4000244140625,587.4000244140625,0,0.0,586.9200073242188,586.1429931640625,585.2889984130859,0.0024975172284692443,1458.4,-1.0,51.61298790792302,-0.016674185440266553,-0.021747785510146,588.0,0.0010214088542743749,1
2021-09-21,588.8400268554688,588.8400268554688,587.5800170898438,588.0,13,0.0010214088542743749,587.2800048828125,586.202993774414,585.3189982096354,0.0025067793146860036,1459.05,inf,67.99993489636316,-0.0009446218183523092,0.0012304667061329155,588.0,0.0,0
2021-09-22,588.0,589.2000122070312,588.0,588.0,720,0.0,587.2800048828125,586.2629943847656,585.3889984130859,0.0025067793146860036,1495.05,54.38461538461539,67.21295072603945,0.00975481498309394,0.009340471076728418,588.0,0.0,0
2021-09-23,588.0,588.0,588.0,588.0,3,0.0,587.760009765625,586.3229949951171,585.438998413086,0.0025067793146860036,1484.8,-0.9958333333333333,64.44440425705062,0.012150019417616509,0.009226949142325358,588.0,0.0,0
2021-09-24,588.0,588.0,588.0,588.0,0,0.0,587.8800048828125,586.3829956054688,585.4889984130859,0.0025067793146860036,1484.8,-1.0,57.89462412798012,0.0016472110618543923,0.0009383226329260363,589.2000122070312,0.0020408370867879277,1
2021-09-27,588.0,589.2000122070312,588.0,589.2000122070312,127,0.0020408370867879277,588.2400024414062,586.5029968261719,585.528998819987,0.002543542067296883,1491.15,inf,65.00007629355727,-0.002860915508086981,-0.007982162097694645,589.2000122070312,0.0,0
2021-09-28,589.2000122070312,589.2000122070312,589.2000122070312,589.2000122070312,10,0.0,588.4800048828125,586.622998046875,585.568999226888,0.002543542067296883,1491.25,-0.9212598425196851,61.11117390419784,-0.02015184604315312,-0.028297585563962113,589.2000122070312,0.0,0
2021-09-29,588.5999755859375,589.2000122070312,588.5999755859375,589.2000122070312,5,0.0,588.7200073242187,586.9529998779296,585.618999226888,0.0018661192085293197,1436.75,-0.5,68.7501192088348,0.001683138855191224,-0.0016394707697108268,591.0,0.003054969035432231,1
2021-09-30,589.2000122070312,591.0,589.2000122070312,591.0,337,0.003054969035432231,589.3200073242188,587.3549987792969,585.7549987792969,0.0019475427241771683,1453.1,66.4,70.58827049312757,-0.01222234413487222,-0.003674035094365591,589.7999877929688,-0.00203047750766705,0
2021-10-01,589.2000122070312,591.0,589.2000122070312,589.7999877929688,27,-0.00203047750766705,589.6800048828125,587.6399993896484,585.8709981282552,0.0020137174297601584,1431.45,-0.9198813056379822,63.15786655815996,0.0118841762871158,0.006201813816340218,588.0,-0.00305186136016089,0
2021-10-04,588.0,588.0,588.0,588.0,3,-0.00305186136016089,589.4400024414062,587.7299987792969,585.9209981282552,0.002022332148161084,1390.85,-0.8888888888888888,57.14278794220084,-0.01289603839322806,-0.020989498895900516,589.7999877929688,0.003061203729538775,1
2021-10-05,590.4000244140625,590.4000244140625,588.5999755859375,589.7999877929688,1368,0.003061203729538775,589.5599975585938,587.9399993896484,585.9909983317058,0.00210171996386589,1288.9,455.0,57.14278794220084,0.010404981575824479,0.013498978593210698,589.7999877929688,0.0,0
2021-10-06,588.5999755859375,589.7999877929688,588.5999755859375,589.7999877929688,10673,0.0,589.6799926757812,588.0899993896485,586.0609985351563,0.00206463272267458,1608.9,6.801900584795321,70.58827049312757,0.004156055801436631,0.0064077690795061315,589.2000122070312,-0.001017252625220677,0
2021-10-07,588.5999755859375,589.7999877929688,586.2000122070312,589.2000122070312,385,-0.001017252625220677,589.3199951171875,588.2700012207031,586.1409983317058,0.0020165505739567365,1586.8,-0.9639276679471563,60.0,0.008645688246479821,0.009175042871990113,589.2000122070312,0.0,0
2021-10-08,589.2000122070312,589.2000122070312,589.2000122070312,589.2000122070312,0,0.0,589.2,588.3900024414063,586.2209981282552,0.001975080036147054,1574.65,-1.0,60.0,-0.001823777649815339,-0.0049866312711974725,589.2000122070312,0.0,0
2021-10-11,589.2000122070312,589.2000122070312,589.2000122070312,589.2000122070312,0,0.0,589.4400024414062,588.5100036621094,586.3509979248047,0.001975080036147054,1554.75,,57.14296094459582,-0.007239718211772717,-0.007669700369876464,589.2000122070312,0.0,0
2021-10-12,589.2000122070312,589.2000122070312,589.2000122070312,589.2000122070312,0,0.0,589.3200073242188,588.6600036621094,586.4109985351563,0.001954738318056322,1525.75,,57.14296094459582,-0.0024615411401438525,-0.003487820388149432,589.7999877929688,0.0010182884818521476,1
2021-10-13,588.0,589.7999877929688,588.0,589.7999877929688,5138,0.0010182884818521476,589.3200073242188,588.7500030517579,586.4809987386068,0.0018503479372598327,1774.05,inf,60.0,0.00359761444619755,0.008008022720102703,588.5999755859375,-0.002034608734940324,0
2021-10-14,588.5999755859375,588.5999755859375,588.5999755859375,588.5999755859375,1668,-0.002034608734940324,589.2,588.9000030517578,586.5309987386067,0.0016493955524384538,1023.95,-0.6753600622810432,52.94107087292659,0.01682064306130071,0.018416680230034732,589.2000122070312,0.001019430251413933,1
2021-10-15,589.7999877929688,590.4000244140625,589.2000122070312,589.2000122070312,1712,0.001019430251413933,589.2,588.9900024414062,586.6709991455078,0.001523922588226584,1109.45,0.026378896882494063,50.0,0.007615808174435079,0.006300623320047327,589.2000122070312,0.0,0
2021-10-18,589.2000122070312,589.2000122070312,589.2000122070312,589.2000122070312,0,0.0,589.2,589.0800018310547,586.8009989420573,0.001523922588226584,1109.45,-1.0,50.0,0.0029605206420579844,0.010055812409952347,586.7999877929688,-0.004073361107160278,0
2021-10-19,587.4000244140625,589.2000122070312,586.7999877929688,586.7999877929688,97,-0.004073361107160278,588.7199951171875,589.0200012207031,586.8209991455078,0.0017762437861619123,1113.65,inf,39.999898274739586,0.007714868821297793,0.007567442292786053,588.0,0.0020450106203047103,1
2021-10-20,589.7999877929688,589.7999877929688,587.4000244140625,588.0,17,0.0020450106203047103,588.3599975585937,589.0200012207031,586.8809987386068,0.0018400570531785221,1078.5,-0.8247422680412371,36.84213344184005,0.003927722696912994,-0.0013050050144671754,588.5999755859375,0.0010203666427508473,1
2021-10-21,588.1199951171875,589.2000122070312,588.1199951171875,588.5999755859375,587,0.0010203666427508473,588.3599975585937,589.05,586.9509979248047,0.0018541020890945187,1107.7,33.529411764705884,44.44438165100284,0.0026082373648450563,0.006106933597127773,590.4000244140625,0.003058187058762707,1
2021-10-22,589.7999877929688,590.4000244140625,587.4000244140625,590.4000244140625,180,0.003058187058762707,588.6,589.1700012207032,587.0909983317057,0.0019718971823862153,1116.7,-0.6933560477001703,61.11117390419784,-0.001036180745822679,-0.008402425325279128,591.0,0.0010162187688473878,1
2021-10-25,588.0,591.0,588.0,591.0,13,0.0010162187688473878,588.9599975585937,589.2600006103515,587.1409983317058,0.001934664080504285,1111.0,-0.9277777777777778,56.250039736278275,0.005362801690428132,0.010237868243193393,591.0,0.0,0
2021-10-26,590.4000244140625,591.0,590.4000244140625,591.0,97,0.0,589.8,589.35,587.2209981282552,0.001934664080504285,1115.35,6.461538461538462,56.250039736278275,0.0009000190387353779,0.003148737767492138,591.0,0.0,0
2021-10-27,591.0,591.0,591.0,591.0,0,0.0,590.4,589.4399993896484,587.3009979248047,0.001934664080504285,1115.1,-1.0,59.99986436723926,-0.004430189164679965,0.0023211777119285237,589.7999877929688,-0.00203047750766705,0
2021-10-28,588.0,589.7999877929688,588.0,589.7999877929688,213,-0.00203047750766705,590.6400024414063,589.3799987792969,587.3609975179037,0.0018663490697901376,1108.9,inf,52.941035675391035,0.00964886297584644,0.011105266370271316,589.7999877929688,0.0,0
2021-10-29,588.0,590.4000244140625,588.0,589.7999877929688,1047,0.0,590.5199951171875,589.3799987792969,587.4909973144531,0.0018101889611840541,1159.9,3.915492957746479,52.941035675391035,0.0020291339259019825,0.004919015472528043,591.0,0.002034608734940324,1
2021-11-01,589.7999877929688,591.0,589.2000122070312,591.0,1033,0.002034608734940324,590.5199951171875,589.5299987792969,587.6209971110026,0.001713341181133354,1211.4,-0.013371537726838634,57.89462412798012,0.0017202145779464662,0.0034187339729554456,591.0,0.0,0
2021-11-02,594.0,594.0,589.7999877929688,591.0,118,0.0,590.5199951171875,589.5899993896485,587.7409973144531,0.0015811772990769796,1148.9,-0.8857696030977735,55.55555555555556,0.004043094767878008,0.0041813879870244985,589.7999877929688,-0.00203047750766705,0
2021-11-03,589.7999877929688,591.0,589.2000122070312,589.7999877929688,1987,-0.00203047750766705,590.2799926757813,589.5899993896485,587.8109975179036,0.0016517384442906497,714.6,15.838983050847457,55.55555555555556,0.006105233516956243,0.010615614991383193,597.5999755859375,0.013224801550363319,1
2021-11-04,613.2000122070312,613.2000122070312,595.2000122070312,597.5999755859375,128988,0.013224801550363319,591.839990234375,590.0099975585938,588.0309967041015,0.0033679479277519517,7144.75,63.91595369904378,73.33315248903914,0.004712520303954415,0.012818578358024135,596.4000244140625,-0.002007950503509437,0
2021-11-05,596.4000244140625,598.7999877929688,595.2000122070312,596.4000244140625,3325,-0.002007950503509437,593.1599975585938,590.3699981689454,588.2209971110026,0.003419861530121337,7311.0,-0.9742224082860421,68.75001986820229,0.0034696089278050124,0.0009542586551343213,597.0,0.0010059952404042338,1
2021-11-08,598.2000122070312,598.2000122070312,595.7999877929688,597.0,11315,0.0010059952404042338,594.3599975585937,590.7599975585938,588.4209971110026,0.0034177684013480215,7876.75,2.4030075187969926,79.31044159379265,0.0008537209944432522,-0.0013547630121752974,595.7999877929688,-0.0020100706985447525,0
2021-11-09,598.7999877929688,598.7999877929688,595.7999877929688,595.7999877929688,6308,-0.0020100706985447525,595.3199951171875,591.0899963378906,588.610996500651,0.0034674927031452187,8192.15,-0.4425099425541317,72.41380519922409,-0.003305371414023428,-0.0068833599235795795,594.5999755859375,-0.002014119220573485,0
2021-11-10,595.2000122070312,597.0,594.0,594.5999755859375,4317,-0.002014119220573485,596.2799926757813,591.3299957275391,588.7409962972005,0.0035125329264694707,8151.1,-0.3156309448319594,66.66666666666666,-0.008044866546158214,-0.014696947918016012,594.5999755859375,0.0,0
2021-11-11,595.2000122070312,595.7999877929688,594.5999755859375,594.5999755859375,165,0.0,595.6799926757812,591.629995727539,588.87099609375,0.0034671395604067875,8075.95,-0.9617790132036136,62.962851329967606,0.0003235276693500655,0.0027726798931699825,594.0,-0.001009040717410481,0
2021-11-12,594.0,595.2000122070312,594.0,594.0,348,-0.001009040717410481,595.1999877929687,591.8699951171875,588.9909962972005,0.003481183304191455,8007.75,1.109090909090909,59.2592871675081,0.007546844519723317,0.010522583547134978,594.0,0.0,0
2021-11-15,594.2999877929688,594.780029296875,593.4000244140625,594.0,223,0.0,594.5999877929687,592.109994506836,589.110996500651,0.003481183304191455,8018.9,-0.3591954022988506,59.2592871675081,0.00034242229518555156,-0.00022808931513673691,595.2000122070312,0.002020222570759733,1
2021-11-16,593.4600219726562,595.739990234375,592.7999877929688,595.2000122070312,1908,0.002020222570759733,594.4799926757812,592.529995727539,589.2509969075521,0.0033314428349126616,8109.45,7.5560538116591935,62.069025996120395,0.003957824984497371,0.007121026280336951,594.0,-0.0020161495000337037,0
2021-11-17,593.4000244140625,594.5999755859375,593.4000244140625,594.0,325,-0.0020161495000337037,594.3599975585937,592.8299957275391,589.3709971110026,0.0033697318846324736,8124.85,-0.829664570230608,62.069025996120395,-0.002429219514628267,0.0005283867142646947,594.0,0.0,0
2021-11-18,594.47998046875,594.5999755859375,593.4000244140625,594.0,112,0.0,594.2400024414062,593.0999969482422,589.4909973144531,0.0033693718998924656,8101.1,-0.6553846153846155,62.069025996120395,0.0033964119454403807,0.010361378836091006,594.5999755859375,0.0010100599089857276,1
2021-11-19,595.2000122070312,595.2000122070312,594.5399780273438,594.5999755859375,403,0.0010100599089857276,594.3599975585937,593.3099945068359,589.6209971110026,0.003317033172185772,8112.25,2.5982142857142856,60.71425976385105,-0.0017882535035962377,0.0055755824128811415,594.5999755859375,0.0,0
2021-11-22,595.2000122070312,595.2000122070312,593.4000244140625,594.5999755859375,120,0.0,594.4799926757812,593.4899932861329,589.7509969075521,0.003314229019708406,8117.6,-0.7022332506203475,60.71425976385105,-0.0028151747381706116,-0.01160920457134429,594.0,-0.001009040717410481,0
2021-11-23,595.2000122070312,595.2000122070312,592.7999877929688,594.0,163,-0.001009040717410481,594.239990234375,593.6399932861328,589.8709971110026,0.003326834641986399,8120.9,0.3583333333333334,62.963088550555916,0.0013259941986774049,-0.00455791851309606,594.0,0.0,0
2021-11-24,594.0,594.5999755859375,594.0,594.0,820,0.0,594.239990234375,593.7899932861328,590.0609975179036,0.003326834641986399,8161.9,4.030674846625767,28.571324768935654,0.00266985624101701,0.0032202846531090845,594.0,0.0,0
2021-11-26,592.2000122070312,594.5999755859375,591.5999755859375,594.0,212,0.0,594.239990234375,593.9999938964844,590.2449971516927,0.003284015040256923,8161.85,-0.7414634146341463,33.3330507612492,-0.022303172218498646,-0.0189587656070056,594.5999755859375,0.0010100599089857276,1
2021-11-29,594.5999755859375,595.2000122070312,594.5999755859375,594.5999755859375,1608,0.0010100599089857276,594.239990234375,594.2399932861329,590.4199971516927,0.003285954359455819,8189.9,6.584905660377358,33.3330507612492,0.012266607551340236,0.021702428347271985,594.0,-0.001009040717410481,0
2021-11-30,594.0,594.0,594.0,594.0,203,-0.001009040717410481,594.1199951171875,594.3899932861328,590.5499969482422,0.0032772442408647456,8148.4,-0.8737562189054726,36.36355229208474,-0.019457616070086114,-0.014686369639801078,593.4000244140625,-0.0010100599089857276,0
2021-12-01,592.3200073242188,594.0,592.3200073242188,593.4000244140625,282,-0.0010100599089857276,594.0,594.5099945068359,590.6799977620443,0.0032891944110012253,8156.6,0.38916256157635476,40.00020345466014,-0.011107203410551714,-0.01701287918954142,592.7999877929688,-0.0010111840182114307,0
2021-12-02,591.5999755859375,594.0,591.1199951171875,592.7999877929688,287,-0.0010111840182114307,593.7599975585938,594.6599945068359,590.7799977620442,0.0032604598324622535,8071.6,0.01773049645390068,36.36355229208474,0.015316301657013032,0.007207089739906802,592.2000122070312,-0.0010121045855132627,0
2021-12-03,592.2000122070312,592.7999877929688,591.0,592.2000122070312,865,-0.0010121045855132627,593.4,594.3899963378906,590.8899983723958,0.0011549148071150206,1665.45,2.013937282229965,36.36355229208474,-0.008701312903057756,-0.01738862485090875,591.0,-0.0020263630231263097,0
2021-12-06,591.0,591.239990234375,591.0,591.0,65,-0.0020263630231263097,592.6800048828125,594.1199951171875,590.9599985758464,0.0011562260465577546,1502.45,-0.9248554913294798,30.76905019014977,0.01184331295081531,0.008012965012118567,591.0,0.0,0
2021-12-07,590.4000244140625,592.2000122070312,589.9199829101562,591.0,1752,0.0,592.0800048828125,593.8199951171875,591.0299987792969,0.001110338006197981,1024.3,25.953846153846154,18.181313752508487,0.020684823247291373,0.03011386327714538,591.5999755859375,0.0010151871166454995,1
2021-12-08,591.0,592.5,591.0,591.5999755859375,23,0.0010151871166454995,591.7199951171875,593.609994506836,591.1199981689454,0.0011004376412793264,710.05,-0.9868721461187214,29.999389636019615,0.0026479675356780863,0.004474270013262505,593.4000244140625,0.003042679010157423,1
2021-12-09,592.2000122070312,594.0,592.2000122070312,593.4000244140625,1283,0.003042679010157423,591.8400024414062,593.5499969482422,591.2099985758464,0.0012670282447679315,558.35,54.78260869565217,46.15396653990015,-0.006751539837133391,-0.0147142828777449,592.6199951171875,-0.0013145083666709079,0
2021-12-10,592.260009765625,592.6199951171875,592.260009765625,592.6199951171875,8,-0.0013145083666709079,591.9239990234375,593.4509979248047,591.3269989013672,0.0012953328613762361,550.5,-0.9937646141855028,37.59407697485162,0.009413496458462456,0.010870390013133946,591.5999755859375,-0.001721203367510915,0
2021-12-13,591.0,594.0,591.0,591.5999755859375,235,-0.001721203367510915,592.043994140625,593.3309967041016,591.3969980875651,0.001329077427427026,544.85,28.375,33.33333333333333,-0.008858357047762389,-0.0144468728396705,591.0,-0.0010141575569594385,0
2021-12-14,591.0,591.5999755859375,590.4000244140625,591.0,16888,-0.0010141575569594385,592.043994140625,593.1809967041015,591.456997680664,0.0013402813336938345,1378.1,70.86382978723404,33.33333333333333,-0.006880043556733884,-0.0103502713952911,591.0,0.0,0
2021-12-15,591.0,591.5999755859375,591.0,591.0,135,0.0,591.9239990234375,592.97099609375,591.5069976806641,0.0012317304614200266,1289.45,-0.9920061582188536,33.33333333333333,0.015625045279773042,0.022797463440618726,591.0,0.0,0
2021-12-16,589.7999877929688,592.7999877929688,589.7999877929688,591.0,50,0.0,591.443994140625,592.82099609375,591.556997680664,0.0011694018496703912,1275.7,-0.6296296296296297,33.33333333333333,-0.00881851645274212,-0.02571462478019737,591.0,0.0,0
2021-12-17,591.0,591.5999755859375,591.0,591.0,252,0.0,591.1199951171875,592.67099609375,591.6069976806641,0.0011694018496703912,1282.7,4.04,28.57163617339748,-0.014106585738330457,-0.004989123911829041,591.0,0.0,0
2021-12-20,589.7999877929688,591.4199829101562,589.7999877929688,591.0,100,0.0,591.0,592.4909973144531,591.6569976806641,0.0011332587711038583,1267.55,-0.6031746031746033,30.769351153400734,-0.010633405490204417,-0.010963604948048156,591.5999755859375,0.0010151871166454995,1
2021-12-21,591.0,592.5,591.0,591.5999755859375,535,0.0010151871166454995,591.1199951171875,592.3409973144531,591.6969970703125,0.0011696937218505926,1288.3,4.35,38.46129769319854,0.017758992432985066,0.022380385507978273,591.0,-0.0010141575569594385,0
2021-12-22,591.0,591.0,591.0,591.0,78,-0.0010141575569594385,591.1199951171875,592.1909973144532,591.726996866862,0.0011698685151669943,1284.05,-0.8542056074766355,38.461598654094445,0.009998714868965974,0.012178569039896336,591.0,0.0,0
2021-12-23,591.0,591.1199951171875,591.0,591.0,70,0.0,591.1199951171875,592.0409973144531,591.7569966634114,0.0011698685151669943,1246.55,-0.10256410256410253,41.666596024244484,0.006222077972414919,0.007539030660423718,592.2000122070312,0.002030477507667161,1
2021-12-27,591.9000244140625,592.5,591.5999755859375,592.2000122070312,1273,0.002030477507667161,591.3599975585937,591.9509979248047,591.776996866862,0.0012762047927873958,1299.6,17.185714285714287,58.33340397575552,0.014152153794584565,0.016527253191248148,591.9000244140625,-0.0005065649895054092,0
2021-12-28,591.9000244140625,591.9000244140625,591.9000244140625,591.9000244140625,182,-0.0005065649895054092,591.5400024414063,591.8160003662109,591.8119974772136,0.0012483411449205606,1228.3,-0.8570306362922231,56.000162760416664,-0.0008171953242616103,-0.004634741706768142,591.5999755859375,-0.0005069248449888208,0
2021-12-29,591.9000244140625,592.2000122070312,591.5999755859375,591.5999755859375,152,-0.0005069248449888208,591.5400024414063,591.6959991455078,591.8719970703125,0.001236776596998065,1225.75,-0.1648351648351648,50.0,0.0012792079086265673,-0.0001493925967533949,591.5999755859375,0.0,0
2021-12-30,593.0999755859375,593.0999755859375,591.5999755859375,591.5999755859375,437,0.0,591.6599975585938,591.6059967041016,591.901996866862,0.001222570764407702,1233.5,1.875,33.33295657481294,-0.0027645289726202504,-0.0029883743641696547,593.4000244140625,0.003042679010157423,1
2021-12-31,592.2000122070312,593.4000244140625,591.5999755859375,593.4000244140625,438,0.003042679010157423,592.1400024414063,591.6359985351562,591.9619974772136,0.0013962046227677385,1241.05,0.0022883295194509046,56.07495294050539,-0.0025201869073463445,-0.006244535935772122,592.7999877929688,-0.0010111840182114307,0
2022-01-03,592.5,592.7999877929688,592.2000122070312,592.7999877929688,83,-0.0010111840182114307,592.2599975585938,591.6659973144531,592.0219970703125,0.0013961677279955896,1201.95,-0.8105022831050228,60.0,0.005789961364061735,0.009626709849211545,592.2000122070312,-0.0010121045855132627,0
2022-01-04,592.7999877929688,593.4000244140625,592.2000122070312,592.2000122070312,52,-0.0010121045855132627,592.3199951171875,591.7259979248047,592.0719970703125,0.001333744035530737,1201.3,-0.37349397590361444,60.0,-0.00033493890638969237,-0.012970502763585245,592.2000122070312,0.0,0
2022-01-05,592.2000122070312,592.97998046875,592.2000122070312,592.2000122070312,50,0.0,592.4400024414062,591.7859985351563,592.1219970703125,0.001333744035530737,1116.2,-0.038461538461538436,60.0,-0.019202142486770768,-0.030721095261381448,592.7999877929688,0.0010131299790108184,1
2022-01-06,592.5,592.7999877929688,592.5,592.7999877929688,57,0.0010131299790108184,592.6800048828125,591.8459991455078,592.1819966634115,0.0013336700042165318,1117.9,0.1399999999999999,63.63619549637028,-0.0009394133755055156,-0.0007026452034816222,592.7999877929688,0.0,0
2022-01-07,593.0999755859375,593.0999755859375,592.7999877929688,592.7999877929688,20,0.0,592.5599975585938,591.8159973144532,592.2319966634115,0.001140077850328154,1054.75,-0.6491228070175439,63.63619549637028,-0.003953511334494841,-0.010832778972766577,592.2000122070312,-0.0010121045855132627,0
2022-01-10,592.2000122070312,592.5,592.2000122070312,592.2000122070312,97,-0.0010121045855132627,592.4400024414062,591.7949981689453,592.2919972737631,0.0011243207025775344,1059.2,3.8499999999999996,58.33340397575552,-0.001244366059822366,0.0006581372338247959,592.2000122070312,0.0,0
2022-01-11,592.2000122070312,592.2000122070312,591.5999755859375,592.2000122070312,6972,0.0,592.4400024414062,591.825,592.341997273763,0.0010519938758603083,1396.05,70.87628865979381,54.545706755444584,0.009108268663244656,0.015022025710203613,591.5999755859375,-0.0010132330441154913,0
2022-01-12,592.7999877929688,592.7999877929688,591.5999755859375,591.5999755859375,287,-0.0010132330441154913,592.3199951171875,591.8549987792969,592.3819966634114,0.0010519446176920546,566.0,-0.9588353413654619,54.545202337796844,0.002703542338843734,0.003965576564854301,591.5999755859375,0.0,0
2022-01-13,591.5999755859375,591.5999755859375,591.5999755859375,591.5999755859375,0,0.0,592.0799926757812,591.8849975585938,592.4619964599609,0.0010519446176920546,559.25,-1.0,54.545202337796844,-0.013778587715492119,-0.025016141186833152,592.7999877929688,0.0020284182835583753,1
2022-01-14,591.719970703125,592.7999877929688,591.719970703125,592.7999877929688,83,0.0020284182835583753,592.0799926757812,591.9749969482422,592.5419962565104,0.0011407745603068307,560.9,inf,54.545202337796844,0.0004090208208415991,0.00622254430103264,592.2000122070312,-0.0010121045855132627,0
2022-01-18,591.5999755859375,592.5,591.5999755859375,592.2000122070312,150,-0.0010121045855132627,592.0799926757812,592.0349975585938,592.601996866862,0.001169978887897939,555.8,0.8072289156626506,52.17379766653988,-0.017709612163689825,-0.024894138916211173,592.2000122070312,0.0,0
2022-01-19,592.2000122070312,592.2000122070312,592.2000122070312,592.2000122070312,7,0.0,592.0799926757812,592.0949981689453,592.6319966634114,0.001169978887897939,551.15,-0.9533333333333334,54.545706755444584,-0.010383557878106742,-0.010983610688754308,592.7999877929688,0.0010131299790108184,1
2022-01-20,592.5,592.8599853515625,591.5999755859375,592.7999877929688,1142,0.0010131299790108184,592.3199951171875,592.1549987792969,592.661996459961,0.0011698944755123369,581.5,162.14285714285714,58.33340397575552,-0.011068068622025473,-0.012988456731416576,591.0599975585938,-0.0029352062587806316,0
2022-01-21,592.2000122070312,592.7999877929688,591.0599975585938,591.0599975585938,1165,-0.0029352062587806316,592.2119995117188,592.1579986572266,592.6629964192708,0.0013337441748299554,635.85,0.020140105078809034,33.613150853557414,-0.01963064132886827,-0.027728626411170132,592.2000122070312,0.0019287629904687353,1
2022-01-24,591.5999755859375,592.2000122070312,591.0,592.2000122070312,525,0.0019287629904687353,592.0920043945313,592.2179992675781,592.6829966227214,0.0014013129036791767,658.6,-0.5493562231759657,46.09387417744858,0.004246735706896265,0.004577853622184547,592.2000122070312,0.0,0
2022-01-25,592.2000122070312,593.4000244140625,591.0,592.2000122070312,915,0.0,592.0920043945313,592.2179992675781,592.7229970296224,0.0013257881827679324,640.7,0.7428571428571429,50.0,-0.012208974085799573,-0.02318143992183075,592.7999877929688,0.0010131299790108184,1
2022-01-26,591.0,592.7999877929688,591.0,592.7999877929688,857,0.0010131299790108184,592.2119995117188,592.2629974365234,592.7729970296224,0.001338663621808495,674.45,-0.06338797814207653,53.90612582255142,-0.0025087953939929575,-0.001564654893406403,592.5,-0.0005060522927566868,0
2022-01-27,591.0,592.5,591.0,592.5,703,-0.0005060522927566868,592.152001953125,592.3079986572266,592.7979970296224,0.0013386436101179228,702.0,-0.17969661610268373,47.967546913896776,-0.004937963506221665,-0.010070526009067549,594.0,0.0025316455696202667,1
2022-01-28,591.0,594.0,591.0,594.0,9063,0.0025316455696202667,592.7400024414062,592.4279998779297,592.8479970296224,0.0014463557734912735,1133.3,11.891891891891891,56.75686821684114,0.024835410015744186,0.031369045728500966,594.0,0.0,0
2022-01-31,594.0,594.0,594.0,594.0,32,0.0,593.1,592.4579986572265,592.9179972330729,0.0012827643407869863,1113.0,-0.9964691603221891,60.869533167722004,0.018011067394991365,0.03197839792598445,592.7999877929688,-0.002020222570759733,0
2022-02-01,594.0,594.0,591.5999755859375,592.7999877929688,72,-0.002020222570759733,593.2199951171875,592.4579986572265,592.8379974365234,0.0013450817076464789,1112.45,1.25,53.16443471542622,0.006756925874457753,0.006803474187448977,593.4000244140625,0.001012207546305266,1
2022-02-02,594.0,594.0,592.2000122070312,593.4000244140625,1590,0.001012207546305266,593.3400024414062,592.5179992675781,592.7879974365235,0.001341002925695701,1189.35,21.083333333333332,59.49394797836724,0.00971408274181318,0.008125413958118832,593.4000244140625,0.0,0
2022-02-03,592.7999877929688,594.0,592.7999877929688,593.4000244140625,1680,0.0,593.5200073242188,592.5779998779296,592.7279978434245,0.001341002925695701,1270.85,0.05660377358490565,59.49394797836724,-0.02350497399483331,-0.040543848781085745,593.4000244140625,0.0,0
2022-02-04,593.4000244140625,593.7000122070312,593.4000244140625,593.4000244140625,13,0.0,593.4000122070313,592.6080017089844,592.687998453776,0.0013238016368566808,1268.65,-0.9922619047619048,53.62342343670526,0.004702207959730531,0.012614968538106508,593.4000244140625,0.0,0
2022-02-07,593.4000244140625,593.4000244140625,593.4000244140625,593.4000244140625,752,0.0,593.2800170898438,592.6380035400391,592.6679992675781,0.0013238016368566808,1305.25,56.84615384615385,57.81258692352319,-0.0032092765817484104,-0.008044481450945828,593.0999755859375,-0.0005056434374455243,0
2022-02-08,592.7999877929688,593.0999755859375,592.7999877929688,593.0999755859375,343,-0.0005056434374455243,593.3400146484375,592.6830017089844,592.6429992675781,0.0013071257369948093,1317.55,-0.5438829787234043,55.63883896133695,0.00822785984758534,0.011235294623138437,593.0999755859375,0.0,0
2022-02-09,593.4000244140625,593.4000244140625,592.7999877929688,593.0999755859375,4463,0.0,593.2800048828125,592.7279998779297,592.627998860677,0.0013071257369948093,1192.1,12.011661807580175,52.032419468221484,0.014636106949445393,0.02119073282638384,593.4000244140625,0.0005058992420772235,1
2022-02-10,594.0,594.0,593.4000244140625,593.4000244140625,22,0.0005058992420772235,593.2800048828125,592.818002319336,592.6179992675782,0.0012843945848381004,1178.85,-0.9950705803271342,69.69678287763426,-0.017965644680657644,-0.02263250364545788,593.4000244140625,0.0,0
2022-02-11,593.4000244140625,593.4000244140625,593.4000244140625,593.4000244140625,3,0.0,593.2800048828125,592.9080047607422,592.5879994710286,0.0012843945848381004,1179.0,-0.8636363636363636,62.499841057918495,-0.019718721011119933,-0.031721662108428084,593.4000244140625,0.0,0
2022-02-14,593.4000244140625,593.4000244140625,593.4000244140625,593.4000244140625,2,0.0,593.2800048828125,592.9380065917969,592.5779998779296,0.0012061898799559704,1174.95,-0.33333333333333337,62.499841057918495,-0.003269314964678527,0.0012389577560250054,594.0,0.0010110811615315907,1
2022-02-15,594.0,594.0,593.4000244140625,594.0,738,0.0010110811615315907,593.460009765625,593.0280059814453,592.5779998779296,0.0011971185770062388,1204.35,368.0,62.499841057918495,0.01612686726577106,0.02486406771777805,593.4000244140625,-0.0010100599089857276,0
2022-02-16,593.4000244140625,593.4000244140625,593.4000244140625,593.4000244140625,5,-0.0010100599089857276,593.52001953125,593.0880065917969,592.5580006917318,0.0012248719593017142,1204.25,-0.9932249322493225,58.823599808520825,0.0011208249118113134,-0.000252706418040316,593.4000244140625,0.0,0
2022-02-17,591.0,593.4000244140625,591.0,593.4000244140625,173,0.0,593.52001953125,593.1180084228515,592.5380015055339,0.0012060091868569857,1155.8,33.6,41.66723179167232,-0.02136141606480546,-0.029743838006212386,593.4000244140625,0.0,0
2022-02-18,593.4000244140625,593.4000244140625,593.4000244140625,593.4000244140625,77,0.0,593.52001953125,593.235009765625,592.5280019124349,0.0009810702992828209,1101.4,-0.5549132947976878,41.66723179167232,-0.006475052825868022,-0.011405419893414148,593.4000244140625,0.0,0
2022-02-22,593.4000244140625,593.4000244140625,593.4000244140625,593.4000244140625,112,0.0,593.52001953125,593.2950103759765,592.5180023193359,0.0008928158050446605,1080.75,0.4545454545454546,62.50031788012105,-0.010731648076383382,-0.010043697388880002,593.4000244140625,0.0,0
2022-02-23,593.4000244140625,593.4000244140625,593.4000244140625,593.4000244140625,12,0.0,593.4000244140625,593.3550109863281,592.508002726237,0.0008928158050446605,1035.6,-0.8928571428571429,50.0,-0.01773865723226875,-0.02561516057881219,594.0,0.0010110811615315907,1
2022-02-24,593.7000122070312,594.0,592.7999877929688,594.0,65,0.0010110811615315907,593.52001953125,593.4150115966797,592.498003133138,0.0008927058229622072,996.0,4.416666666666667,62.49936422358984,0.01504911814725074,0.03360444525350337,593.4000244140625,-0.0010100599089857276,0
2022-02-25,592.7999877929688,593.7000122070312,592.7999877929688,593.4000244140625,373,-0.0010100599089857276,593.52001953125,593.4600128173828,592.488003540039,0.0009175278942476378,979.5,4.7384615384615385,50.0,0.0220640029800776,0.0155070602095011,593.4000244140625,0.0,0
2022-02-28,593.4000244140625,593.9400024414062,593.4000244140625,593.4000244140625,3388,0.0,593.52001953125,593.4300140380859,592.488003540039,0.00071273792502258,695.75,8.083109919571045,50.0,-0.0025585268239577408,0.002978855343215292,594.0,0.0010110811615315907,1
2022-03-01,594.0,594.0,594.0,594.0,2,0.0010110811615315907,593.6400146484375,593.4300140380859,592.5080037434896,0.0007513065331175954,694.25,-0.999409681227863,63.637036214996485,-0.015230272363598085,-0.015311412184257911,594.0,0.0,0
2022-03-02,594.0,594.0,594.0,594.0,5,0.0,593.760009765625,593.4900146484375,592.5380035400391,0.0005821159539297088,690.9,1.5,63.637036214996485,0.018396212521518462,0.016779440540542367,594.0,0.0,0
2022-03-03,593.7000122070312,594.0,593.4000244140625,594.0,22,0.0,593.760009765625,593.5200134277344,592.588003540039,0.0005413219596710717,612.5,3.4000000000000004,60.0,-0.004978472037343917,-0.014284866763552007,593.4000244140625,-0.0010100599089857276,0
2022-03-04,593.4000244140625,593.4000244140625,593.4000244140625,593.4000244140625,212,-0.0010100599089857276,593.760009765625,593.5200134277344,592.6280039469401,0.0005911241379477119,539.1,8.636363636363637,50.0,-0.008124619808514866,-0.014491970522798714,594.0,0.0010110811615315907,1
2022-03-07,593.4000244140625,594.0,593.4000244140625,594.0,68,0.0010110811615315907,593.8800048828125,593.5500122070313,592.6680043538412,0.0006328699212642962,541.85,-0.679245283018868,57.14285714285714,-0.029479187255280204,-0.03688112330748672,592.7999877929688,-0.002020222570759733,0
2022-03-08,592.7999877929688,592.7999877929688,592.7999877929688,592.7999877929688,17,-0.002020222570759733,593.6400024414063,593.5200103759765,592.6580037434895,0.0007844585194165503,505.1,-0.75,37.49952314950217,-0.007581700715998618,-0.0046480924587026795,592.7999877929688,0.0,0
2022-03-09,592.7999877929688,592.7999877929688,592.7999877929688,592.7999877929688,0,0.0,593.4,593.5050109863281,592.6610036214192,0.0007771245201487142,487.95,-1.0,42.85652003313424,0.026810819608671155,0.0359980946687628,592.7999877929688,0.0,0
2022-03-10,593.0999755859375,593.4000244140625,592.7999877929688,592.7999877929688,13,0.0,593.1599975585938,593.4900115966797,592.6810038248698,0.0007771245201487142,265.45,inf,42.85652003313424,-0.004515553354495161,-0.011104813066505126,593.4000244140625,0.001012207546305266,1
2022-03-11,592.7999877929688,593.4000244140625,592.7999877929688,593.4000244140625,125,0.001012207546305266,593.1599975585938,593.4900115966797,592.7210042317708,0.0008031407097488137,270.6,8.615384615384615,50.0,-0.012715059514942118,-0.020738356461574847,593.4000244140625,0.0,0
2022-03-14,592.7999877929688,593.4000244140625,592.7999877929688,593.4000244140625,198,0.0,593.0400024414063,593.4900115966797,592.7610046386719,0.0008031407097488137,280.35,0.5840000000000001,50.0,-0.007308323066848366,-0.019204625727391234,592.7999877929688,-0.0010111840182114307,0
2022-03-15,592.7999877929688,593.0999755859375,592.7999877929688,592.7999877929688,65,-0.0010111840182114307,593.0400024414063,593.460009765625,592.7910044352213,0.00083438137504348,283.5,-0.6717171717171717,44.444067681665594,0.02199043987466287,0.03136681663124974,592.7999877929688,0.0,0
2022-03-16,592.7999877929688,592.7999877929688,592.7999877929688,592.7999877929688,0,0.0,593.0400024414063,593.4000091552734,592.8210042317709,0.00079646041965114,246.6,-1.0,37.49984105387638,0.02217420604853415,0.037086739765637367,593.4000244140625,0.001012207546305266,1
2022-03-17,592.7999877929688,593.4000244140625,592.7999877929688,593.4000244140625,185,0.001012207546305266,593.160009765625,593.4000091552734,592.8610046386718,0.0008032898176808459,255.6,inf,50.0,0.01251093216133281,0.012106238330156227,593.4000244140625,0.0,0
2022-03-18,593.4000244140625,593.4000244140625,592.2000122070312,593.4000244140625,547,0.0,593.160009765625,593.4000091552734,592.8910054524739,0.0008032898176808459,274.3,1.9567567567567568,50.0,0.00782184603841607,0.020467970453484252,592.7999877929688,-0.0010111840182114307,0
2022-03-21,592.7999877929688,592.7999877929688,592.7999877929688,592.7999877929688,33,-0.0010111840182114307,593.0400024414063,593.3700073242187,592.9210052490234,0.0008345249083543651,272.1,-0.9396709323583181,37.500158942081505,-0.0002923926222593298,-0.004011504456127413,592.7999877929688,0.0,0
2022-03-22,593.4000244140625,593.4000244140625,592.2000122070312,592.7999877929688,425,0.0,593.0400024414063,593.3400054931641,592.951005045573,0.0008345249083543651,287.75,11.878787878787879,37.500158942081505,0.011701391836103525,0.019652665524175328,591.5999755859375,-0.0020243121318186397,0
2022-03-23,591.9000244140625,591.9000244140625,591.5999755859375,591.5999755859375,7,-0.0020243121318186397,592.8,593.2500030517579,592.9410044352213,0.0009437243797121663,287.5,-0.9835294117647059,30.000203446381704,-0.012878419431224142,-0.014371372158266338,592.2000122070312,0.0010142607265990478,1
2022-03-24,591.5999755859375,592.2000122070312,591.5999755859375,592.2000122070312,10,0.0010142607265990478,592.5599975585938,593.1600036621094,592.9460042317709,0.0009439307735328251,284.75,0.4285714285714286,40.00020344431221,0.015074363734608909,0.02222666521522476,592.2000122070312,0.0,0
2022-03-25,592.2000122070312,593.4000244140625,592.2000122070312,592.2000122070312,157,0.0,592.3199951171875,593.1000030517578,592.9560048421224,0.0009223406005188672,273.95,14.7,33.334086824824524,0.004883598425542424,-0.0008341103797018246,592.2000122070312,0.0,0
2022-03-28,592.2000122070312,592.2000122070312,592.2000122070312,592.2000122070312,0,0.0,592.2,593.0400024414063,592.966005452474,0.0009223406005188672,104.55,-1.0,42.85776563589862,0.007113038068738753,0.01547237363060483,593.4000244140625,0.0020263630231263097,1
2022-03-29,592.7999877929688,593.4000244140625,592.7999877929688,593.4000244140625,20,0.0020263630231263097,592.3200073242188,593.0100036621094,592.966005452474,0.0010104857370655898,105.45,inf,55.555681137470756,0.012370827763277914,0.017209719427456083,592.7999877929688,-0.0010111840182114307,0
2022-03-30,592.7999877929688,592.7999877929688,592.7999877929688,592.7999877929688,7,-0.0010111840182114307,592.560009765625,592.9500030517578,592.966005452474,0.0010328986276634282,105.55,-0.65,50.0,-0.006174792896356585,-0.011045572554618688,592.7999877929688,0.0,0
2022-03-31,591.0,592.7999877929688,591.0,592.7999877929688,82,0.0,592.6800048828125,592.8900024414063,592.976005045573,0.0010328986276634282,108.55,10.714285714285714,44.444318862529244,-0.015391317572948426,-0.012394747441661913,593.3400268554688,0.0009109970877541063,1
2022-04-01,593.4000244140625,593.4000244140625,592.7999877929688,593.3400268554688,73,0.0009109970877541063,592.9080078125,592.8870025634766,592.9950052897135,0.0010331965062546813,101.6,-0.1097560975609756,49.49499100950424,0.0028341128726010467,-0.0019032449526760198,592.7999877929688,-0.0009101679274227115,0
2022-04-04,593.4000244140625,593.4000244140625,592.7999877929688,592.7999877929688,12,-0.0009101679274227115,593.0280029296875,592.827001953125,592.9950052897135,0.001023062700380868,98.8,-0.8356164383561644,50.0,0.008566577431344813,0.020588590752494973,593.0999755859375,0.0005060522927566868,1
2022-04-05,593.4000244140625,593.4000244140625,593.0999755859375,593.0999755859375,47,0.0005060522927566868,592.9679931640625,592.8420013427734,593.0000050862631,0.000924819092083112,100.3,2.9166666666666665,52.42699270173914,-0.01263132479829876,-0.022204121203627247,592.7999877929688,-0.0005057963333624516,0
2022-04-06,593.4000244140625,593.4000244140625,592.7999877929688,592.7999877929688,50,-0.0005057963333624516,592.9679931640625,592.8420013427734,593.0100046793619,0.0009324431946110842,102.8,0.06382978723404253,44.89781090086256,-0.00999935653466788,-0.021711426766476305,593.4000244140625,0.001012207546305266,1
2022-04-07,593.4000244140625,593.4000244140625,593.4000244140625,593.4000244140625,107,0.001012207546305266,593.0880004882813,592.8720031738281,593.0300048828125,0.0009594970108450531,107.5,1.1400000000000001,50.0,0.005038968143330047,0.0023778415746744663,593.4000244140625,0.0,0
2022-04-08,593.4000244140625,593.4000244140625,593.4000244140625,593.4000244140625,7,0.0,593.1,592.8720031738281,593.0600056966146,0.0009324431946110842,101.6,-0.9345794392523364,55.10218909913744,-0.002673934796955768,-0.013979136181048735,592.7999877929688,-0.0010111840182114307,0
2022-04-11,592.7999877929688,593.4000244140625,592.7999877929688,592.7999877929688,3830,-0.0010111840182114307,593.1,592.8420013427734,593.0800059000651,0.0009594888877998045,283.2,546.1428571428571,50.0,-0.017092284494708676,-0.02365739479432949,592.7999877929688,0.0,0
2022-04-12,592.2000122070312,592.7999877929688,592.2000122070312,592.7999877929688,7,0.0,593.0400024414063,592.8420013427734,593.0800059000651,0.0009324431946110842,280.3,-0.9981723237597911,61.363294841118474,-0.003705230116974989,-0.004224243537585992,593.4000244140625,0.001012207546305266,1
2022-04-13,592.7999877929688,593.4000244140625,592.2000122070312,593.4000244140625,7668,0.001012207546305266,593.160009765625,592.8720031738281,593.1000061035156,0.0009594970108450531,663.7,1094.4285714285713,61.363294841118474,0.01145357848867623,0.02032698084652318,593.4000244140625,0.0,0
2022-04-14,593.4000244140625,593.4000244140625,593.4000244140625,593.4000244140625,12,0.0,593.160009765625,592.8720031738281,593.1200063069662,0.0009324431946110842,655.05,-0.9984350547730829,61.363294841118474,-0.01245175846263713,-0.022867080375818638,593.4000244140625,0.0,0
2022-04-18,592.7999877929688,593.4000244140625,592.7999877929688,593.4000244140625,112,0.0,593.160009765625,592.8720031738281,593.1300069173177,0.0009324431946110842,633.3,8.333333333333334,61.363294841118474,0.0004111392957082405,0.0007682822777297371,592.7999877929688,-0.0010111840182114307,0
2022-04-19,592.7999877929688,592.7999877929688,592.7999877929688,592.7999877929688,1933,-0.0010111840182114307,593.160009765625,592.8720031738281,593.1590067545573,0.0009324431946110842,728.3,16.258928571428573,43.5896767126146,0.01614267485104759,0.022350843749892935,592.7999877929688,0.0,0
2022-04-20,592.7999877929688,593.4000244140625,592.7999877929688,592.7999877929688,843,0.0,593.160009765625,592.8720031738281,593.1690063476562,0.0009324431946110842,749.2,-0.5638903259182617,50.0,-0.0007415447679024467,-0.014584468804136885,592.7999877929688,0.0,0
2022-04-21,592.7999877929688,592.7999877929688,592.2000122070312,592.7999877929688,303,0.0,593.0400024414063,592.9320037841796,593.1790059407552,0.0008018121675494755,764.0,-0.6405693950177935,50.0,-0.014953551807383003,-0.02069106337855653,593.0999755859375,0.0005060522927566868,1
2022-04-22,592.7999877929688,593.0999755859375,592.2000122070312,593.0999755859375,312,0.0005060522927566868,592.9799926757812,592.977001953125,593.1840057373047,0.0007790986566142206,779.1,0.02970297029702973,46.8744536452787,-0.027439138658316153,-0.02618584515883804,592.7999877929688,-0.0005057963333624516,0
2022-04-25,592.7999877929688,593.0999755859375,592.7999877929688,592.7999877929688,933,-0.0005057963333624516,592.8599853515625,593.0070007324218,593.1890055338541,0.0007898380846027348,817.9,1.9903846153846154,50.0,0.005797580441186945,0.012845706066949125,593.4000244140625,0.001012207546305266,1
2022-04-26,593.0999755859375,593.4000244140625,593.0999755859375,593.4000244140625,60,0.001012207546305266,592.9799926757812,593.0670013427734,593.1790059407552,0.0008183190593261322,820.9,-0.9356913183279743,53.84663536776213,-0.028960825603343676,-0.03774492514915029,593.4000244140625,0.0,0
2022-04-27,593.4000244140625,593.4000244140625,593.4000244140625,593.4000244140625,0,0.0,593.1,593.0670013427734,593.1690063476562,0.000681458566953479,819.9,-1.0,58.33347461218954,0.002811782968023202,-0.0011982243339231369,593.4000244140625,0.0,0
2022-04-28,593.4000244140625,593.4000244140625,592.7999877929688,593.4000244140625,100,0.0,593.2200073242187,593.0970031738282,593.1790069580078,0.0006386361255395195,824.55,inf,50.0,0.02525944549675363,0.03551584686565712,592.7999877929688,-0.0010111840182114307,0
2022-04-29,593.4000244140625,593.4000244140625,592.7999877929688,592.7999877929688,233,-0.0010111840182114307,593.160009765625,593.0970031738282,593.1690063476562,0.000681458566953479,832.1,1.33,41.66652538781046,-0.03695565238965315,-0.044998656523230984,592.7999877929688,0.0,0
2022-05-02,592.7999877929688,593.4000244140625,592.7999877929688,592.7999877929688,2553,0.0,593.160009765625,593.0700012207031,593.1590057373047,0.0006469491240743696,956.1,9.957081545064378,50.0,0.0060194441415730715,0.016695964840632405,592.7999877929688,0.0,0
2022-05-03,593.4000244140625,593.4000244140625,592.7999877929688,592.7999877929688,665,0.0,593.0400024414063,593.0700012207031,593.1490051269532,0.0006140893459950683,988.75,-0.7395221308264787,50.0,0.00458404228460374,0.0010675594265325827,593.4000244140625,0.001012207546305266,1
2022-05-04,592.7999877929688,593.4000244140625,592.7999877929688,593.4000244140625,640,0.001012207546305266,593.0400024414063,593.0850036621093,593.1490051269532,0.0006456531975617152,1018.4,-0.03759398496240607,50.0,0.030452933683378758,0.03381217781710388,593.4000244140625,0.0,0
2022-05-05,593.4000244140625,593.4000244140625,593.4000244140625,593.4000244140625,52,0.0,593.0400024414063,593.1150054931641,593.1540059407552,0.0006335401454774103,1018.5,-0.91875,50.0,-0.03554281472701826,-0.05036409525521113,592.7999877929688,-0.0010111840182114307,0
2022-05-06,593.0999755859375,593.0999755859375,592.7999877929688,592.7999877929688,448,-0.0010111840182114307,593.0400024414063,593.0850036621093,593.1490061442057,0.0006334863785572877,1035.55,7.615384615384615,41.66652538781046,-0.0059689259207744705,-0.011980830670926479,592.7999877929688,0.0,0
2022-05-09,592.7999877929688,592.7999877929688,592.2000122070312,592.7999877929688,177,0.0,593.0400024414063,593.0550018310547,593.1390055338542,0.0006334863785572877,1044.05,-0.6049107142857143,50.0,-0.03201726802014637,-0.03912693970417336,592.7999877929688,0.0,0
2022-05-10,592.7999877929688,592.7999877929688,592.7999877929688,592.7999877929688,0,0.0,593.0400024414063,593.0550018310547,593.1290049235026,0.0005917454114292082,852.55,-1.0,50.0,0.0023105278627999493,0.012148800078381372,592.2000122070312,-0.0010121045855132627,0
2022-05-11,592.2000122070312,592.2000122070312,592.2000122070312,592.2000122070312,50,-0.0010121045855132627,592.8,593.0250030517578,593.1090047200521,0.0006335598918820321,854.7,inf,41.66723179167232,-0.015886131940332726,-0.029658242911634214,591.0,-0.0020263630231263097,0
2022-05-12,591.5999755859375,591.5999755859375,591.0,591.0,3985,-0.0020263630231263097,592.3199951171875,592.9050018310547,593.059004720052,0.0007232957354671274,670.55,78.7,26.667570866675703,-0.0010439303936584654,-0.0023643176057587256,591.0,0.0,0
2022-05-13,591.0,591.0,589.7999877929688,591.0,1752,0.0,591.9599975585937,592.7850006103515,593.0190043131511,0.0007232957354671274,757.55,-0.5603513174404016,28.57225895516966,0.02390784770955201,0.03705996486731222,591.0,0.0,0
2022-05-16,591.0,591.0,591.0,591.0,0,0.0,591.6,592.6649993896484,592.97900390625,0.0007232957354671274,751.95,-1.0,16.66723179167232,-0.004057564666582247,-0.011591706867920548,591.0,0.0,0
2022-05-17,591.0,591.0,591.0,591.0,0,0.0,591.2400024414062,592.575,592.9390034993489,0.0006987063740836667,655.3,,16.66723179167232,0.020570399314302268,0.025901390306568572,591.0,0.0,0
2022-05-18,591.0,591.0,591.0,591.0,0,0.0,591.0,592.4850006103516,592.899003092448,0.0006987063740836667,613.15,,16.66723179167232,-0.04031157346543268,-0.049090368488501346,591.0,0.0,0
2022-05-19,591.0,591.0,591.0,591.0,40,0.0,591.0,592.3950012207031,592.8590026855469,0.0006987063740836667,600.0,inf,20.00081378552683,-0.006124621002910446,-0.005358343057225157,591.0,0.0,0
2022-05-20,591.0,591.0,591.0,591.0,13,0.0,591.0,592.2900024414063,592.8090026855468,0.0006826065435255042,585.05,-0.675,20.00081378552683,0.0004365363104414932,-0.0031079285110049426,591.0,0.0,0
2022-05-23,591.0,591.0,591.0,591.0,0,0.0,591.0,592.2000030517578,592.7690022786459,0.0006791490331719613,538.4,-1.0,20.00081378552683,0.01871007995678986,0.016627471360434187,591.0,0.0,0
2022-05-24,591.0,591.0,591.0,591.0,30,0.0,591.0,592.0800018310547,592.7290018717448,0.0006232547706481452,536.9,inf,0.0,-0.007633776773134482,-0.021262166138612537,591.0,0.0,0
2022-05-25,591.0,591.0,591.0,591.0,0,0.0,591.0,591.9600006103516,592.6790018717448,0.0006232547706481452,536.9,-1.0,0.0,0.008834904007038569,0.013995333755476791,591.5999755859375,0.0010151871166454995,1
2022-05-26,591.5999755859375,591.5999755859375,591.5999755859375,591.5999755859375,7,0.0010151871166454995,591.1199951171875,591.8699981689454,592.6390014648438,0.0006794180876961568,532.25,inf,24.999364207420967,0.01998138394687965,0.027707122626049685,591.9000244140625,0.000507181948119273,1
2022-05-27,591.5999755859375,591.9000244140625,591.5999755859375,591.9000244140625,68,0.000507181948119273,591.3,591.825,592.6040018717448,0.0006629529563417373,524.0,8.714285714285714,33.33408685037412,0.02454914082298898,0.03263962840185175,592.7999877929688,0.001520465182945685,1
2022-05-31,592.2000122070312,592.7999877929688,592.2000122070312,592.7999877929688,97,0.001520465182945685,591.6599975585938,591.825,592.5940012613933,0.0007531411889424004,401.2,0.42647058823529416,50.0,-0.005610983564631744,-0.0026528867940045497,592.7999877929688,0.0,0
2022-06-01,593.4000244140625,593.4000244140625,592.5,592.7999877929688,190,0.0,592.0199951171875,591.825,592.5740010579427,0.0007531411889424004,377.45,0.9587628865979381,59.999593098958336,-0.008088529283735268,-0.0073958699504510506,593.0999755859375,0.0005060522927566868,1
2022-06-02,592.7999877929688,593.4000244140625,592.7999877929688,593.0999755859375,68,0.0005060522927566868,592.439990234375,591.8099975585938,592.5790008544922,0.0007253383723790719,348.85,-0.6421052631578947,100.0,0.019043478552421167,0.027385636871936292,592.7999877929688,-0.0005057963333624516,0
2022-06-03,592.7999877929688,592.7999877929688,592.2000122070312,592.7999877929688,25,-0.0005057963333624516,592.6799926757812,591.779995727539,592.5790008544922,0.0007331944975785135,347.5,-0.6323529411764706,87.50031789628952,-0.016411523666384986,-0.026019443185740787,592.7999877929688,0.0,0
2022-06-06,592.7999877929688,592.7999877929688,592.7999877929688,592.7999877929688,78,0.0,592.8599853515625,591.779995727539,592.5790008544922,0.0006974416920275887,329.0,2.12,87.50031789628952,0.003044770239154948,0.003331120094738127,592.7999877929688,0.0,0
2022-06-07,592.7999877929688,592.7999877929688,592.7999877929688,592.7999877929688,127,0.0,592.8599853515625,591.779995727539,592.5690002441406,0.0006974416920275887,326.5,0.6282051282051282,87.50031789628952,0.009592223238758413,0.008625720610490717,592.7999877929688,0.0,0
2022-06-08,592.7999877929688,592.7999877929688,592.7999877929688,592.7999877929688,3908,0.0,592.8599853515625,591.779995727539,592.5589996337891,0.0006974416920275887,521.9,29.771653543307085,87.50031789628952,-0.010872153557139663,-0.00719650338493294,593.4000244140625,0.001012207546305266,1
2022-06-09,592.7999877929688,593.4000244140625,592.7999877929688,593.4000244140625,10,0.001012207546305266,592.9199951171875,591.8399963378906,592.5690002441406,0.0006896396483901245,519.9,-0.9974411463664279,90.00040690104167,-0.023782886898168987,-0.026784619554025113,593.4000244140625,0.0,0
2022-06-10,593.4000244140625,593.4000244140625,593.4000244140625,593.4000244140625,0,0.0,593.0400024414063,591.9599975585937,592.5790008544922,0.00047649287618548524,320.65,-1.0,90.00040690104167,-0.028995652096570734,-0.03527053364685373,591.5999755859375,-0.003033449197954452,0
2022-06-13,592.7999877929688,592.7999877929688,591.5999755859375,591.5999755859375,260,-0.003033449197954452,592.8,591.9899963378906,592.5490000406901,0.0008671107822913245,246.05,inf,56.249682111794925,-0.03796815868765324,-0.046496305380334446,591.0,-0.0010141575569594385,0
2022-06-14,591.5999755859375,592.5,591.0,591.0,1480,-0.0010141575569594385,592.4400024414062,591.9899963378906,592.508999633789,0.0008993115022303085,320.05,4.6923076923076925,50.0,-0.003013346354166613,0.0018154750856960167,591.5999755859375,0.0010151871166454995,1
2022-06-15,591.5999755859375,591.5999755859375,591.5999755859375,591.5999755859375,20,0.0010151871166454995,592.2,592.0199951171875,592.4889994303386,0.0009274968077767471,321.05,-0.9864864864864865,54.999796549479164,0.014256338190961504,0.024971853283352274,591.5999755859375,0.0,0
2022-06-16,591.5999755859375,591.5999755859375,591.5999755859375,591.5999755859375,172,0.0,591.839990234375,592.0499938964844,592.4689992268881,0.0009274968077767471,329.65,7.6,50.0,-0.03309603878307621,-0.0403464414322543,591.2999877929688,-0.0005070787784797748,0
2022-06-17,591.2999877929688,591.5999755859375,591.0,591.2999877929688,7,-0.0005070787784797748,591.4199829101562,592.0649932861328,592.4639994303385,0.0009358614568521276,328.0,-0.9593023255813954,44.444067681665594,-0.0021546667341413306,0.012159577047238024,591.5999755859375,0.0005073360378180514,1
2022-06-21,591.5999755859375,591.5999755859375,591.0,591.5999755859375,43,0.0005073360378180514,591.4199829101562,592.0949920654297,592.453998819987,0.0009419813570994274,329.5,5.142857142857143,37.49984105387638,0.025173624723693555,0.02326252893831615,591.0,-0.0010141575569594385,0
2022-06-22,591.0,591.0,591.0,591.0,5,-0.0010141575569594385,591.4199829101562,592.0949920654297,592.4339986165364,0.000971707679818258,329.75,-0.8837209302325582,33.33333333333333,-0.0018129753446093355,-0.0014585639821989016,591.0,0.0,0
2022-06-23,591.0,591.0,591.0,591.0,0,0.0,591.2999877929688,592.0949920654297,592.4139984130859,0.000971707679818258,328.25,-1.0,29.41190550276454,0.0098025662185528,0.014892907955261547,589.7999877929688,-0.00203047750766705,0
2022-06-24,590.4000244140625,591.239990234375,589.7999877929688,589.7999877929688,72,-0.00203047750766705,590.939990234375,592.0349914550782,592.3539978027344,0.0010725920491642489,331.85,inf,25.0,0.03179386629448655,0.03426357394740598,591.5999755859375,0.00305186136016089,1
2022-06-27,591.0,591.5999755859375,591.0,591.5999755859375,20,0.00305186136016089,590.9999877929688,592.0349914550782,592.3339975992839,0.0012637909718700904,332.5,-0.7222222222222222,42.30760201885833,-0.0038197043828572808,-0.007331635898062738,591.0,-0.0010141575569594385,0
2022-06-28,590.4000244140625,592.0800170898438,590.4000244140625,591.0,10,-0.0010141575569594385,590.8799926757813,591.989990234375,592.3039978027343,0.0012774162179372286,329.6,-0.5,39.28574023614896,-0.02043285343481205,-0.030466757702857672,591.0,0.0,0
2022-06-29,591.0,591.0,591.0,591.0,0,0.0,590.8799926757813,591.8999908447265,592.2649973551432,0.0012214667510624404,324.75,-1.0,39.28574023614896,-0.000814390026440015,0.0009169049876982527,589.7999877929688,-0.00203047750766705,0
2022-06-30,589.7999877929688,589.7999877929688,589.7999877929688,589.7999877929688,52,-0.00203047750766705,590.639990234375,591.7499908447265,592.2149973551433,0.0012906503048241303,317.85,inf,29.999660913499028,-0.008124300277758567,-0.012403062597168613,590.4000244140625,0.001017356109719536,1
2022-07-01,590.0999755859375,590.4000244140625,590.0999755859375,590.4000244140625,10,0.001017356109719536,590.7599975585938,591.6149932861329,592.1699981689453,0.0013113715353913421,314.95,-0.8076923076923077,34.37496026346909,0.010576514869118592,0.006600564120069041,591.9000244140625,0.002540650301443792,1
2022-07-05,591.9000244140625,591.9000244140625,591.9000244140625,591.9000244140625,385,0.002540650301443792,590.8200073242188,591.5699951171875,592.1549987792969,0.0014472132534439272,332.95,37.5,51.61317844720089,0.00188857737683934,0.01711971959264602,591.5999755859375,-0.0005069248449888208,0
2022-07-06,591.5999755859375,591.9000244140625,591.5999755859375,591.5999755859375,48,-0.0005069248449888208,590.9400024414062,591.5099945068359,592.1249979654948,0.0014502670504597374,331.45,-0.8753246753246753,53.33319769965278,0.0033773394433473936,0.0064120309195738745,592.7999877929688,0.0020284182835583753,1
2022-07-07,592.7999877929688,592.7999877929688,592.2000122070312,592.7999877929688,537,0.0020284182835583753,591.3,591.5099945068359,592.1149973551433,0.0015265704674210724,351.95,10.1875,56.250039736278275,0.014977143468688947,0.02139897318066941,592.7999877929688,0.0,0
2022-07-08,592.7999877929688,592.7999877929688,592.7999877929688,592.7999877929688,2,0.0,591.9,591.5099945068359,592.1149973551433,0.0015265704674210724,156.65,-0.9962756052141527,56.250039736278275,-0.0008225836516971841,0.0012543057271925395,592.2000122070312,-0.0010121045855132627,0
2022-07-11,592.2000122070312,592.7999877929688,591.5999755859375,592.2000122070312,1177,-0.0010121045855132627,592.2599975585938,591.4499938964843,592.1049977620443,0.0015231081640833736,215.0,587.5,54.54556663912899,-0.0114235785834087,-0.021364474109346054,592.7999877929688,0.0010131299790108184,1
2022-07-12,591.5999755859375,592.7999877929688,591.5999755859375,592.7999877929688,3,0.0010131299790108184,592.439990234375,591.4199920654297,592.0949971516927,0.0015433263510014966,215.15,-0.9974511469838573,55.88240573969135,-0.008848929851508869,-0.00968730358348191,594.0,0.0020243121318186397,1
2022-07-13,594.0,594.0,594.0,594.0,2,0.0020243121318186397,592.9199951171875,591.5399932861328,592.1049967447917,0.001439526277859073,202.25,-0.33333333333333337,63.88882609580215,-0.005251687289652196,-0.0020611946549031757,591.5999755859375,-0.004040445141519355,0
2022-07-14,592.7999877929688,593.4000244140625,591.0,591.5999755859375,2992,-0.004040445141519355,592.6799926757812,591.5699920654297,592.0749959309895,0.0017082239630361602,277.85,1495.0,52.27262218523142,-0.0024284849213771498,0.003570871881830362,591.5999755859375,0.0,0
2022-07-15,591.5999755859375,591.5999755859375,591.5999755859375,591.5999755859375,190,0.0,592.439990234375,591.5699920654297,592.0549957275391,0.0016931167748982943,286.35,-0.9364973262032086,57.499910990849855,0.019105080973613298,0.018139259238441285,590.4000244140625,-0.002028315113918877,0
2022-07-18,591.0,593.4000244140625,590.4000244140625,590.4000244140625,232,-0.002028315113918877,592.0799926757812,591.5099945068359,592.0149963378906,0.0017528942716465885,289.35,0.2210526315789474,44.73706753472036,-0.008256933075751594,-0.008462676061345098,590.4000244140625,0.0,0
2022-07-19,590.4000244140625,590.4000244140625,590.4000244140625,590.4000244140625,0,0.0,591.6,591.4649963378906,591.9749969482422,0.0017503625658647707,289.0,-1.0,47.22234780839569,0.027019181769385003,0.030753262212119603,591.0,0.0010162187688473878,1
2022-07-20,591.0,591.0,591.0,591.0,8,0.0010162187688473878,591.0,591.4349975585938,591.9399973551432,0.001762922254510601,287.25,inf,50.0,0.006373161521445958,0.015856557760273615,591.0,0.0,0
2022-07-21,591.0,591.0,591.0,591.0,0,0.0,590.8800048828125,591.4349975585938,591.9099975585938,0.001748231697171482,287.0,-1.0,55.88240573969135,0.010183194374258298,0.014355034554462742,592.2000122070312,0.002030477507667161,1
2022-07-22,590.4000244140625,592.2000122070312,590.4000244140625,592.2000122070312,78,0.002030477507667161,591.0000122070312,591.4949981689454,591.8899973551432,0.0018061410853033137,290.9,inf,58.33328623825213,-0.009278096561475047,-0.01753534570504167,592.7999877929688,0.0010131299790108184,1
2022-07-25,591.5999755859375,592.7999877929688,591.5999755859375,592.7999877929688,15,0.0010131299790108184,591.4800048828125,591.6449981689453,591.8799967447917,0.0017440778770811606,288.05,-0.8076923076923077,54.54528640390626,0.0012149408761987779,-0.005695557059252954,592.7999877929688,0.0,0
2022-07-26,592.7999877929688,592.7999877929688,592.7999877929688,592.7999877929688,3,0.0,591.9599975585937,591.7049987792968,591.8699961344402,0.001615259453840652,287.2,-0.8,56.25011921035064,-0.01183100990754693,-0.019648962974504025,592.2000122070312,-0.0010121045855132627,0
2022-07-27,592.7999877929688,592.7999877929688,592.2000122070312,592.2000122070312,5,-0.0010121045855132627,592.2,591.7649993896484,591.8599965413412,0.0016151848154415786,286.95,0.6666666666666667,46.66675709034682,0.025966367817333857,0.04225975013674188,592.2000122070312,0.0,0
2022-07-28,592.2000122070312,592.7999877929688,592.2000122070312,592.2000122070312,32,0.0,592.4400024414062,591.825,591.8499969482422,0.0016151848154415786,288.55,5.4,46.66675709034682,0.012542386475471679,0.009778038603279526,592.2000122070312,0.0,0
2022-07-29,592.2000122070312,592.2000122070312,592.2000122070312,592.2000122070312,0,0.0,592.4400024414062,591.9450012207031,591.8399973551433,0.001535915887398965,285.95,-1.0,50.0,0.014578724858715253,0.018236964400788258,592.2000122070312,0.0,0
2022-08-01,592.7999877929688,592.7999877929688,592.2000122070312,592.2000122070312,13,0.0,592.3200073242188,592.0350006103515,591.8199971516927,0.001524370763857948,286.1,inf,46.15396653990015,-0.002961239956361772,-0.0006023028166894928,592.5,0.0005065649895052982,1
2022-08-02,591.5999755859375,592.7999877929688,591.5999755859375,592.5,2987,0.0005065649895052982,592.260009765625,592.0649993896484,591.8049967447917,0.0014210631281850695,416.2,228.76923076923077,39.13028094260845,-0.006597345296781021,-0.002981579199298534,591.5999755859375,-0.0015190285469409703,0
2022-08-03,591.0,591.5999755859375,591.0,591.5999755859375,375,-0.0015190285469409703,592.1400024414063,592.0649993896484,591.7849965413411,0.0014595011832746227,432.55,-0.8744559758955474,50.0,0.015659497835290637,0.027232616809862886,591.0,-0.0010141575569594385,0
2022-08-04,591.0,591.0,591.0,591.0,20,-0.0010141575569594385,591.9,591.975,591.7549967447917,0.0013941619655418842,406.7,-0.9466666666666667,45.00010172733007,-0.0006755911956808358,0.004676450740326965,591.2999877929688,0.0005075935583227498,1
2022-08-05,591.0,591.5999755859375,591.0,591.2999877929688,1680,0.0005075935583227498,591.7199951171875,591.9,591.7299967447917,0.001401657738897847,490.6,83.0,58.823318213913865,-0.00169015666112049,-0.00816890858922148,591.0,-0.0005073360378180514,0
2022-08-08,590.4000244140625,591.2999877929688,590.4000244140625,591.0,1862,-0.0005073360378180514,591.4799926757812,591.8399993896485,591.7099965413412,0.0013893480885745792,524.85,0.10833333333333339,55.55542996654309,-0.0011609330420851993,-0.003232349789967004,591.0,0.0,0
2022-08-09,591.0,591.0,591.0,591.0,738,0.0,591.1799926757812,591.75,591.7099965413412,0.001364861378367049,561.6,-0.6036519871106337,50.0,-0.003971002129927292,-0.011318652301236298,591.5999755859375,0.0010151871166454995,1
2022-08-10,591.0,591.5999755859375,591.0,591.5999755859375,197,0.0010151871166454995,591.1799926757812,591.6299987792969,591.7199961344401,0.0012971804665252648,571.35,-0.7330623306233062,55.55542996654309,0.021003972292843898,0.027910957733999542,591.5999755859375,0.0,0
2022-08-11,591.5999755859375,591.5999755859375,591.5999755859375,591.5999755859375,2,0.0,591.2999877929688,591.6299987792969,591.7299957275391,0.000930721386294232,421.85,-0.9898477157360406,42.85652003313424,0.0,-0.00567608426683186,591.5999755859375,0.0,0
2022-08-12,591.5999755859375,591.5999755859375,591.5999755859375,591.5999755859375,3,0.0,591.3599853515625,591.6299987792969,591.7399953206381,0.000930721386294232,412.5,0.5,33.332768179583255,0.016929012677594724,0.019470588551029788,591.5999755859375,0.0,0
2022-08-15,591.5999755859375,591.5999755859375,591.5999755859375,591.5999755859375,0,0.0,591.47998046875,591.6899963378906,591.7499949137369,0.000799248629008016,400.9,-1.0,33.332768179583255,0.004120766150540245,0.008081306310050884,591.5999755859375,0.0,0
2022-08-16,591.5999755859375,591.5999755859375,591.5999755859375,591.5999755859375,0,0.0,591.5999755859375,591.7499938964844,591.7599945068359,0.000799248629008016,400.9,,39.999186181359484,0.0019587438421893033,-0.002341916726759319,591.5999755859375,0.0,0
2022-08-17,591.5999755859375,591.5999755859375,591.5999755859375,591.5999755859375,2,0.0,591.5999755859375,591.7799926757813,591.7699940999349,0.0007698185356178935,400.6,inf,39.999186181359484,-0.0070980177423810575,-0.011406068854114881,591.5999755859375,0.0,0
2022-08-18,591.5999755859375,591.5999755859375,591.5999755859375,591.5999755859375,0,0.0,591.5999755859375,591.8099914550781,591.7799936930338,0.0007698185356178935,400.6,-1.0,39.999186181359484,0.002906412210693654,0.0024049699181343254,591.5999755859375,0.0,0
2022-08-19,591.5999755859375,591.5999755859375,591.5999755859375,591.5999755859375,0,0.0,591.5999755859375,591.7799896240234,591.7899932861328,0.0006129301973077266,396.7,,39.999186181359484,-0.013438032679318979,-0.019497125399461135,591.5999755859375,0.0,0
2022-08-22,591.5999755859375,592.2000122070312,591.5999755859375,591.5999755859375,605,0.0,591.5999755859375,591.7199890136719,591.7999928792318,0.0005599760193148138,426.2,inf,33.332579799258525,-0.020822495475209313,-0.026327201838730052,591.5999755859375,0.0,0
2022-08-23,591.5999755859375,591.5999755859375,591.0,591.5999755859375,432,0.0,591.5999755859375,591.6599884033203,591.7999928792318,0.0005599760193148138,447.65,-0.2859504132231405,50.0,-0.0024192572522898637,-0.0008270112614877645,591.5999755859375,0.0,0
2022-08-24,591.0,591.5999755859375,591.0,591.5999755859375,295,0.0,591.5999755859375,591.6299865722656,591.7949920654297,0.0005174376865340138,462.15,-0.31712962962962965,75.0,0.003201181774415529,0.0028971781102400396,592.2000122070312,0.0010142607265990478,1
2022-08-25,591.5999755859375,592.2000122070312,591.0,592.2000122070312,15303,0.0010142607265990478,591.7199829101562,591.6299865722656,591.7849924723307,0.0005697156109002738,1225.7,50.87457627118644,80.00081380208333,0.014117523988503633,0.017681904174362106,592.2000122070312,0.0,0
2022-08-26,592.2000122070312,592.2000122070312,591.0,592.2000122070312,407,0.0,591.839990234375,591.6299865722656,591.7749928792317,0.0005697156109002738,1246.05,-0.9734039077305103,100.0,-0.033849042636585946,-0.04098816108689718,592.2000122070312,0.0,0
2022-08-29,592.2000122070312,592.2000122070312,592.2000122070312,592.2000122070312,0,0.0,591.9599975585937,591.6299865722656,591.7599934895833,0.0005697156109002738,1245.4,-1.0,100.0,-0.006612204712255654,-0.009855577528088078,591.5999755859375,-0.0010132330441154913,0
2022-08-30,591.5999755859375,591.5999755859375,591.5999755859375,591.5999755859375,103,-0.0010132330441154913,591.9599975585937,591.5849853515625,591.7399932861329,0.000599207995797325,1101.2,inf,50.0,-0.010977854044983193,-0.01113634442907585,591.2999877929688,-0.0005070787784797748,0
2022-08-31,591.2999877929688,591.2999877929688,591.2999877929688,591.2999877929688,3,-0.0005070787784797748,591.9,591.5699859619141,591.7149932861328,0.0005064799618351965,1082.6,-0.970873786407767,40.00081376897099,-0.00760904759879355,-0.0058135674170146645,591.2999877929688,0.0,0
2022-09-01,591.2999877929688,591.2999877929688,591.2999877929688,591.2999877929688,0,0.0,591.7199951171875,591.5849853515625,591.6899932861328,0.00044986353365433036,1081.6,-1.0,40.00081376897099,0.0031378631887633013,0.00043440668154182127,591.0,-0.0005073360378180514,0
2022-09-02,591.0,591.0,591.0,591.0,3,-0.0005073360378180514,591.4799926757812,591.5699859619141,591.6599934895834,0.0004498596955536782,997.75,inf,33.33446358334463,-0.010544430280438832,-0.01412819156640499,591.5999755859375,0.0010151871166454995,1
2022-09-06,591.0,591.5999755859375,591.0,591.5999755859375,67,0.0010151871166454995,591.3599853515625,591.599984741211,591.6299926757813,0.0004909379525401981,908.0,21.333333333333332,50.0,-0.003773150381391921,-0.007182388245155047,591.0,-0.0010141575569594385,0
2022-09-07,591.0,591.0,591.0,591.0,2,-0.0010141575569594385,591.239990234375,591.599984741211,591.5899922688802,0.0005457785207095588,871.2,-0.9701492537313433,40.000406901041664,0.017964962734754897,0.020201377493032746,591.0,0.0,0
2022-09-08,591.0,591.0,591.0,591.0,0,0.0,591.1799926757812,591.5699859619141,591.5799926757812,0.0004908511300367199,861.35,-1.0,40.000406901041664,0.006536291697658347,0.005184425817440275,591.0,0.0,0
2022-09-09,591.0,591.0,591.0,591.0,333,0.0,591.1199951171875,591.5399871826172,591.5799926757812,0.0004908511300367199,877.9,inf,40.000406901041664,0.01553524437995768,0.021862130854529704,591.5999755859375,0.0010151871166454995,1
2022-09-12,591.5999755859375,591.5999755859375,591.5999755859375,591.5999755859375,2,0.0010151871166454995,591.239990234375,591.5399871826172,591.5799926757812,0.0005457785207095588,877.85,-0.993993993993994,50.0,0.010747651381183054,0.011885746654112017,591.5999755859375,0.0,0
2022-09-13,591.5999755859375,591.5999755859375,591.5999755859375,591.5999755859375,0,0.0,591.239990234375,591.5399871826172,591.5799926757812,0.0005457785207095588,877.85,-1.0,50.0,-0.043482480629019826,-0.05483677210162552,591.5999755859375,0.0,0
2022-09-14,591.5999755859375,591.5999755859375,591.5999755859375,591.5999755859375,0,0.0,591.3599853515625,591.5399871826172,591.5849924723308,0.0005457785207095588,877.85,,50.0,0.003815822886568565,0.007933219187689966,591.5999755859375,0.0,0
2022-09-15,591.5999755859375,591.5999755859375,591.5999755859375,591.5999755859375,0,0.0,591.47998046875,591.5399871826172,591.5849924723308,0.0005457785207095588,877.75,,39.999186181359484,-0.011353296799374357,-0.016653692855826963,591.5999755859375,0.0,0
2022-09-16,591.5999755859375,591.5999755859375,591.5999755859375,591.5999755859375,0,0.0,591.5999755859375,591.5399871826172,591.5949920654297,0.0005457785207095588,877.75,,39.999186181359484,-0.011688705054002657,-0.006114732882086971,592.2000122070312,0.0010142607265990478,1
2022-09-19,592.2000122070312,592.2000122070312,592.2000122070312,592.2000122070312,2,0.0010142607265990478,591.7199829101562,591.5699890136718,591.6149922688802,0.0005910121234285339,877.85,inf,50.0,0.007754928554071894,0.0059794705687648,592.2000122070312,0.0,0
2022-09-20,592.2000122070312,592.2000122070312,592.2000122070312,592.2000122070312,0,0.0,591.839990234375,591.5999908447266,591.6549926757813,0.0005910121234285339,847.6,-1.0,60.000813818640516,-0.011478552554876287,-0.007971059625300092,591.0,-0.0020263630231263097,0
2022-09-21,591.5999755859375,591.9000244140625,591.0,591.0,88,-0.0020263630231263097,591.7199951171875,591.5699920654297,591.6449930826823,0.000751964109880581,830.4,inf,46.15396653990015,-0.017443780763191308,-0.017906047972197747,592.2000122070312,0.002030477507667161,1
2022-09-22,591.0,592.2000122070312,591.0,592.2000122070312,1950,0.002030477507667161,591.8400024414062,591.5999938964844,591.6649932861328,0.000884521219129559,913.15,21.15909090909091,58.82381100552909,-0.008399833871300055,-0.012307766484776606,592.2000122070312,0.0,0
2022-09-23,591.9000244140625,592.2000122070312,591.5999755859375,592.2000122070312,287,0.0,591.960009765625,591.5999938964844,591.6849934895833,0.0008549728736745231,162.35,-0.8528205128205129,62.50015894612362,-0.016754820675589754,-0.01628163473182953,591.5999755859375,-0.0010132330441154913,0
2022-09-26,591.5999755859375,591.5999755859375,591.5999755859375,591.5999755859375,32,-0.0010132330441154913,591.8400024414062,591.5699920654297,591.7149932861328,0.0008845042147719278,143.6,-0.8885017421602788,50.0,-0.009892687940418976,-0.004137833864574669,591.5999755859375,0.0,0
2022-09-27,591.5999755859375,592.2000122070312,591.5999755859375,591.5999755859375,2872,0.0,591.7199951171875,591.539990234375,591.7349924723308,0.0008845042147719278,287.2,88.75,57.14244194495307,-0.0025527509044867003,0.00040097631336699635,592.2000122070312,0.0010142607265990478,1
2022-09-28,591.5999755859375,592.2000122070312,591.5999755859375,592.2000122070312,348,0.0010142607265990478,591.9599975585937,591.5699920654297,591.7399922688802,0.000884521219129559,299.45,-0.8788300835654597,62.499841057918495,0.019676354781243965,0.019892127792686898,591.9000244140625,-0.0005065649895054092,0
2022-09-29,591.9000244140625,592.2000122070312,591.5999755859375,591.9000244140625,62,-0.0005065649895054092,591.9,591.5999938964844,591.7449930826823,0.0008845041630366224,302.4,-0.8218390804597702,58.823599808520825,-0.020888970555351105,-0.028827631827673006,591.5999755859375,-0.0005069248449888208,0
2022-09-30,591.5999755859375,592.2000122070312,591.5999755859375,591.5999755859375,4277,-0.0005069248449888208,591.7799926757813,591.6149932861329,591.7249928792318,0.0008932649245761118,516.25,67.98387096774194,50.0,-0.015463534653672784,-0.016956580109457886,591.5999755859375,0.0,0
2022-10-03,592.2000122070312,592.2000122070312,591.0,591.5999755859375,60,0.0,591.7799926757813,591.6449920654297,591.7049926757812,0.0008844905044434942,519.1,-0.9859714753331774,50.0,0.02640123430525132,0.023460258866152106,591.5999755859375,0.0,0
2022-10-04,591.5999755859375,592.2000122070312,591.5999755859375,591.5999755859375,62,0.0,591.7799926757813,591.6449920654297,591.6949920654297,0.0008548861347561619,518.85,0.03333333333333344,50.0,0.030986651545366062,0.03144081505463947,591.5999755859375,0.0,0
2022-10-05,591.5999755859375,592.2000122070312,591.5999755859375,591.5999755859375,73,0.0,591.6599853515625,591.6749908447266,591.6749918619792,0.0008209471534302631,522.4,0.17741935483870974,50.0,-0.0023282400189708063,-0.0005316481547104068,591.0,-0.0010141575569594385,0
2022-10-06,592.2000122070312,592.2000122070312,591.0,591.0,863,-0.0010141575569594385,591.47998046875,591.6749908447266,591.6249918619792,0.0008548861347561619,565.55,10.821917808219178,44.44482119444821,-0.010315797736977772,-0.00787290280945041,591.5999755859375,0.0010151871166454995,1
2022-10-07,591.5999755859375,591.5999755859375,591.2999877929688,591.5999755859375,420,0.0010151871166454995,591.47998046875,591.7049896240235,591.6249918619792,0.0008844905044434942,569.9,-0.5133256083429896,44.444193274936424,-0.027893899575583303,-0.03810410097940742,592.2000122070312,0.0010142607265990478,1
2022-10-10,592.2000122070312,592.2000122070312,592.2000122070312,592.2000122070312,168,0.0010142607265990478,591.5999877929687,591.7349914550781,591.6349924723307,0.0008844373823437147,578.2,-0.6,50.0,-0.00763532474987394,-0.009996292755086289,592.2000122070312,0.0,0
2022-10-11,592.2000122070312,592.7999877929688,592.2000122070312,592.2000122070312,518,0.0,591.7199951171875,591.7649932861328,591.6649922688802,0.0008844373823437147,604.1,2.0833333333333335,62.499841057918495,-0.006332978303630554,-0.013738236596968822,592.7999877929688,0.0010131299790108184,1
2022-10-12,592.7999877929688,592.7999877929688,592.7999877929688,592.7999877929688,1692,0.0010131299790108184,591.9599975585937,591.8249938964843,591.7049916585287,0.0009100031736993368,688.7,2.2664092664092665,57.14244194495307,-0.0032984645496528797,-0.000342516985311625,593.4000244140625,0.001012207546305266,1
2022-10-13,593.4000244140625,593.4000244140625,593.4000244140625,593.4000244140625,303,0.001012207546305266,592.4400024414062,591.9149963378907,591.7449920654296,0.0009319314664039794,703.85,-0.8209219858156028,62.499841057918495,0.026391080677980572,0.023452385503023532,593.0999755859375,-0.0005056434374455243,0
2022-10-14,593.4000244140625,593.4000244140625,593.0999755859375,593.0999755859375,168,-0.0005056434374455243,592.7400024414062,591.9899963378906,591.7799916585286,0.0009430735519890364,712.25,-0.4455445544554455,66.66621456666215,-0.022788743093893893,-0.030057350158831708,593.0999755859375,0.0,0
2022-10-17,593.0999755859375,593.0999755859375,593.0999755859375,593.0999755859375,0,0.0,592.9199951171875,592.0349945068359,591.794991048177,0.0009198374842116509,712.15,-1.0,66.66621456666215,0.0256969558368505,0.03302146272768214,594.0,0.0015174919088023486,1
2022-10-18,593.4000244140625,594.0,593.4000244140625,594.0,1767,0.0015174919088023486,593.2799926757813,592.1249938964844,591.8149912516276,0.0009741905053472124,800.5,inf,68.74944370271473,0.011749625081884707,0.00790794443863474,593.4000244140625,-0.0010100599089857276,0
2022-10-19,593.4000244140625,595.2000122070312,592.7999877929688,593.4000244140625,325,-0.0010100599089857276,593.4,592.2449951171875,591.8249918619791,0.0008761443720115887,812.35,-0.8160724391624222,64.70560076591671,-0.007086478722309053,-0.0036467537641399206,593.4000244140625,0.0,0
2022-10-20,593.4000244140625,593.4000244140625,593.4000244140625,593.4000244140625,0,0.0,593.4,592.3049957275391,591.8449920654297,0.0007636626055360344,714.85,-1.0,68.75031788820507,-0.008385336059404724,-0.005101870430091471,593.4000244140625,0.0,0
2022-10-21,593.4000244140625,593.4000244140625,593.4000244140625,593.4000244140625,0,0.0,593.460009765625,592.3649963378906,591.8649922688802,0.0007636626055360344,700.5,,68.75031788820507,0.02430148270112431,0.02344776641390145,593.4000244140625,0.0,0
2022-10-24,593.4000244140625,593.4000244140625,593.4000244140625,593.4000244140625,0,0.0,593.52001953125,592.4549987792968,591.8849924723307,0.0007180667024962297,698.9,,68.75031788820507,0.012236464954195947,0.011001374742478198,594.5999755859375,0.0020221623230634034,1
2022-10-25,594.0,594.5999755859375,594.0,594.5999755859375,3058,0.0020221623230634034,593.6400146484375,592.6049987792969,591.9249918619792,0.0008292697348641007,708.2,inf,75.0,0.015968586556123432,0.02068586459161037,594.0,-0.001009040717410481,0
2022-10-26,594.5999755859375,594.5999755859375,593.4000244140625,594.0,4282,-0.001009040717410481,593.760009765625,592.6949981689453,591.9499918619791,0.000854575961179348,904.9,0.4002616088947024,75.0,-0.007534096209333541,-0.022096333584702532,594.5999755859375,0.0010100599089857276,1
2022-10-27,594.5999755859375,594.5999755859375,594.0,594.5999755859375,2265,0.0010100599089857276,594.0,592.8299957275391,591.9999918619792,0.0008603225275309182,1015.05,-0.4710415693601121,75.0,-0.00533997718970336,-0.018206014794871272,594.5999755859375,0.0,0
2022-10-28,594.5999755859375,594.5999755859375,594.5999755859375,594.5999755859375,0,0.0,594.239990234375,592.9799957275391,592.0599914550781,0.000844861566834815,801.2,-1.0,72.2220338408328,0.023790667313994707,0.030600675240711528,595.2000122070312,0.00100914336651714,1
2022-10-31,594.5999755859375,595.2000122070312,594.5999755859375,595.2000122070312,3648,0.00100914336651714,594.5999877929687,593.1599975585938,592.1249918619792,0.0008589556278589214,980.6,inf,75.0,-0.007223272936998093,-0.011627867859603569,595.2000122070312,0.0,0
2022-11-01,595.2000122070312,595.2000122070312,595.2000122070312,595.2000122070312,0,0.0,594.7199951171875,593.3399993896485,592.1949920654297,0.0008589556278589214,977.5,-1.0,72.22234780839568,-0.004375864112264538,-0.01021776121870921,595.7999877929688,0.0010080234772051888,1
2022-11-02,595.7999877929688,595.7999877929688,595.7999877929688,595.7999877929688,335,0.0010080234772051888,595.0799926757812,593.55,592.2749918619792,0.0008697019521451061,990.6,inf,72.2220338408328,-0.025096208707478307,-0.0342771734138646,595.7999877929688,0.0,0
2022-11-03,595.7999877929688,595.7999877929688,595.7999877929688,595.7999877929688,477,0.0,595.3199951171875,593.7899993896484,592.3449920654297,0.000813472186311123,971.3,0.4238805970149253,76.47115142956305,-0.010296863984421645,-0.01953478840892542,595.7999877929688,0.0,0
2022-11-04,595.7999877929688,595.7999877929688,595.7999877929688,595.7999877929688,0,0.0,595.5599975585938,594.0,592.4149922688802,0.0008050124861240873,950.3,-1.0,76.47115142956305,0.014393132792465568,0.016085080419544262,595.7999877929688,0.0,0
2022-11-07,595.7999877929688,595.7999877929688,595.7999877929688,595.7999877929688,2,0.0,595.6799926757812,594.1799987792969,592.4849924723308,0.000793094156389352,942.0,inf,71.42898664457718,0.009565580032235843,0.010994422482374588,595.7999877929688,0.0,0
2022-11-08,595.7999877929688,595.7999877929688,595.7999877929688,595.7999877929688,0,0.0,595.7999877929688,594.3599975585937,592.5549926757812,0.000793094156389352,916.1,-1.0,83.33361591020838,0.005395414467974202,0.007287313553264951,595.2000122070312,-0.0010070083891071668,0
2022-11-09,595.7999877929688,595.7999877929688,595.2000122070312,595.2000122070312,305,-0.0010070083891071668,595.6799926757812,594.4799987792969,592.6149932861329,0.0008259051767838274,846.75,inf,71.42898664457718,-0.02060208145860598,-0.02307635610120007,595.2000122070312,0.0,0
2022-11-10,595.2000122070312,595.2000122070312,595.2000122070312,595.2000122070312,3,0.0,595.5599975585938,594.5699981689453,592.6749938964844,0.0008044007232959673,831.75,-0.9901639344262295,71.42898664457718,0.054954153075837064,0.07378851638818928,595.7999877929688,0.0010080234772051888,1
2022-11-11,595.2000122070312,596.0999755859375,595.2000122070312,595.7999877929688,930,0.0010080234772051888,595.5599975585938,594.7049987792968,592.7449940999348,0.0008104777425912004,869.85,309.0,75.0003179003319,0.009678500343534457,0.018426141308852895,596.4000244140625,0.001007110831466207,1
2022-11-14,595.7999877929688,596.4000244140625,595.7999877929688,596.4000244140625,452,0.001007110831466207,595.6800048828125,594.8700012207031,592.824994913737,0.0008267263835719685,892.45,-0.5139784946236559,71.4294018485148,-0.00850672396016161,-0.008751177554000567,595.7999877929688,-0.0010060975796961635,0
2022-11-15,595.2000122070312,596.4000244140625,595.2000122070312,595.7999877929688,23,-0.0010060975796961635,595.6800048828125,594.9600006103516,592.8949951171875,0.0008201143011483159,805.25,-0.9491150442477876,71.42836382660253,0.008529042212070292,0.013838327400666595,592.7999877929688,-0.0050352468302541364,0
2022-11-16,595.7999877929688,595.7999877929688,592.7999877929688,592.7999877929688,3138,-0.0050352468302541364,595.2,594.9299987792969,592.914995320638,0.0014053115255760133,945.9,135.43478260869566,36.363804503629716,-0.007628743762310708,-0.013649441954069808,592.7999877929688,0.0,0
2022-11-17,593.4000244140625,593.4000244140625,592.2000122070312,592.7999877929688,2255,0.0,594.7199951171875,594.8999969482422,592.9349955240885,0.0014053115255760133,1058.65,-0.281389420012747,36.363804503629716,-0.0030598607543417256,-0.002207135921468595,592.7999877929688,0.0,0
2022-11-18,593.0999755859375,593.4000244140625,592.7999877929688,592.7999877929688,440,0.0,594.1199951171875,594.8699951171875,592.9449951171875,0.0014053115255760133,1080.65,-0.8048780487804879,29.99979654947917,0.004540403280391958,3.5145415226978116e-05,593.0999755859375,0.0005060522927566868,1
2022-11-21,592.7999877929688,593.4000244140625,592.2000122070312,593.0999755859375,5095,0.0005060522927566868,593.4599853515625,594.8549926757812,592.959994506836,0.0014107974246008053,1335.4,10.579545454545455,33.33301039537294,-0.0036360943510462818,-0.01028717295286763,594.0,0.0015174919088023486,1
2022-11-22,592.7999877929688,594.5999755859375,592.7999877929688,594.0,13397,0.0015174919088023486,593.0999877929687,594.8249938964843,592.9899943033854,0.001376360120734082,1852.35,1.6294406280667322,36.363804503629716,0.01345699994392846,0.014402771817431104,595.2000122070312,0.002020222570759733,1
2022-11-23,595.2000122070312,595.2000122070312,595.2000122070312,595.2000122070312,203,0.002020222570759733,593.5799926757812,594.8849945068359,593.049994913737,0.0014308193938083631,1648.4,-0.9848473538851982,46.1540267301011,0.006301624330362854,0.01003670220202535,594.5999755859375,-0.001008126022828515,0
2022-11-25,594.0,595.2000122070312,594.0,594.5999755859375,52,-0.001008126022828515,593.939990234375,594.8849945068359,593.1049947102864,0.0014345610522931297,1537.75,-0.7438423645320197,42.857142857142854,-0.0002237136634978265,-0.006578470494779554,595.2000122070312,0.00100914336651714,1
2022-11-28,595.2000122070312,595.2000122070312,595.2000122070312,595.2000122070312,808,0.00100914336651714,594.4199951171875,594.9149963378907,593.1699951171875,0.0014521638634253438,1578.15,14.538461538461538,46.66684750912124,-0.015957008238070003,-0.014673155498497903,595.7999877929688,0.0010080234772051888,1
2022-11-29,595.2000122070312,596.4000244140625,594.9000244140625,595.7999877929688,2030,0.0010080234772051888,594.9599975585937,594.9449951171875,593.2499949137369,0.001452125012359535,1497.25,1.5123762376237622,50.0,-0.0017175435565947028,-0.00756953838046226,595.5,-0.0005035041945535834,0
2022-11-30,595.7999877929688,595.7999877929688,595.5,595.5,487,-0.0005035041945535834,595.2599975585938,594.959994506836,593.314995320638,0.0014574176035852269,1521.6,-0.7600985221674876,51.61281854396776,0.03150059798946736,0.04558569231729748,595.7999877929688,0.0005037578387383501,1
2022-12-01,595.7999877929688,595.7999877929688,595.2000122070312,595.7999877929688,180,0.0005037578387383501,595.3799926757813,594.959994506836,593.3949951171875,0.001443836825164327,1513.85,-0.6303901437371664,53.124841055897456,-0.0007358413421266752,0.001227215322870956,595.5,-0.0005035041945535834,0
2022-12-02,595.5,595.7999877929688,595.5,595.5,57,-0.0005035041945535834,595.5599975585938,594.9449951171875,593.4699951171875,0.0014482379587329207,1492.85,-0.6833333333333333,48.38718145603224,-0.0011537169597666264,-0.003983431236796231,595.5,0.0,0
2022-12-05,595.5,595.7999877929688,595.5,595.5,53,0.0,595.6199951171875,594.9299957275391,593.5449951171875,0.0014482379587329207,1495.5,-0.07017543859649122,44.8274894417084,-0.017989253786685366,-0.016783364721949412,595.7999877929688,0.0005037578387383501,1
2022-12-06,595.7999877929688,595.7999877929688,595.2000122070312,595.7999877929688,42,0.0005037578387383501,595.6199951171875,594.9299957275391,593.6149953206381,0.0014530533859105897,1497.5,-0.2075471698113207,50.0,-0.014414799715742554,-0.02072042020975684,596.0999755859375,0.0005035041945535834,1
2022-12-07,595.7999877929688,597.2999877929688,595.5,596.0999755859375,1478,0.0005035041945535834,595.739990234375,594.9449951171875,593.689995320638,0.001457390376708503,1571.4,34.19047619047619,78.94719934895973,-0.0017011983165312605,-0.0040826254131866024,596.4000244140625,0.0005033531964668825,1
2022-12-08,596.4000244140625,597.0,595.5,596.4000244140625,2418,0.0005033531964668825,595.8599975585937,595.004995727539,593.7699961344401,0.0014400640301908507,1677.05,0.6359945872801083,80.0,0.007833926502128774,0.011834767542385771,596.4000244140625,0.0,0
2022-12-09,596.4000244140625,596.4000244140625,596.4000244140625,596.4000244140625,0,0.0,596.0400024414063,595.0649963378906,593.8499969482422,0.0014400640301908507,1676.9,-1.0,80.0,-0.007470198687737906,-0.006376598624886709,597.0,0.0010059952404042338,1
2022-12-12,597.0,597.0,597.0,597.0,47,0.0010059952404042338,596.3400024414062,595.1249969482421,593.9399973551432,0.001439996915805642,1632.75,inf,80.95233481883356,0.014417243300787197,0.012551332860919029,597.0,0.0,0
2022-12-13,597.0,597.0,597.0,597.0,12,0.0,596.5800048828125,595.154995727539,594.0199971516927,0.0014241873705508482,1610.75,-0.7446808510638299,77.77765219160432,0.007569843141412624,0.01075007867696609,596.4000244140625,-0.0010049842310511092,0
2022-12-14,596.4000244140625,596.4000244140625,596.4000244140625,596.4000244140625,3,-0.0010049842310511092,596.6400146484375,595.1849975585938,594.0899973551433,0.0014241438881060508,1609.75,-0.75,62.50015894612362,-0.006393530155021865,-0.007413768148655575,596.4000244140625,0.0,0
2022-12-15,596.4000244140625,596.4000244140625,596.4000244140625,596.4000244140625,2783,0.0,596.6400146484375,595.3649993896485,594.1799977620443,0.0007745134284539988,1592.0,926.6666666666666,71.4294018485148,-0.024461665405543398,-0.033576471289980314,598.2000122070312,0.003018088060504631,1
2022-12-16,597.0,598.2000122070312,597.0,598.2000122070312,5748,0.003018088060504631,597.0000122070312,595.6350006103515,594.2799977620442,0.0009793027659510533,1766.65,1.0653970535393462,77.77828013382765,-0.01632321892420352,-0.009534524572110237,598.7999877929688,0.0010029681940726398,1
2022-12-19,598.2000122070312,598.7999877929688,597.5999755859375,598.7999877929688,392,0.0010029681940726398,597.360009765625,595.9350006103516,594.3899973551432,0.000980511953839187,1764.25,-0.9318023660403618,77.77828013382765,-0.008479662100243535,-0.016408386508659945,598.2000122070312,-0.0010019632567944692,0
2022-12-20,598.2000122070312,599.4000244140625,598.2000122070312,598.2000122070312,2875,-0.0010019632567944692,597.6000122070312,596.1900024414062,594.4999979654948,0.0010367262096168995,1653.25,6.334183673469388,73.68477411202844,0.001368400469142994,-0.0007784669326343918,598.7999877929688,0.0010029681940726398,1
2022-12-21,598.5,598.7999877929688,597.5999755859375,598.7999877929688,1905,0.0010029681940726398,598.0800048828125,596.4300018310547,594.6199981689454,0.0010144304694724101,1078.65,-0.33739130434782605,75.00050863665032,0.014952442091866303,0.014506208867533399,598.7999877929688,0.0,0
2022-12-22,598.7999877929688,598.7999877929688,598.7999877929688,598.7999877929688,0,0.0,598.5599975585938,596.6100006103516,594.7299977620443,0.0009429848749600516,1068.5,-1.0,78.94781928962276,-0.014266135745262032,-0.024465175142655338,598.5,-0.0005009816283971791,0
2022-12-23,598.2000122070312,598.5,598.2000122070312,598.5,43,-0.0005009816283971791,598.6199951171875,596.8050018310547,594.8399973551433,0.0009122183784527365,1068.05,inf,75.00050863665032,0.005752265272075174,0.0022491211724899873,601.2000122070312,0.004511298591530988,1
2022-12-27,598.7999877929688,601.2000122070312,598.7999877929688,601.2000122070312,1737,0.004511298591530988,599.1,597.1050018310547,594.9999979654948,0.0013025918785367517,1114.5,39.395348837209305,82.14337615532175,-0.0039435108803203,-0.014138236783363123,602.4000244140625,0.0019960282479469793,1
2022-12-28,601.7999877929688,602.7000122070312,601.7999877929688,602.4000244140625,2300,0.0019960282479469793,599.9400024414062,597.4350036621094,595.1799987792969,0.0013409453109045747,1128.0,0.3241220495106505,83.87149701384787,-0.01242787181496774,-0.013202749245136203,602.4000244140625,0.0,0
2022-12-29,603.0,603.0,602.4000244140625,602.4000244140625,5,0.0,600.660009765625,597.7800048828125,595.3599995930989,0.0013247175131746156,1103.9,-0.9978260869565218,83.3337854517341,0.01800031517383771,0.024375225640584697,603.0,0.0009959753678978611,1
2022-12-30,602.4000244140625,603.0,602.4000244140625,603.0,3,0.0009959753678978611,601.5000122070312,598.140005493164,595.55,0.0013278534568188034,1095.05,-0.4,84.3753973703619,-0.002634075107433076,-0.0006005241729591937,603.0,0.0,0
2023-01-03,602.4000244140625,603.0,601.7999877929688,603.0,843,0.0,602.4000122070313,598.515005493164,595.75,0.0013104572793915222,1134.35,280.0,83.3337854517341,-0.004209882546862387,-0.006759755900632491,604.5,0.0024875621890547706,1
2023-01-04,602.4000244140625,604.5,602.4000244140625,604.5,17165,0.0024875621890547706,603.060009765625,598.9650054931641,595.965000406901,0.0013647599509488768,1989.95,19.361803084223013,85.7147009242574,0.007720189025949065,0.004763986674637621,604.7999877929688,0.0004962577220326558,1
2023-01-05,604.2000122070312,604.7999877929688,604.2000122070312,604.7999877929688,152,0.0004962577220326558,603.5400024414063,599.415005493164,596.175,0.0013648325433729509,1995.45,-0.9911447713370231,91.17673458396912,-0.011413395797773451,-0.01565441339273166,606.0,0.001984147207757525,1
2023-01-06,604.7999877929688,606.0,604.7999877929688,606.0,425,0.001984147207757525,604.2599975585938,599.9100067138672,596.4049997965495,0.001390625647036652,1942.8,1.7960526315789473,92.10551676874974,0.022932103899730993,0.027601504669044985,606.9000244140625,0.0014851888020832593,1
2023-01-09,606.5999755859375,607.7999877929688,606.5999755859375,606.9000244140625,893,0.0014851888020832593,605.0400024414063,600.4350067138672,596.6400004069011,0.0013959993470829307,1866.55,1.1011764705882352,91.42887037801327,-0.0005668965891446609,0.00647329178189282,605.7000122070312,-0.001977281527035357,0
2023-01-10,605.7000122070312,605.7000122070312,605.7000122070312,605.7000122070312,5,-0.001977281527035357,605.5800048828125,600.9000061035156,596.8450002034505,0.0015251855907081442,1866.8,-0.9944008958566629,81.08125941648063,0.007012843096556365,0.008464470891607512,606.5999755859375,0.0014858236103165723,1
2023-01-11,606.0,606.5999755859375,606.0,606.5999755859375,115,0.0014858236103165723,606.0,601.3800048828125,597.0700002034505,0.001532764435398538,1870.2,22.0,86.84206299490836,0.01264786371867066,0.017300155602408163,607.2000122070312,0.0009891800943679918,1
2023-01-12,607.2000122070312,608.4000244140625,607.2000122070312,607.2000122070312,858,0.0009891800943679918,606.4800048828125,601.890005493164,597.305000813802,0.0015215418895307194,1912.5,6.460869565217391,86.84213344184005,0.003640782972808232,0.005404431871634197,607.2000122070312,0.0,0
2023-01-13,607.2000122070312,607.2000122070312,607.2000122070312,607.2000122070312,95,0.0,606.7200073242187,602.4300048828125,597.5250010172526,0.0014729262996377897,1917.1,-0.8892773892773893,86.84213344184005,0.0038795056884117773,0.006880535788300612,607.2000122070312,0.0,0
2023-01-17,605.4000244140625,607.7999877929688,605.4000244140625,607.2000122070312,467,0.0,606.7800048828125,602.970004272461,597.7550008138021,0.0014729262996377897,1801.3,3.9157894736842103,89.1891148831813,-0.0018318970798698597,0.002028712395424126,607.2000122070312,0.0,0
2023-01-18,607.2000122070312,607.7999877929688,607.2000122070312,607.2000122070312,28,0.0,607.0800048828125,603.4200042724609,597.9850006103516,0.0013970178614831105,1515.3,-0.9400428265524625,85.71418191330126,-0.015788015568668268,-0.012999941575001395,607.7999877929688,0.0009881020650126526,1
2023-01-19,607.7999877929688,607.7999877929688,607.7999877929688,607.7999877929688,3,0.0009881020650126526,607.3200073242188,603.870004272461,598.225,0.0013968789302146272,1495.85,-0.8928571428571429,84.61520403771665,-0.007279817254666643,-0.009824423990058007,607.7999877929688,0.0,0
2023-01-20,607.2000122070312,608.4000244140625,607.2000122070312,607.7999877929688,4322,0.0,607.4400024414062,604.3500030517578,598.4649993896485,0.001347958556976738,1568.2,1439.6666666666667,84.61520403771665,0.018629039629190602,0.027366886957409076,607.7999877929688,0.0,0
2023-01-23,607.7999877929688,608.4000244140625,607.3200073242188,607.7999877929688,8028,0.0,607.5599975585938,604.8000030517578,598.684999593099,0.0013585164152407146,1874.35,0.8574733919481721,83.33319204848895,0.011998585281936869,0.022215929467989337,607.7999877929688,0.0,0
2023-01-24,607.7999877929688,608.4000244140625,607.2000122070312,607.7999877929688,113,0.0,607.6799926757812,605.2500030517579,598.9149993896484,0.0013585164152407146,1880.0,-0.9859242650722472,83.33319204848895,-0.0010732912426442143,-0.0020417924810962607,607.7999877929688,0.0,0
2023-01-25,607.7999877929688,607.7999877929688,607.2000122070312,607.7999877929688,25,0.0,607.7999877929688,605.7150024414062,599.134999593099,0.0013387682225377664,1879.1,-0.7787610619469026,78.94719934895973,0.00037479733110745705,-0.0022193159541418206,607.7999877929688,0.0,0
2023-01-26,607.7999877929688,608.4000244140625,607.7999877929688,607.7999877929688,135,0.0,607.7999877929688,606.0450012207032,599.3549997965495,0.0010169814897614505,1799.0,4.4,77.77765219160432,0.010990368001509987,0.019497393867020207,609.0,0.001974353786002414,1
2023-01-27,608.4000244140625,609.0,608.4000244140625,609.0,7892,0.001974353786002414,608.039990234375,606.375,599.5849995930989,0.001015365855650851,2078.6,57.45925925925926,77.77765219160432,0.0022976965430050456,0.00995436511961656,609.5999755859375,0.0009851815861041668,1
2023-01-30,610.2000122070312,610.7999877929688,609.0,609.5999755859375,7317,0.0009851815861041668,608.3999877929688,606.7349975585937,599.8249989827474,0.00101140020580273,2444.2,-0.0728585909782058,76.47023624308864,-0.012546826143231882,-0.020218796173982145,610.2000122070312,0.0009843120818977535,1
2023-01-31,610.7999877929688,610.7999877929688,609.9000244140625,610.2000122070312,7203,0.0009843120818977535,608.8799926757813,607.0949981689453,600.0649993896484,0.0010111600054049522,2804.2,-0.015580155801558027,100.0,0.014703349315466685,0.014986069067273622,610.5,0.0004916220697599449,1
2023-02-01,610.2000122070312,610.7999877929688,610.2000122070312,610.5,26282,0.0004916220697599449,609.4199951171875,607.4699981689453,600.309999593099,0.0010018894830790936,4076.15,2.648757462168541,100.0,0.010627771821197785,0.021383539525350326,610.7999877929688,0.000491380496263405,1
2023-02-02,610.7999877929688,610.7999877929688,610.2000122070312,610.7999877929688,20875,0.000491380496263405,610.0199951171875,607.7849975585938,600.559999593099,0.0009001837608415287,4261.65,-0.20573015752225854,100.0,0.01455698920162063,0.03588989535773224,610.2000122070312,-0.0009822783201182128,0
2023-02-03,609.5999755859375,610.7999877929688,609.5999755859375,610.2000122070312,40,-0.0009822783201182128,610.2599975585938,608.0549987792969,600.8,0.0009608122967183781,4256.05,-0.9980838323353294,85.7147009242574,-0.010629091340170427,-0.017772387152659608,610.5,0.0004916220697599449,1
2023-02-06,610.7999877929688,610.7999877929688,610.5,610.5,3,0.0004916220697599449,610.4400024414062,608.2799987792969,601.0450002034505,0.0008903524742620495,4234.95,-0.925,86.66702836138728,-0.006111360480051453,-0.008459064602020616,610.2000122070312,-0.0004913804962632939,0
2023-02-07,610.5,610.5,610.2000122070312,610.2000122070312,178,-0.0004913804962632939,610.4400024414062,608.4449981689453,601.2950002034505,0.0008695502921919248,4199.2,58.333333333333336,81.25047684443427,0.013078632712971272,0.020718760897250332,610.7999877929688,0.0009832441395198899,1
2023-02-08,610.5,610.7999877929688,610.5,610.7999877929688,125,0.0009832441395198899,610.5,608.6999969482422,601.5549997965495,0.0007025282731448862,4205.2,-0.297752808988764,81.25047684443427,-0.010934773280246723,-0.017781107779796024,610.2000122070312,-0.0009822783201182128,0
2023-02-09,610.2000122070312,610.2000122070312,610.2000122070312,610.2000122070312,2,-0.0009822783201182128,610.3800048828125,608.8799987792969,601.7950002034505,0.0007218769636383459,4199.55,-0.984,72.22285016728456,-0.00866917718618343,-0.008837935685383713,609.9000244140625,-0.0004916220697599449,0
2023-02-10,610.2000122070312,610.2000122070312,609.9000244140625,609.9000244140625,12,-0.0004916220697599449,610.3200073242188,609.0149993896484,602.0200002034505,0.0007229939616101418,4157.25,5.0,68.42172893443413,0.0023336663037101246,-0.006563181241116989,610.2000122070312,0.0004918638808990572,1
2023-02-13,610.2000122070312,611.4000244140625,610.2000122070312,610.2000122070312,262,0.0004918638808990572,610.260009765625,609.1649993896484,602.2600006103515,0.0007234064154341701,4165.6,20.833333333333332,70.00061036398039,0.011738991096546858,0.016015974632836993,610.2000122070312,0.0,0
2023-02-14,610.2000122070312,610.2000122070312,610.2000122070312,610.2000122070312,170,0.0,610.260009765625,609.3149993896484,602.5500010172526,0.0007234064154341701,4150.75,-0.35114503816793896,70.00061036398039,-0.00046016987623753725,0.00738916256157629,610.2000122070312,0.0,0
2023-02-15,609.5999755859375,610.2000122070312,609.5999755859375,610.2000122070312,2508,0.0,610.1400146484375,609.4649993896485,602.8400014241537,0.0007234064154341701,4274.75,13.75294117647059,70.00061036398039,0.0032473737163669636,0.007660981592553018,609.0,-0.0019665883038758603,0
2023-02-16,610.2000122070312,610.2000122070312,609.0,609.0,1188,-0.0019665883038758603,609.9000122070313,609.525,603.1100016276042,0.0008539541052848328,4334.0,-0.5263157894736843,50.0,-0.013768810222142602,-0.01876421286321328,609.2999877929688,0.0004925907930521944,1
2023-02-17,609.2999877929688,609.2999877929688,609.2999877929688,609.2999877929688,38,0.0004925907930521944,609.7800048828125,609.6,603.3800018310546,0.0008580431544240998,4119.8,-0.968013468013468,47.368477411202846,-0.002498258589011204,-0.007055668371210522,609.0,-0.0004923482668288681,0
2023-02-21,609.5999755859375,609.5999755859375,609.0,609.0,22,-0.0004923482668288681,609.5400024414063,609.6600006103515,603.6300018310546,0.0008687716422325234,3719.5,-0.42105263157894735,38.88844932237683,-0.0200609272499801,-0.02367513878374139,609.2999877929688,0.0004925907930521944,1
2023-02-22,609.5999755859375,609.5999755859375,609.0,609.2999877929688,327,0.0004925907930521944,609.3599975585937,609.7350006103516,603.8650014241537,0.0008727909133917715,3730.2,13.863636363636363,38.88844932237683,-0.0013781046831931043,0.0007482271251793016,609.5999755859375,0.0004923482668288681,1
2023-02-23,610.0800170898438,610.2000122070312,609.5999755859375,609.5999755859375,10,0.0004923482668288681,609.239990234375,609.825,604.1150014241537,0.0008760581716592947,3729.45,-0.9694189602446484,38.88844932237683,0.005319403502116682,0.008734094559791794,609.5999755859375,0.0,0
2023-02-24,609.5999755859375,609.5999755859375,609.5999755859375,609.5999755859375,0,0.0,609.3599853515625,609.9149993896484,604.3550008138021,0.0008760581716592947,3722.7,-1.0,43.74944367441919,-0.01068237093839386,-0.01674415840598764,609.5999755859375,0.0,0
2023-02-27,609.5999755859375,609.9000244140625,609.5999755859375,609.5999755859375,2070,0.0,609.4199829101562,609.9449981689453,604.5850006103516,0.0007634555683077997,3431.6,inf,39.99945745056018,0.0034058380515806785,0.00716120025417899,610.2000122070312,0.0009843120818977535,1
2023-02-28,609.5999755859375,610.2000122070312,609.5999755859375,610.2000122070312,165,0.0009843120818977535,609.6599853515625,609.975,604.830000813802,0.0007633995047621613,3074.0,-0.9202898550724637,50.0,-0.0036959776232566854,-0.0012927974404852716,609.0,-0.0019665883038758603,0
2023-03-01,609.0,609.0,609.0,609.0,8,-0.0019665883038758603,609.5999877929687,609.9149993896484,605.0500010172526,0.000853104710647296,2714.25,-0.9515151515151515,33.33333333333333,-0.003835914535380569,-0.008039192571159037,609.5999755859375,0.0009851815861041668,1
2023-03-02,609.5999755859375,610.7999877929688,609.5999755859375,609.5999755859375,417,0.0009851815861041668,609.5999877929687,609.8699981689454,605.2850006103515,0.0008778408894035613,1421.0,51.125,44.444067681665594,0.007777289862108905,0.008276006330720342,609.5999755859375,0.0,0
2023-03-03,609.5999755859375,609.5999755859375,609.5999755859375,609.5999755859375,958,0.0,609.5999877929687,609.8099975585938,605.5200002034505,0.000868023410571682,425.15,1.2973621103117505,47.05833074032409,0.016037819365946948,0.020673708753299547,610.2000122070312,0.0009843120818977535,1
2023-03-06,610.7999877929688,610.7999877929688,610.2000122070312,610.2000122070312,7,0.0009843120818977535,609.7199951171875,609.8099975585938,605.7600006103515,0.0008739436908349494,423.5,-0.9926931106471816,50.0,0.0006927404874084164,0.0011345313207427044,610.2000122070312,0.0,0
2023-03-07,610.2000122070312,610.2000122070312,610.2000122070312,610.2000122070312,0,0.0,609.7199951171875,609.7949981689453,605.9950012207031,0.0008662792172364191,423.35,-1.0,50.0,-0.015328731891906533,-0.012265824980126738,610.2000122070312,0.0,0
2023-03-08,610.2000122070312,610.2000122070312,610.2000122070312,610.2000122070312,0,0.0,609.9599975585937,609.7949981689453,606.2250010172526,0.0008592722453556995,414.45,,50.0,0.0016321199989792756,0.004994300481264036,610.2000122070312,0.0,0
2023-03-09,610.2000122070312,610.2000122070312,610.2000122070312,610.2000122070312,3,0.0,610.0800048828125,609.7649993896484,606.455000813802,0.0008276221368714585,408.35,inf,64.28581808669874,-0.01844985365837981,-0.01732591342156531,610.7999877929688,0.0009832441395198899,1
2023-03-10,610.2000122070312,610.7999877929688,610.2000122070312,610.7999877929688,930,0.0009832441395198899,610.3200073242188,609.7949981689453,606.6850006103516,0.0008276416530016376,454.75,309.0,66.66666666666666,-0.01442944614289643,-0.014043654130086902,609.0,-0.0029469348869385348,0
2023-03-13,609.0,610.5599975585938,609.0,609.0,153,-0.0029469348869385348,610.0800048828125,609.7499969482421,606.8850006103515,0.0010612562468559563,461.8,-0.8354838709677419,50.0,-0.001425250201672501,0.007416443385791949,609.0,0.0,0
2023-03-14,609.0,609.0,609.0,609.0,2,0.0,609.8400024414062,609.6899963378906,607.0950002034505,0.001053138092319741,448.8,-0.9869281045751634,47.368533767360184,0.016530065073970368,0.022979781277918887,609.0,0.0,0
2023-03-15,609.0,609.0,609.0,609.0,0,0.0,609.6,609.629995727539,607.3049997965495,0.001053138092319741,440.3,-1.0,44.44469561679138,-0.006254338800497861,0.005245981720445547,609.0,0.0,0
2023-03-16,609.0,609.0,609.0,609.0,0,0.0,609.3599975585937,609.5699951171875,607.4849995930989,0.001053138092319741,314.9,,44.44469561679138,0.01754517723408111,0.026360703428508492,609.0,0.0,0
2023-03-17,609.0,609.0,609.0,609.0,0,0.0,609.0,609.5699951171875,607.6549997965495,0.0009568888278446011,255.5,,44.44469561679138,-0.015450241961852518,-0.004726091778526009,610.7999877929688,0.002955644980244143,1
2023-03-20,610.7999877929688,610.7999877929688,610.7999877929688,610.7999877929688,2,0.002955644980244143,609.3599975585937,609.6449951171875,607.8649993896485,0.0011604174206747008,253.7,inf,54.54528640390627,0.009615631410812231,0.0019976941917858593,611.4000244140625,0.0009823782467022202,1
2023-03-21,611.4000244140625,611.4000244140625,611.4000244140625,611.4000244140625,33,0.0009823782467022202,609.8400024414062,609.7649963378906,608.075,0.001166059607077874,254.25,15.5,70.00020345052083,0.013130526631691453,0.014282429975987387,611.4000244140625,0.0,0
2023-03-22,611.4000244140625,611.4000244140625,611.4000244140625,611.4000244140625,0,0.0,610.3200073242188,609.8699981689454,608.2850006103515,0.0011646962011378611,237.9,-1.0,66.66704342518706,-0.017046497325513887,-0.013597993395954355,610.7999877929688,-0.0009814141268129628,0
2023-03-23,610.739990234375,611.0999755859375,610.5,610.7999877929688,422,-0.0009814141268129628,610.6800048828125,609.9299987792969,608.490000406901,0.0011897593342995911,258.5,inf,60.0,0.0027033947508923184,0.011858111004551919,611.4000244140625,0.0009823782467022202,1
2023-03-24,611.3400268554688,611.4000244140625,610.7999877929688,611.4000244140625,195,0.0009823782467022202,611.160009765625,610.0200012207031,608.6600006103515,0.0012056295065169427,268.25,-0.5379146919431279,60.0,0.006562012575101583,0.0036804347003631666,611.4000244140625,0.0,0
2023-03-27,611.4000244140625,611.4000244140625,611.4000244140625,611.4000244140625,37,0.0,611.2800170898438,610.1100036621094,608.8100006103516,0.0012056295065169427,166.6,-0.8102564102564103,60.0,0.0018698426642451693,-0.00685131326981081,614.4000244140625,0.004906771148521116,1
2023-03-28,614.4000244140625,614.4000244140625,614.4000244140625,614.4000244140625,12,0.004906771148521116,611.8800170898437,610.3200042724609,609.0100006103515,0.0016025230468474949,158.95,-0.6756756756756757,73.33324291149285,-0.002244657249312332,-0.00531161613086617,614.4000244140625,0.0,0
2023-03-29,617.4000244140625,617.4000244140625,614.4000244140625,614.4000244140625,5,0.0,612.4800170898437,610.5900054931641,609.2000010172526,0.0015109893657296422,158.8,-0.5833333333333333,73.33324291149285,0.014534883496678752,0.018233935245338895,612.0,-0.003906289581207867,0
2023-03-30,612.0,612.0,612.0,612.0,2,-0.003906289581207867,612.72001953125,610.7100067138672,609.3500010172526,0.001788863137573424,138.05,-0.6,55.55555555555556,0.005855253688247242,0.009465309041710723,612.0,0.0,0
2023-03-31,612.0,612.0,612.0,612.0,0,0.0,612.8400146484375,610.8300079345703,609.4750010172526,0.001788863137573424,90.15,-1.0,66.66644061359844,0.014094630342711634,0.016630765717838836,615.0,0.004901960784313708,1
2023-04-03,615.0,615.0,615.0,615.0,5,0.004901960784313708,613.560009765625,611.0700073242188,609.6450012207031,0.0020716395950095513,90.05,inf,74.99974568943594,0.003810541299922532,-0.002430432795618609,612.9000244140625,-0.003414594448678865,0
2023-04-04,611.4000244140625,615.0,611.4000244140625,612.9000244140625,237,-0.003414594448678865,613.260009765625,611.2050079345703,609.7600016276042,0.0022396960846008842,101.9,46.4,63.82977802403297,-0.0055481170740256935,-0.0033733768322820046,613.7999877929688,0.00146836897219349,1
2023-04-05,612.5999755859375,613.7999877929688,612.5999755859375,613.7999877929688,282,0.00146836897219349,613.1400024414063,611.3850067138671,609.8750010172527,0.002256003455719647,116.0,0.1898734177215189,65.99989420615964,-0.0026182672793729767,-0.00987242242823394,615.0,0.0019550541396164967,1
2023-04-06,618.0,618.0,612.5999755859375,615.0,67,0.0019550541396164967,613.7400024414062,611.6250061035156,610.0300008138021,0.0022846508671347083,119.2,-0.7624113475177305,68.51843479440288,0.003900874175862601,0.006742131788752825,618.0,0.004878048780487809,1
2023-04-10,657.0,657.0,613.2000122070312,618.0,130,0.004878048780487809,614.9400024414062,611.9850067138672,610.2200012207031,0.002493902182293756,79.2,0.9402985074626866,70.68958864611359,0.0010263762742257487,-0.0005659257434036391,613.2000122070312,-0.00776697053878439,0
2023-04-11,616.7999877929688,616.7999877929688,613.2000122070312,613.2000122070312,87,-0.00776697053878439,614.5800048828125,612.1950073242188,610.3200012207031,0.0030290683487807658,75.9,-0.3307692307692308,54.16663134545557,0.0002685868828276039,-0.006417744915401036,615.0,0.00293540077810861,1
2023-04-12,615.0,615.0,615.0,615.0,17,0.00293540077810861,615.0,612.4950073242187,610.4500010172526,0.003081969327041247,76.65,-0.8045977011494253,57.69224749990871,-0.004075987071070042,-0.008833797124914167,615.0,0.0,0
2023-04-13,615.0,615.9000244140625,615.0,615.0,117,0.0,615.2400024414062,612.7950073242188,610.580000813802,0.003081969327041247,82.5,5.882352941176471,59.21055801689176,0.013282719249790409,0.019582177087542618,615.0,0.0,0
2023-04-14,615.0,615.0,615.0,615.0,0,0.0,615.2400024414062,613.0950073242187,610.7100006103516,0.003081969327041247,82.5,-1.0,58.108070954899866,-0.0024427643181926806,-0.0018798949721868796,618.5999755859375,0.0058536188389226584,1
2023-04-17,618.5999755859375,618.5999755859375,618.5999755859375,618.5999755859375,5,0.0058536188389226584,615.3599975585937,613.5750061035156,610.8900004069011,0.0033025556429552246,82.75,inf,63.95343335557101,0.003588253447581513,0.0008475029270320622,618.5999755859375,0.0,0
2023-04-18,618.5999755859375,618.5999755859375,618.5999755859375,618.5999755859375,0,0.0,616.439990234375,613.9650054931641,611.0700002034505,0.0032663613969946105,82.65,-1.0,59.21044882399867,0.0006522418999843627,6.269293031446743e-05,616.7999877929688,-0.002909776695777966,0
2023-04-19,616.7999877929688,616.7999877929688,616.7999877929688,616.7999877929688,3,-0.002909776695777966,616.7999877929688,614.2350036621094,611.2200002034505,0.003359490942747994,81.15,inf,54.877991291295025,-0.0001689404120717164,-0.0004704067721730265,614.6400146484375,-0.003501902054602879,0
2023-04-20,616.7999877929688,616.7999877929688,614.6400146484375,614.6400146484375,23,-0.003501902054602879,616.7279907226563,614.3970031738281,611.3340006510417,0.00347324471846625,82.3,6.666666666666667,55.41877969091382,-0.005457115192173623,-0.007624463433628326,614.6400146484375,0.0,0
2023-04-21,614.6400146484375,614.6400146484375,614.6400146484375,614.6400146484375,0,0.0,616.6559936523438,614.5890045166016,611.4480010986329,0.0034615465694974026,61.2,-1.0,55.41877969091382,0.0007769430912525355,0.0010433368329936243,614.6400146484375,0.0,0
2023-04-24,614.6400146484375,614.6400146484375,614.6400146484375,614.6400146484375,0,0.0,615.8640014648438,614.7510040283203,611.562001546224,0.0034586080904725337,51.45,,49.15733226654475,0.0010431651214151128,-0.002084498831578019,614.6400146484375,0.0,0
2023-04-25,614.6400146484375,614.6400146484375,614.6400146484375,614.6400146484375,0,0.0,615.0720092773438,614.9130035400391,611.6560017903646,0.0034586080904725337,49.6,,54.517134943622956,-0.015873829418699414,-0.018863813079237568,614.6400146484375,0.0,0
2023-04-26,614.6400146484375,614.6400146484375,614.6400146484375,614.6400146484375,0,0.0,614.6400146484375,614.9250030517578,611.7400024414062,0.003281901804696286,49.0,,52.287664265364405,-0.004235621743444495,0.006064727707469242,614.6400146484375,0.0,0
2023-04-27,614.6400146484375,614.6400146484375,614.6400146484375,614.6400146484375,0,0.0,614.6400146484375,614.9370025634765,611.8140024820964,0.003281901804696286,48.75,,48.95108626061719,0.01990804877378749,0.02719085233942331,614.4000244140625,-0.0003904565740195931,0
2023-04-28,614.4000244140625,614.4000244140625,614.4000244140625,614.4000244140625,7,-0.0003904565740195931,614.5920166015625,615.0570037841796,611.8790028889974,0.0031518475077897835,49.0,inf,37.5,0.008535168842693341,0.006898677736762782,614.4000244140625,0.0,0
2023-05-01,619.2000122070312,619.2000122070312,614.4000244140625,614.4000244140625,7,0.0,614.5440185546875,615.1770050048829,611.9390034993489,0.0031518475077897835,49.35,0.0,56.25011921035064,-0.0010097442299229487,-0.00114705828369277,615.5999755859375,0.0019530454495333416,1
2023-05-02,615.5999755859375,615.5999755859375,615.0,615.5999755859375,450,0.0019530454495333416,614.7360107421875,615.2070037841797,612.0290028889974,0.002984884908902651,71.6,63.28571428571429,53.33324290965318,-0.011239232071373118,-0.008721554167729906,616.2000122070312,0.0009747183965085338,1
2023-05-03,616.2000122070312,616.2000122070312,615.9000244140625,616.2000122070312,393,0.0009747183965085338,615.0480102539062,615.3720031738281,612.1240030924479,0.0028758828607700817,79.4,-0.1266666666666667,56.25011921035064,-0.006864003868551016,-0.006543917295816604,615.0,-0.00194743944053688,0
2023-05-04,618.0,618.0,615.0,615.0,3,-0.00194743944053688,615.1200073242187,615.4320037841796,612.2040028889974,0.0029024281395224985,65.45,-0.9923664122137404,50.0,-0.007082947425800068,-0.0035298783038386627,615.0,0.0,0
2023-05-05,615.0,615.0,615.0,615.0,0,0.0,615.2400024414062,615.4320037841796,612.274003092448,0.0028694568866538565,62.1,-1.0,25.0,0.018512575986983304,0.021254391420137297,615.5999755859375,0.0009755700584348492,1
2023-05-08,615.5999755859375,615.5999755859375,615.5999755859375,615.5999755859375,3,0.0009755700584348492,615.4799926757812,615.3120025634765,612.3640024820963,0.0026444314382443397,55.75,inf,30.76905019014977,0.0002665471494098792,0.002477586040682489,615.5999755859375,0.0,0
2023-05-09,618.0,618.0,615.5999755859375,615.5999755859375,3,0.0,615.4799926757812,615.4320007324219,612.4590016682943,0.0019533432955182407,51.55,0.0,39.99979654740954,-0.004385321513347806,-0.006333182296354156,615.5999755859375,0.0,0
2023-05-10,615.5999755859375,615.5999755859375,615.5999755859375,615.5999755859375,250,0.0,615.3599853515625,615.4619995117188,612.5490010579427,0.0018439860648697582,63.2,82.33333333333333,62.499602632164546,0.0046723613801760155,0.010881730632382958,615.5999755859375,0.0,0
2023-05-11,615.5999755859375,615.5999755859375,615.5999755859375,615.5999755859375,2,0.0,615.47998046875,615.4919982910156,612.6390004475911,0.0018439860648697582,57.45,-0.992,62.499602632164546,-0.001743977740241598,0.0032601264404195085,615.5999755859375,0.0,0
2023-05-12,615.5999755859375,615.5999755859375,615.5999755859375,615.5999755859375,2,0.0,615.5999755859375,615.5219970703125,612.7289998372396,0.0018439860648697582,57.55,0.0,62.499602632164546,-0.001310286896183177,-0.00358679762093872,618.0,0.003898675291171161,1
2023-05-15,616.2000122070312,618.0,616.2000122070312,618.0,5,0.003898675291171161,616.07998046875,615.4919982910156,612.8789998372396,0.0015482769633575683,57.55,1.5,76.92300168238194,0.0034500678839837207,0.005414914845506491,619.2000122070312,0.0019417673252932754,1
2023-05-16,618.0,619.2000122070312,618.0,619.2000122070312,5,0.0019417673252932754,616.7999877929688,615.5220001220703,613.0440002441406,0.001611014751548173,57.8,0.0,80.64513482694406,-0.006682670396272572,0.0011322106169493473,618.0,-0.0019380041721155372,0
2023-05-17,618.0,618.0,618.0,618.0,2,-0.0019380041721155372,617.2799926757813,615.5820007324219,613.1940002441406,0.001529658216544878,57.75,-0.6,69.44432670707414,0.01213896645052559,0.012104142959871167,618.0,0.0,0
2023-05-18,618.0,618.0,618.0,618.0,0,0.0,617.7599975585938,615.75,613.3390004475912,0.0012751115966117687,56.6,-1.0,71.42836382660253,0.009633215071565893,0.018573308731500315,619.7999877929688,0.0029126016067455573,1
2023-05-19,621.5999755859375,621.5999755859375,619.7999877929688,619.7999877929688,8,0.0029126016067455573,618.6,616.0079986572266,613.5090006510417,0.0014022311782229625,57.0,inf,76.47037704123458,-0.0014550863563069782,-0.002253326037900405,619.7999877929688,0.0,0
2023-05-22,620.4000244140625,620.4000244140625,619.7999877929688,619.7999877929688,137,0.0,618.9599975585937,616.2659973144531,613.6790008544922,0.0014022311782229625,63.85,16.125,73.33324291149285,0.0004061283018428341,0.0033580126891308293,619.7999877929688,0.0,0
2023-05-23,619.7999877929688,619.7999877929688,619.7999877929688,619.7999877929688,0,0.0,619.0799926757812,616.5239959716797,613.8490010579427,0.0014022311782229625,63.85,-1.0,71.42836382660253,-0.011222837486886017,-0.012676309415907139,619.7999877929688,0.0,0
2023-05-24,619.7999877929688,619.7999877929688,619.7999877929688,619.7999877929688,0,0.0,619.439990234375,616.7819946289062,614.0090006510417,0.0014022311782229625,63.85,,83.33319204848895,-0.007244801918740551,-0.005129564225516692,622.7999877929688,0.004840271150508668,1
2023-05-25,616.2000122070312,624.0,616.2000122070312,622.7999877929688,15,0.004840271150508668,620.3999877929688,617.1899932861328,614.2390004475911,0.0017100204411800402,64.6,inf,88.2351885206173,0.008659898295524604,0.024332903581290477,622.7999877929688,0.0,0
2023-05-26,622.7999877929688,622.7999877929688,622.7999877929688,622.7999877929688,0,0.0,620.9999877929688,617.6099914550781,614.4590006510417,0.001699581005381036,64.25,-1.0,87.49992052744346,0.012950669712364915,0.025550431663110107,622.7999877929688,0.0,0
2023-05-30,622.7999877929688,622.7999877929688,622.7999877929688,622.7999877929688,0,0.0,621.5999877929687,618.0299896240234,614.6790008544922,0.001699581005381036,63.9,,87.49992052744346,0.00038094297008361977,0.004535066353397177,624.0,0.001926801911611653,1
2023-05-31,624.0,624.0,624.0,624.0,3,0.001926801911611653,622.439990234375,618.4499908447266,614.9090006510417,0.001698556686764196,41.55,inf,88.88882609580216,-0.005545210654671728,-0.005686098318429034,624.0,0.0,0
2023-06-01,619.2000122070312,624.0,619.2000122070312,624.0,15,0.0,623.2799926757813,618.839990234375,615.1390004475911,0.0017036087555064357,22.65,4.0,88.88882609580216,0.009501019894013307,0.011552112543646631,623.7000122070312,-0.00048074966821920473,0
2023-06-02,624.0,624.0,623.7000122070312,623.7000122070312,3,-0.00048074966821920473,623.4599975585937,619.2749908447265,615.3640004475911,0.001616117544232785,22.65,-0.8,86.48653107009122,0.014461158782416605,0.007499741648304692,624.0,0.00048098089962711477,1
2023-06-05,622.2000122070312,624.0,622.2000122070312,624.0,2,0.00048098089962711477,623.7,619.7249908447266,615.5940002441406,0.0016086539698444825,22.75,-0.33333333333333337,83.33333333333333,-0.0019162630830240612,0.0007049203561326767,622.2000122070312,-0.00288459582206535,0
2023-06-06,622.2000122070312,622.2000122070312,622.2000122070312,622.2000122070312,5,-0.00288459582206535,623.5800048828125,620.0549926757812,615.7840006510417,0.0017978246040663138,22.85,1.5,65.62503973653091,0.0021774588210983215,-0.00016905483129214804,624.0,0.0028929407869728863,1
2023-06-07,618.5999755859375,624.0,618.5999755859375,624.0,3,0.0028929407869728863,623.5800048828125,620.4749938964844,616.0340006510417,0.001867550444705211,22.85,-0.4,79.41190550276454,-0.003457727240027575,-0.01696536206684951,624.0,0.0,0
2023-06-08,624.0,624.0,624.0,624.0,0,0.0,623.5800048828125,620.8949951171875,616.2840006510417,0.001867550444705211,10.35,-1.0,79.41190550276454,0.0060485691329945634,0.01241324029972013,622.2000122070312,-0.00288459582206535,0
2023-06-09,622.2000122070312,622.2000122070312,622.2000122070312,622.2000122070312,22,-0.00288459582206535,623.2800048828125,621.2249969482422,616.5040008544922,0.002027344147696983,11.35,inf,61.76488187845569,0.0017943024372815142,0.003822755562361335,622.7999877929688,0.0009642808970853345,1
2023-06-12,626.4000244140625,626.4000244140625,622.7999877929688,622.7999877929688,5,0.0009642808970853345,623.0400024414063,621.5849975585937,616.7340006510417,0.0020254088501317096,11.5,-0.7727272727272727,63.8889830795836,0.009071863112013467,0.016897010534203005,624.0,0.001926801911611653,1
2023-06-13,619.2000122070312,624.0,619.2000122070312,624.0,17,0.001926801911611653,623.4,621.8849975585938,616.9840006510417,0.001899626993868381,12.1,2.4,67.5001398729445,0.006592936721117493,0.007684040074036558,624.0,0.0,0
2023-06-14,624.0,624.0,624.0,624.0,3,0.0,623.4,622.1249969482421,617.2040008544922,0.0018706502032232012,12.0,-0.8235294117647058,67.5001398729445,0.0011908327057914558,0.007267478004426398,623.7000122070312,-0.00048074966821920473,0
2023-06-15,623.4000244140625,623.7000122070312,623.4000244140625,623.7000122070312,8,-0.00048074966821920473,623.3400024414062,622.4099975585938,617.4090006510417,0.0018024258288620817,12.3,1.6666666666666665,54.83887904443132,0.012397670338390565,0.011915867564551208,623.7000122070312,0.0,0
2023-06-16,623.7000122070312,623.7000122070312,623.7000122070312,623.7000122070312,0,0.0,623.6400024414063,622.6949981689453,617.6140004475911,0.0018024258288620817,12.3,-1.0,54.83887904443132,-0.007094474932526573,-0.0062929212671891666,622.5,-0.0019240214583047255,0
2023-06-20,625.7999877929688,625.7999877929688,622.2000122070312,622.5,182,-0.0019240214583047255,623.5800048828125,622.8299987792968,617.8090006510416,0.0017804709843798506,21.0,inf,48.57147839633555,-0.0051881828235322835,-0.002799442284675324,621.780029296875,-0.001156579442771033,0
2023-06-21,624.6599731445312,624.6599731445312,619.7999877929688,621.780029296875,57,-0.001156579442771033,623.1360107421875,622.9290008544922,617.9820007324219,0.0018065455674207277,17.0,-0.6868131868131868,38.922188516501585,-0.005123725403500368,-0.01362769169576672,621.9000244140625,0.00019298644461640535,1
2023-06-22,625.7999877929688,625.7999877929688,621.9000244140625,621.9000244140625,275,0.00019298644461640535,622.716015625,623.0340026855469,618.1570007324219,0.0018061554930723582,30.75,3.8245614035087723,39.644981099366774,0.0036097101103738094,0.011798893626042473,620.4000244140625,-0.002411963243470261,0
2023-06-23,624.5999755859375,624.5999755859375,620.4000244140625,620.4000244140625,3,-0.002411963243470261,622.0560180664063,623.0640045166016,618.2570007324218,0.0018964209126252976,30.9,-0.9890909090909091,35.44966710263573,-0.007560006040454259,-0.009913441160382952,620.4000244140625,0.0,0
2023-06-26,620.4000244140625,620.4000244140625,620.4000244140625,620.4000244140625,0,0.0,621.3960205078125,622.9440063476562,618.3570007324219,0.0015255214792354772,30.15,-1.0,33.69564015524277,-0.004085752980273583,-0.013405460789408075,620.4000244140625,0.0,0
2023-06-27,620.4000244140625,620.4000244140625,620.4000244140625,620.4000244140625,0,0.0,620.976025390625,622.824008178711,618.497001139323,0.0015255214792354772,30.15,,40.25973168105583,0.010963311143060928,0.01719412330132486,620.4000244140625,0.0,0
2023-06-28,620.4000244140625,620.4000244140625,620.4000244140625,620.4000244140625,0,0.0,620.7000244140625,622.7040100097656,618.6370015462239,0.0015255214792354772,30.15,,25.806425149307614,0.0005043932731050305,0.001951521311768678,623.7000122070312,0.005319129050785243,1
2023-06-29,623.4000244140625,623.7000122070312,623.4000244140625,623.7000122070312,80,0.005319129050785243,621.0600219726563,622.6890106201172,618.7820017496745,0.0019128981311675947,34.0,inf,48.60339957832045,0.003941361271775801,-0.0020025538191047465,623.4000244140625,-0.00048098089962711477,0
2023-06-30,623.7000122070312,623.7000122070312,623.4000244140625,623.4000244140625,267,-0.00048098089962711477,621.6600219726563,622.6590118408203,618.9570017496745,0.001915624443895517,46.6,2.3375,56.49362230574621,0.011800720368392525,0.015420180607425671,623.7000122070312,0.0004812123535777868,1
2023-07-03,623.7000122070312,623.7000122070312,623.7000122070312,623.7000122070312,32,0.0004812123535777868,622.32001953125,622.6590118408203,619.1220021565755,0.0019162200287295198,48.05,-0.8801498127340824,55.03372658255503,0.0011505363811348257,0.002355029737330927,623.7000122070312,0.0,0
2023-07-05,623.7000122070312,623.7000122070312,623.4000244140625,623.7000122070312,18,0.0,622.9800170898437,622.6440124511719,619.267002360026,0.0019129042543505532,48.85,-0.4375,48.06207663373051,-0.00148719811037068,-2.703223255828835e-05,624.0,0.00048098089962711477,1
2023-07-06,624.0,624.0,624.0,624.0,880,0.00048098089962711477,623.7000122070312,622.7340118408204,619.367002360026,0.0017920745902444942,92.6,47.888888888888886,50.0,-0.007830661842952336,-0.007615878074742066,624.0,0.0,0
2023-07-07,624.0,624.0,624.0,624.0,0,0.0,623.760009765625,622.7340118408204,619.5470021565756,0.0016713705519234875,92.45,-1.0,51.93792336626948,-0.00252471423348688,-0.0033200926606244963,624.0,0.0,0
2023-07-10,624.0,624.0,624.0,624.0,0,0.0,623.8800048828125,622.7340118408204,619.6970021565755,0.0016713705519234875,92.45,,51.93792336626948,0.0025311045491687167,0.0003276406738399462,624.5999755859375,0.0009614993364384095,1
2023-07-11,624.5999755859375,624.5999755859375,624.5999755859375,624.5999755859375,3,0.0009614993364384095,624.0599975585938,622.8540100097656,619.8570017496745,0.0015377681005141405,91.5,inf,64.70593263805779,0.006368529703967729,0.004940572520317543,624.5999755859375,0.0,0
2023-07-12,624.5999755859375,624.5999755859375,624.5999755859375,624.5999755859375,0,0.0,624.239990234375,622.9440093994141,620.0170013427735,0.0015274157985112032,91.25,-1.0,71.96246577426224,0.008045919692956538,0.01263001799954333,624.5999755859375,0.0,0
2023-07-13,624.5999755859375,627.0,624.5999755859375,624.5999755859375,58,0.0,624.3599853515625,622.974008178711,620.1170013427734,0.0014687832821277233,93.3,inf,71.42843302524753,0.007936883171425269,0.016978666509066542,624.5999755859375,0.0,0
2023-07-14,625.2000122070312,625.2000122070312,624.5999755859375,624.5999755859375,8,0.0,624.47998046875,623.0040069580078,620.2170013427734,0.0014687832821277233,93.55,-0.8620689655172413,93.75015894814476,-0.0006228285007950918,-0.0002109628736732816,624.5999755859375,0.0,0
2023-07-17,624.5999755859375,624.5999755859375,624.5999755859375,624.5999755859375,0,0.0,624.5999755859375,623.0490051269531,620.347001139323,0.001463580681048093,93.15,-1.0,93.75015894814476,0.003472216797614669,0.00933858643244223,624.5999755859375,0.0,0
2023-07-18,624.5999755859375,624.5999755859375,624.5999755859375,624.5999755859375,0,0.0,624.5999755859375,623.0940032958985,620.5130004882812,0.001463580681048093,93.15,,93.75015894814476,0.007430587638025177,0.00818066700464315,631.7999877929688,0.011527397515949112,1
2023-07-19,631.7999877929688,631.7999877929688,631.5,631.7999877929688,197,0.011527397515949112,626.0399780273438,623.5590026855468,620.7990000406901,0.00289158807036731,93.9,inf,97.50008901005559,0.002223760453105239,-0.00023330829099654782,632.4000244140625,0.0009497255977952701,1
2023-07-20,631.7999877929688,640.7999877929688,631.7999877929688,632.4000244140625,2212,0.0009497255977952701,627.5999877929687,624.0900024414062,621.0950002034505,0.0028568067386912726,201.65,10.228426395939087,96.77432057281241,-0.006634489126235876,-0.023051949362264512,632.4000244140625,0.0,0
2023-07-21,632.4000244140625,632.4000244140625,632.4000244140625,632.4000244140625,97,0.0,629.1599975585938,624.6150024414062,621.391000366211,0.0028594709376785713,192.75,-0.9561482820976492,100.0,0.0,-0.0029992697035852167,632.4000244140625,0.0,0
2023-07-24,632.4000244140625,632.4000244140625,632.4000244140625,632.4000244140625,48,0.0,630.7200073242187,625.2150024414062,621.6870005289713,0.002764320142036624,195.0,-0.5051546391752577,100.0,0.004467290822171233,0.001597332736246182,633.5999755859375,0.0018974559227551424,1
2023-07-25,630.0,633.5999755859375,630.0,633.5999755859375,8,0.0018974559227551424,632.5200073242188,625.875,622.0029998779297,0.0027621279415490025,195.4,-0.8333333333333334,100.0,0.00273005328280318,0.006777736274370172,634.7999877929688,0.0018939587330657481,1
2023-07-26,634.2000122070312,654.0,633.0,634.7999877929688,672,0.0018939587330657481,633.1200073242187,626.5949981689453,622.3429992675781,0.0027564492755064516,229.0,83.0,100.0,0.00015371360408278356,-0.0033264949830658086,636.5999755859375,0.0028355195771614383,1
2023-07-27,645.4199829101562,645.4199829101562,634.2000122070312,636.5999755859375,92,0.0028355195771614383,633.9599975585937,627.404995727539,622.7129984537761,0.0027670057287488012,233.6,-0.8630952380952381,100.0,-0.006629974021435614,-0.0023839635586866414,634.2000122070312,-0.0037699708937268817,0
2023-07-28,641.4000244140625,641.4000244140625,632.4000244140625,634.2000122070312,68,-0.0037699708937268817,634.3199951171875,627.9299957275391,623.0229990641276,0.002816948950768036,233.0,-0.26086956521739135,84.00017903718684,0.009790323076682261,0.018214688434176507,635.4000244140625,0.0018921667990121627,1
2023-07-31,635.4000244140625,643.2000122070312,635.4000244140625,635.4000244140625,1417,0.0018921667990121627,634.9199951171875,628.529995727539,623.3429992675781,0.0028083972345409347,290.5,19.83823529411765,84.61559528933057,0.0019040424836307412,0.0005214918215392661,634.2000122070312,-0.001888593265538252,0
2023-08-01,634.7999877929688,635.4000244140625,633.5999755859375,634.2000122070312,5567,-0.001888593265538252,635.0400024414063,629.0549957275391,623.6629994710287,0.0028786637131843268,567.25,2.9287226534932955,78.57155832313053,-0.002861568697747563,-0.0023196000517322624,634.7999877929688,0.0009460352797054927,1
2023-08-02,634.7999877929688,634.7999877929688,634.7999877929688,634.7999877929688,87,0.0009460352797054927,635.0400024414063,629.609994506836,623.9929992675782,0.002871916321960429,570.7,-0.9843721932818394,79.31044159379265,-0.013910808689727716,-0.021944130486620583,636.0,0.0018903784343213825,1
2023-08-03,634.7999877929688,636.0,634.7999877929688,636.0,27,0.0018903784343213825,634.9200073242188,630.209994506836,624.3329996744792,0.0028787306136182082,528.05,-0.6896551724137931,80.64526714401035,-0.0028658577098359395,-0.0016026231470918084,634.7999877929688,-0.0018868116462755768,0
2023-08-04,633.5999755859375,635.4000244140625,633.5999755859375,634.7999877929688,32,-0.0018868116462755768,635.0400024414063,630.7499938964844,624.6529998779297,0.002941958589062298,529.65,0.18518518518518512,75.75762246341742,-0.004522767123829707,-0.004681773081127383,634.7999877929688,0.0,0
2023-08-07,634.7999877929688,634.7999877929688,634.7999877929688,634.7999877929688,33,0.0,634.9199951171875,631.2899932861328,624.9730000813802,0.002941958589062298,531.3,0.03125,75.75762246341742,0.008728528720920004,0.008466814923492327,634.7999877929688,0.0,0
2023-08-08,634.7999877929688,634.7999877929688,634.7999877929688,634.7999877929688,93,0.0,635.039990234375,631.7999938964844,625.2930002848308,0.002948104196329279,535.8,1.8181818181818183,61.90478497175908,-0.004348675405997704,-0.008502365256666033,637.7999877929688,0.004725898011482599,1
2023-08-09,636.0,637.7999877929688,636.0,637.7999877929688,183,0.004725898011482599,635.639990234375,632.459994506836,625.6630004882812,0.003066416227923716,544.95,0.967741935483871,67.99995117167632,-0.006685236768802283,-0.010994613811533993,636.0,-0.0028221822317642253,0
2023-08-10,636.0,636.0,636.0,636.0,5,-0.0028221822317642253,635.639990234375,633.029995727539,625.9630004882813,0.003180136001672119,542.3,-0.9726775956284153,60.71425976385105,0.0003589538129207259,0.0018482581854604163,637.7999877929688,0.0028301694857999493,1
2023-08-11,640.2000122070312,640.2000122070312,637.7999877929688,637.7999877929688,87,0.0028301694857999493,636.239990234375,633.6899963378906,626.2730000813802,0.003200436204707744,546.25,16.4,64.51609727604753,-0.0005830991982453959,-0.006375664361116695,634.7999877929688,-0.004703668951737017,0
2023-08-14,639.5999755859375,639.5999755859375,634.7999877929688,634.7999877929688,5,-0.004703668951737017,636.239990234375,634.1999969482422,626.5529998779297,0.0034452024188688273,546.5,-0.9425287356321839,52.94121166970348,0.005520007828496709,0.011222193039352124,634.7999877929688,0.0,0
2023-08-15,634.7999877929688,634.7999877929688,634.7999877929688,634.7999877929688,2,0.0,636.239990234375,634.7099975585937,626.8329996744792,0.0034452024188688273,546.6,-0.6,50.0,-0.011648860489082202,-0.0106115636857389,634.7999877929688,0.0,0
2023-08-16,634.7999877929688,634.7999877929688,634.7999877929688,634.7999877929688,8,0.0,635.639990234375,634.8599975585937,627.0829996744792,0.002348614846288838,537.15,3.0,44.827610398448165,-0.007338164990194795,-0.010588954589342392,634.7999877929688,0.0,0
2023-08-17,634.7999877929688,634.7999877929688,634.7999877929688,634.7999877929688,0,0.0,635.3999877929688,634.9799957275391,627.3329996744792,0.0023430938928259417,426.55,-1.0,51.99991861979166,-0.007619884432481627,-0.01092299299200128,639.0,0.006616276445803981,1
2023-08-18,639.0,639.0,639.0,639.0,20,0.006616276445803981,635.639990234375,635.3099945068359,627.6529998779297,0.00274683707032262,422.7,inf,59.999932183159714,0.00048131162979969666,-0.0012548990638172608,636.0,-0.0046948356807511304,0
2023-08-21,640.7999877929688,642.0,636.0,636.0,30,-0.0046948356807511304,635.8799926757813,635.4899932861329,627.9230000813802,0.002984219801533763,421.8,0.5,54.54542652194955,0.0065062917248353,0.01611143700612283,636.0,0.0,0
2023-08-22,636.0,636.0,636.0,636.0,0,0.0,636.1199951171875,635.609994506836,628.1430002848307,0.002960429450745414,421.4,-1.0,53.12502980230344,-0.002708613946659777,-0.0014289338345517821,636.0,0.0,0
2023-08-23,636.0,636.0,636.0,636.0,0,0.0,636.3599975585937,635.6699951171875,628.3630004882813,0.002933330822089929,387.8,,50.0,0.011137749516813678,0.015768562914180828,636.0,0.0,0
2023-08-24,636.0,636.0,636.0,636.0,2,0.0,636.6,635.6399963378906,628.5830006917317,0.002861731994712016,383.3,inf,53.57146749693916,-0.013859070825400499,-0.02137569950415863,636.0,0.0,0
2023-08-25,636.0,636.0,636.0,636.0,0,0.0,636.0,635.7299957275391,628.7830006917318,0.0027241950061927265,379.9,-1.0,53.57146749693916,0.007049798505337934,0.007751474955723703,641.4000244140625,0.00849060442462668,1
2023-08-28,641.4000244140625,657.0,641.4000244140625,641.4000244140625,40,0.00849060442462668,637.0800048828125,636.029995727539,629.0730010986329,0.0032880957040717787,311.05,inf,64.86493917107705,0.006341360859106304,0.007527116187705296,639.0,-0.0037418527014478897,0
2023-08-29,641.4000244140625,641.4000244140625,639.0,639.0,32,-0.0037418527014478897,637.6800048828125,636.2699951171875,629.3280008951823,0.003382960747396051,34.3,-0.19999999999999996,52.777801325251836,0.014454769525983568,0.021839838136021417,639.0,0.0,0
2023-08-30,639.0,639.0,639.0,639.0,0,0.0,638.2800048828125,636.4799957275391,629.5780008951823,0.003381279974703985,29.95,-1.0,57.5757388934785,0.004118813092065299,0.00557674413415854,641.4000244140625,0.003755906751271576,1
2023-08-31,641.4000244140625,641.4000244140625,641.4000244140625,641.4000244140625,8,0.003755906751271576,639.360009765625,636.7499969482421,629.8980010986328,0.0034514427231585845,29.0,inf,58.82358221012162,-0.0014633902747576144,0.0029984740400559318,652.7999877929688,0.017773562433709644,1
2023-09-01,654.0,654.0,652.7999877929688,652.7999877929688,7,0.017773562433709644,642.7200073242187,637.6499969482422,630.3780008951823,0.0051427090099156235,27.75,-0.125,81.24994701818336,0.0018652077861802674,-0.001058212933724434,642.0,-0.01654409925692879,0
2023-09-05,660.0,660.0,642.0,642.0,70,-0.01654409925692879,642.8400024414062,638.0099975585938,630.6780008951823,0.0065261712512307245,29.6,9.0,59.09091609677454,-0.0043219313293283435,0.0012712492147133325,654.0,0.01869158878504673,1
2023-09-06,645.0,654.0,645.0,654.0,20,0.01869158878504673,645.8400024414062,638.9699981689453,631.2080006917317,0.007675289991043696,25.95,-0.7142857142857143,68.60464978738253,-0.006722440297659893,-0.008807937750502481,649.3200073242188,-0.007155952103641061,0
2023-09-07,654.0,654.0,649.3200073242188,649.3200073242188,10,-0.007155952103641061,647.90400390625,639.5459991455078,631.6500010172526,0.007871333751903036,17.3,-0.5,62.89979741717746,-0.003070223462506516,-0.007151605768322411,648.0,-0.0020329072095873757,0
2023-09-08,648.0,648.0,648.0,648.0,8,-0.0020329072095873757,649.2239990234375,640.1459991455079,632.0500010172526,0.007853517656616587,17.45,-0.19999999999999996,58.42696243939349,0.0015060872225780564,0.0013975945199267148,648.5999755859375,0.0009258882499034726,1
2023-09-11,648.5999755859375,648.5999755859375,648.5999755859375,648.5999755859375,15,0.0009258882499034726,648.3839965820313,640.6859985351563,632.4600006103516,0.007841238873281765,13.85,0.875,62.35291724111519,0.006576636886363119,0.011782744126504596,648.2999877929688,-0.00046251588692669543,0
2023-09-12,648.2999877929688,648.2999877929688,648.2999877929688,648.2999877929688,22,-0.00046251588692669543,649.643994140625,641.3609985351562,632.8700002034506,0.007739285373758737,14.7,0.46666666666666656,61.98829504853664,-0.005485610225651083,-0.011088396058693273,648.2999877929688,0.0,0
2023-09-13,648.0,648.2999877929688,648.0,648.2999877929688,10,0.0,648.5039916992188,642.0359985351563,633.2799997965495,0.007739285373758737,15.1,-0.5454545454545454,61.98829504853664,0.001165989243338661,0.003809069120974451,639.5999755859375,-0.01341973217776704,0
2023-09-14,648.0,648.0,639.5999755859375,639.5999755859375,352,-0.01341973217776704,646.5599853515625,642.2759979248046,633.5649993896484,0.008392147549373312,32.3,34.2,52.999979654947914,0.008622372403159329,0.008177220353457804,639.5999755859375,0.0,0
2023-09-15,639.5999755859375,639.5999755859375,639.5999755859375,639.5999755859375,0,0.0,644.87998046875,642.5159973144531,633.8619984944661,0.008392147549373312,32.3,-1.0,52.999979654947914,-0.015520895420845227,-0.017122993196376446,639.5999755859375,0.0,0
2023-09-18,639.5999755859375,639.5999755859375,639.5999755859375,639.5999755859375,0,0.0,643.07998046875,642.54599609375,634.1569976806641,0.008264054773247959,31.3,,48.3516029001773,0.0005864396970667318,-0.00040450337766495537,639.5999755859375,0.0,0
2023-09-19,639.5999755859375,639.5999755859375,639.5999755859375,639.5999755859375,0,0.0,641.3399780273437,642.7259948730468,634.476996866862,0.008187633258618718,29.8,,50.574689796128354,-0.0020738304839804655,-0.0021313563295651816,639.0,-0.0009380481689166276,0
2023-09-20,641.4000244140625,641.4000244140625,639.0,639.0,88,-0.0009380481689166276,639.47998046875,642.8759948730469,634.786996459961,0.008192212306951408,34.2,inf,50.0,-0.009193324942280201,-0.014410432429310505,639.0,0.0,0
2023-09-21,639.0,639.0,639.0,639.0,2,0.0,639.3599853515625,643.0259948730469,635.0969960530599,0.008192212306951408,34.3,-0.9772727272727273,47.61901878530116,-0.016528359834683037,-0.018324526901787763,639.0,0.0,0
2023-09-22,639.0,639.0,639.0,639.0,0,0.0,639.239990234375,643.1759948730469,635.4069956461589,0.008192212306951408,34.2,-1.0,32.30768026918112,-0.0022485481530990503,0.00013977061586745165,639.0,0.0,0
2023-09-25,639.0,639.0,639.0,639.0,3,0.0,639.1199951171875,643.3259948730469,635.6619954427083,0.008192212306951408,34.35,inf,44.68084185374047,0.004205189122549191,0.004749746226869966,639.0,0.0,0
2023-09-26,639.0,639.0,639.0,639.0,65,0.0,639.0,643.2059936523438,635.9219950358073,0.007960348057143884,35.6,20.666666666666668,3.7035641624595,-0.014691266090073651,-0.015016251262336966,639.0,0.0,0
2023-09-27,639.0,639.0,639.0,639.0,0,0.0,639.0,643.2059936523438,636.1769948323567,0.007915514889946424,34.0,-1.0,5.208140169436746,0.00039913334321250993,0.0023432910134297824,639.0,0.0,0
2023-09-28,639.0,639.0,639.0,639.0,0,0.0,639.0,643.2059936523438,636.4319946289063,0.007915514889946424,34.0,,5.8821417458531755,0.005797444646104211,0.00836525785608,639.0,0.0,0
2023-09-29,639.0599975585938,639.0599975585938,639.0,639.0,23,0.0,639.0,643.0859924316406,636.6819946289063,0.00786686238245646,34.75,inf,0.0,-0.0024269066881511536,0.0007261787127601504,642.5399780273438,0.005539871717282763,1
2023-10-02,639.0,642.5399780273438,639.0,642.5399780273438,20,0.005539871717282763,639.7079956054688,642.5729919433594,636.9909942626953,0.00680287049451817,35.4,-0.13043478260869568,27.56999572182346,-0.00039771082475204,0.008345719272174534,642.5399780273438,0.0,0
2023-10-03,642.5399780273438,642.5399780273438,642.5399780273438,642.5399780273438,0,0.0,640.4159912109375,642.5999908447266,637.2999938964844,0.005700325248758127,31.9,-1.0,27.56999572182346,-0.013386069255070021,-0.017549676594439068,642.5399780273438,0.0,0
2023-10-04,642.5399780273438,642.5399780273438,642.5399780273438,642.5399780273438,0,0.0,641.1239868164063,642.0269897460937,637.5989939371744,0.003646789074618,30.9,,85.50767370888558,0.007281973839242228,0.013608662204249278,641.7000122070312,-0.001307258457117766,0
2023-10-05,642.0,642.0,641.7000122070312,641.7000122070312,28,-0.001307258457117766,641.6639892578125,641.6459899902344,637.8839945475261,0.0033382460606099862,31.8,inf,71.08504614479538,-0.0003767806262175988,-0.002946483832088287,641.7000122070312,0.0,0
2023-10-06,641.7000122070312,641.7000122070312,641.7000122070312,641.7000122070312,0,0.0,642.2039916992187,641.3309906005859,638.1689951578776,0.0033227439955620954,31.4,-1.0,71.08504614479538,0.011872811648814707,0.01675544265164386,642.0,0.0004674891495435318,1
2023-10-09,642.0,642.0,642.0,642.0,3,0.0004674891495435318,642.09599609375,641.0009918212891,638.4589955647787,0.0033140831891441784,30.8,inf,72.72790326682542,0.00640219757250482,0.005100041922967202,642.0,0.0,0
2023-10-10,642.0,642.0,642.0,642.0,0,0.0,641.9880004882813,640.6859924316407,638.7489959716797,0.003316015827180211,29.7,-1.0,82.05175022171214,0.00520483924107662,0.005537971390269902,642.2999877929688,0.0004672707055588532,1
2023-10-11,642.2999877929688,642.2999877929688,642.2999877929688,642.2999877929688,1865,0.0004672707055588532,641.9400024414062,640.3859924316406,639.0439961751302,0.0033212391328278157,122.45,inf,83.13294358446397,0.004096282837700693,0.007135312702305496,642.2999877929688,0.0,0
2023-10-12,642.2999877929688,642.2999877929688,642.2999877929688,642.2999877929688,0,0.0,642.0599975585938,640.5209930419921,639.2189961751302,0.0013143252466767572,104.85,-1.0,83.13294358446397,-0.006096451268467251,-0.003475051292171405,642.5999755859375,0.0004670524656236186,1
2023-10-13,642.0,642.5999755859375,642.0,642.5999755859375,2102,0.0004670524656236186,642.239990234375,640.6709930419922,639.3889953613282,0.0013145194372637045,209.95,inf,84.09127690564816,-0.004980868984616693,-0.012569929415157666,642.0,-0.0009336688589046682,0
2023-10-16,642.5999755859375,642.5999755859375,642.0,642.0,25,-0.0009336688589046682,642.239990234375,640.7909942626953,639.548994954427,0.0013396366841137808,211.2,-0.9881065651760228,75.5107125062282,0.010521456651035654,0.011306408499272447,642.0,0.0,0
2023-10-17,642.0,642.0,642.0,642.0,18,0.0,642.239990234375,640.9109954833984,639.708994547526,0.0013396366841137808,212.1,-0.28,75.5107125062282,-4.591214305493807e-05,-0.003275470190528096,642.0,0.0,0
2023-10-18,642.0,642.0,642.0,642.0,0,0.0,642.1799926757812,641.0609954833984,639.8489949544271,0.0013143141335360217,207.7,-1.0,75.5107125062282,-0.013325071567788949,-0.013117916702099164,642.0,0.0,0
2023-10-19,642.0,642.0,642.0,642.0,0,0.0,642.1199951171875,641.2109954833984,639.9689951578777,0.0013143141335360217,207.6,,75.5107125062282,-0.008786403975676982,-0.009356837224239967,643.2000122070312,0.001869177892572127,1
2023-10-20,642.2999877929688,648.1199951171875,642.2999877929688,643.2000122070312,963,0.001869177892572127,642.2400024414062,641.42099609375,640.0789957682292,0.0013623024401571624,255.75,inf,59.32273526673333,-0.01228804334679856,-0.014917896210731918,642.9000244140625,-0.0004663989230028198,0
2023-10-23,643.2000122070312,644.0999755859375,642.9000244140625,642.9000244140625,915,-0.0004663989230028198,642.4200073242188,641.6159973144531,640.2239959716796,0.0013721777434190475,301.35,-0.049844236760124616,54.688220240649784,-0.0017332106225139698,0.003017505092502537,642.9000244140625,0.0,0
2023-10-24,642.9000244140625,642.9000244140625,642.9000244140625,642.9000244140625,0,0.0,642.6000122070312,641.8109985351563,640.3489959716796,0.0013721777434190475,298.1,-1.0,54.688220240649784,0.0075393937405647815,0.009728094369645612,642.9000244140625,0.0,0
2023-10-25,642.5999755859375,642.9000244140625,642.5999755859375,642.9000244140625,3,0.0,642.7800170898438,642.0059997558594,640.4939961751302,0.0013721777434190475,298.25,inf,70.00061036398039,-0.014352187096675628,-0.024475840017294415,642.0,-0.0013999445946246691,0
2023-10-26,643.7999877929688,643.7999877929688,642.0,642.0,37,-0.0013999445946246691,642.7800170898438,642.1559997558594,640.6139963785807,0.0014233185321583814,300.1,11.333333333333334,53.84603346009985,-0.011974614168780984,-0.019067171164033003,642.5999755859375,0.0009345414111177064,1
2023-10-27,643.2000122070312,643.2000122070312,642.0,642.5999755859375,1797,0.0009345414111177064,642.660009765625,642.3359985351562,640.7239959716796,0.0014305134601964066,388.8,47.567567567567565,57.1426495378713,-0.004532772203415858,0.00480123924489817,642.5999755859375,0.0,0
2023-10-30,641.4000244140625,642.5999755859375,641.4000244140625,642.5999755859375,203,0.0,642.6,642.338998413086,640.8539957682292,0.0007174432653921701,397.95,-0.8870339454646633,57.1426495378713,0.011955789786880722,0.011265282430108048,633.0,-0.014939271631910667,0
2023-10-31,640.2000122070312,640.2000122070312,629.7000122070312,633.0,68,-0.014939271631910667,640.6199951171875,641.8619995117188,640.8239959716797,0.0034178271910819775,401.35,-0.6650246305418719,15.55544503872359,0.006280266349381947,0.00478231057210321,618.0,-0.023696682464455,0
2023-11-01,618.0,645.5999755859375,618.0,618.0,85,-0.023696682464455,635.639990234375,640.6350006103515,640.5439961751302,0.006156883871555658,405.6,0.25,7.368351169200523,0.010664732962442303,0.017356845619861616,642.0,0.03883495145631066,1
2023-11-02,618.0,682.2000122070312,618.0,642.0,293,0.03883495145631066,635.639990234375,640.65,640.6139963785807,0.011004330864368821,418.85,2.447058823529412,49.42531020387164,0.019164354406221662,0.01815332569880912,686.4000244140625,0.0691589165328077,1
2023-11-03,660.6599731445312,687.5399780273438,646.7999877929688,686.4000244140625,97,0.0691589165328077,644.4,642.8850006103515,641.4539967854818,0.018964679002728566,423.7,-0.6689419795221843,73.12501271565756,0.009123392577504053,0.011748814068314628,598.7999877929688,-0.1276224264354776,0
2023-11-06,714.0,714.0,573.0,598.7999877929688,1173,-0.1276224264354776,635.6400024414063,640.725,640.8039967854818,0.03494871733287311,482.2,11.092783505154639,38.23529313989581,0.002300489991450494,0.004079301718357797,574.2000122070312,-0.04108212439450276,0
2023-11-07,600.0,666.0,573.0,574.2000122070312,342,-0.04108212439450276,623.8800048828125,637.3350006103516,639.7939971923828,0.0359639355541276,499.3,-0.7084398976982097,33.717583136943006,0.0028460378421049093,0.009452671468068274,525.5999755859375,-0.08463956041082543,0
2023-11-08,573.5999755859375,576.0,501.0,525.5999755859375,203,-0.08463956041082543,605.4,631.5,637.9739969889323,0.040091108274919914,416.2,-0.4064327485380117,27.336448153877015,0.0007323995367289893,0.0006439233338197958,540.0,0.027397307996465114,1
2023-11-09,504.0,540.0,501.0,540.0,108,0.027397307996465114,585.0,626.3850006103515,636.3939971923828,0.04088141197110496,421.6,-0.46798029556650245,30.888890948510976,-0.007798750513686392,-0.007695594729445587,510.0,-0.05555555555555558,0
2023-11-10,540.0,572.9400024414062,510.0,510.0,123,-0.05555555555555558,549.7199951171875,619.7550018310546,634.3139973958333,0.04218328900537619,322.65,0.13888888888888884,27.827829173290525,0.01560480608246917,0.02248225243752211,532.7999877929688,0.044705858417585675,1
2023-11-13,477.0,540.5999755859375,477.0,532.7999877929688,57,0.044705858417585675,536.5199951171875,614.2950012207032,632.5439971923828,0.043932341265006,324.25,-0.5365853658536586,32.93023011101205,-0.0009531851844464256,-0.003118536820945761,528.0,-0.00900898630432001,0
2023-11-14,498.6000061035156,564.9000244140625,498.6000061035156,528.0,195,-0.00900898630432001,527.2799926757813,608.5950012207031,630.7439971923828,0.04388865373173934,333.1,2.4210526315789473,32.44729494763993,0.019400732632628648,0.021526458209298216,562.7999877929688,0.06590906778971362,1
2023-11-15,512.4000244140625,562.7999877929688,511.5,562.7999877929688,158,0.06590906778971362,534.7199951171875,604.6350006103515,629.5239969889323,0.046949940252530145,341.0,-0.18974358974358974,39.03654353122838,0.0021170451411640645,0.0007526238679258501,567.0,0.007462708418849884,1
2023-11-16,531.0,570.0,504.6000061035156,567.0,228,0.007462708418849884,540.1199951171875,600.8850006103515,628.3739969889323,0.047025379736387554,352.4,0.4430379746835442,39.63816262788436,0.001223132715498565,0.0008558090711645594,531.0,-0.06349206349206349,0
2023-11-17,551.4000244140625,588.5999755859375,516.0,531.0,155,-0.06349206349206349,544.3199951171875,595.275,626.6239969889323,0.04875443016671791,312.0,-0.3201754385964912,36.07784905313286,0.0012438032670611943,0.00023318133189320633,537.0,0.011299435028248483,1
2023-11-20,529.2000122070312,573.2999877929688,507.8999938964844,537.0,262,0.011299435028248483,545.1599975585938,589.9799987792969,624.9739969889323,0.04892556647308587,279.35,0.6903225806451614,37.91541008333787,0.00769760011297449,0.012174856453786909,552.0,0.027932960893854775,1
2023-11-21,554.4000244140625,568.5,535.7999877929688,552.0,125,0.027932960893854775,549.9599975585937,585.4349975585938,623.4839965820313,0.049554201331261365,285.6,-0.5229007633587786,41.691844432294786,-0.0021794142796411897,-0.005809461714707753,490.20001220703125,-0.11195649962494336,0
2023-11-22,504.0,504.0,468.6000061035156,490.20001220703125,147,-0.11195649962494336,535.4400024414062,577.7999969482422,621.0039967854817,0.054836354472208734,292.8,0.17599999999999993,32.55172798921741,0.0038608335923762116,0.004092970713039268,487.79998779296875,-0.004896010514681248,0
2023-11-24,492.0,492.0,485.3999938964844,487.79998779296875,22,-0.004896010514681248,519.6,570.0899963378906,618.4839965820313,0.054806390742660444,292.05,-0.8503401360544218,24.73282369244623,0.0006153548988119262,-0.001410008194665302,462.0,-0.05289050520419192,0
2023-11-27,453.6000061035156,474.0,453.0,462.0,38,-0.05289050520419192,505.8,561.0599975585938,615.4939961751302,0.05544719228477172,204.1,0.7272727272727273,29.34782869098207,-0.0018009594303206589,-0.0008728821580097357,462.0,0.0,0
2023-11-28,463.79998779296875,478.79998779296875,462.0,462.0,22,0.0,490.8,552.0299987792969,612.3139963785808,0.05544719228477172,195.05,-0.42105263157894735,31.702544226096805,0.000990102267592663,0.0026209342407654823,468.0,0.01298701298701288,1
2023-11-29,494.3999938964844,507.0,468.0,468.0,57,0.01298701298701288,474.0,543.7799987792969,609.4139963785807,0.05579546677072164,194.5,1.5909090909090908,39.09091371478456,-0.0007034210304239785,-0.0009738970256408797,456.0,-0.02564102564102566,0
2023-11-30,456.0,456.0,456.0,456.0,10,-0.02564102564102566,467.1599975585938,535.6799987792969,606.1139963785807,0.05581593628323887,190.75,-0.8245614035087719,33.944952630088196,0.003937459806426347,-0.002514073503671055,480.0,0.05263157894736836,1
2023-12-01,457.79998779296875,480.0,456.0,480.0,17,0.05263157894736836,465.6,527.5799987792968,603.2919962565104,0.05657756214011745,176.95,0.7,44.1314548385171,0.005915890103284305,0.0028547589112815075,480.0,0.0,0
2023-12-04,480.0,480.0,480.0,480.0,10,0.0,469.2,517.2599975585938,600.4919962565104,0.053320198794391746,172.6,-0.4117647058823529,38.659795841586494,-0.005249408908885922,-0.009283466929586037,484.79998779296875,0.009999974568684955,1
2023-12-05,462.0,507.0,462.0,484.79998779296875,173,0.009999974568684955,473.75999755859374,511.55999755859375,597.761996459961,0.04666575023257547,122.6,16.3,40.72164637623404,-0.00019706220282800224,0.0025108749283313525,487.20001220703125,0.0049505455331970705,1
2023-12-06,480.0,540.0,480.0,487.20001220703125,290,0.0049505455331970705,477.6,507.2099975585937,595.076996866862,0.04615547738446146,120.0,0.676300578034682,31.137732940158145,-0.004029777295871284,-0.005783833051539511,493.79998779296875,0.013546747579170626,1
2023-12-07,509.3999938964844,552.0,493.79998779296875,493.79998779296875,67,0.013546747579170626,485.1599975585938,505.6199981689453,592.501996866862,0.0425601758178466,113.2,-0.7689655172413793,31.952658625956502,0.007630400972353568,0.013972224525053534,534.0,0.08140950425435323,1
2023-12-08,528.5999755859375,558.0,488.3999938964844,534.0,248,0.08140950425435323,495.9599975585937,505.3199981689453,590.741997273763,0.04610515464632816,120.2,2.701492537313433,50.724637681159415,0.004299153642212783,0.004456677982211499,504.0,-0.0561797752808989,0
2023-12-11,521.4000244140625,521.4000244140625,480.6000061035156,504.0,22,-0.0561797752808989,500.75999755859374,505.01999816894534,588.4819976806641,0.04614527105154704,115.15,-0.9112903225806451,42.857142857142854,0.003889565362589442,0.008542151289582911,444.6000061035156,-0.11785713074699278,0
2023-12-12,469.79998779296875,469.79998779296875,426.0,444.6000061035156,48,-0.11785713074699278,492.7200012207031,500.60999908447263,585.2319981892904,0.051896285394579654,114.7,1.1818181818181817,30.501090000595056,0.004567232870283933,0.007964260976841775,432.0,-0.028340094310709385,0
2023-12-13,444.0,444.0,431.4599914550781,432.0,30,-0.028340094310709385,481.67999877929685,495.8099990844727,581.7719985961915,0.05210176326684976,106.45,-0.375,37.135276510559315,0.013790118104538118,0.012717226367364276,450.0,0.04166666666666674,1
2023-12-14,450.0,450.0,450.0,450.0,38,0.04166666666666674,472.9200012207031,490.16999969482424,578.6219985961914,0.0505341515936276,100.45,0.2666666666666666,42.18362495838225,0.003209372509298536,-0.0008668340872904912,448.79998779296875,-0.0026666937934027857,0
2023-12-15,424.79998779296875,450.0,376.79998779296875,448.79998779296875,138,-0.0026666937934027857,455.8799987792969,484.25999908447267,575.4519983927408,0.05040189957708865,95.95,2.6315789473684212,46.961323327539866,-0.00567789482831127,0.004833986015128744,472.20001220703125,0.05213909324983512,1
2023-12-18,448.79998779296875,472.20001220703125,448.79998779296875,472.20001220703125,13,0.05213909324983512,449.52000122070314,481.3199996948242,572.6719985961914,0.05061967883748611,88.85,-0.9057971014492754,52.1197029622848,0.0056250713228847005,0.004292668500752939,474.0,0.0038119181415428027,1
2023-12-19,474.0,474.0,474.0,474.0,7,0.0038119181415428027,455.4,478.16999969482424,569.9219985961914,0.05052354984125972,76.1,-0.46153846153846156,51.26903540193608,0.0060808846108111325,0.005109602924374013,474.0,0.0,0
2023-12-20,474.0,474.0,474.0,474.0,0,0.0,463.8,474.2699996948242,567.1719985961914,0.04994901140050964,69.85,-1.0,54.01069475081394,-0.013857271129248727,-0.014859754216995036,474.0,0.0,0
2023-12-21,474.0,474.0,474.0,474.0,0,0.0,468.6,473.45999908447266,564.4219985961914,0.04332693050318028,62.5,,48.50299419435126,0.00948191677446153,0.011635413807788764,414.0,-0.12658227848101267,0
2023-12-22,435.0,451.79998779296875,414.0,414.0,33,-0.12658227848101267,461.64000244140624,469.7699996948242,560.6719985961914,0.051676848668930436,63.05,inf,37.32719012824413,0.0020096925426713597,0.0014959802966769686,390.6000061035156,-0.05652172438764347,0
2023-12-26,390.0,402.6000061035156,390.0,390.6000061035156,30,-0.05652172438764347,445.32000122070315,466.2,556.5319986979167,0.051853195924408825,62.65,-0.09090909090909094,33.118284697908265,0.004222527236930729,0.006121749277899546,366.6000061035156,-0.06144393145155147,0
2023-12-27,388.79998779296875,390.0,366.6000061035156,366.6000061035156,32,-0.06144393145155147,423.8400024414062,461.4300003051758,551.9329991658528,0.053216900335011974,63.15,0.06666666666666665,29.940119152561593,0.0018080855254416495,0.0015089444845688416,399.6000061035156,0.0900163651134307,1
2023-12-28,399.6000061035156,399.6000061035156,399.6000061035156,399.6000061035156,18,0.0900163651134307,408.9600036621094,458.01000061035154,547.883999633789,0.057584273145941785,61.2,-0.4375,35.59633441924261,0.00037773115379002853,-0.00048605639618770624,372.0,-0.06906908328816663,0
2023-12-29,375.0,377.3999938964844,372.0,372.0,47,-0.06906908328816663,388.56000366210935,453.81000061035155,543.375,0.05915131604343756,63.05,1.6111111111111112,24.236643221972656,-0.002894973411954771,-0.004327738468577036,372.0,0.0,0
2024-01-02,372.0,372.0,372.0,372.0,0,0.0,380.1600036621094,448.4100006103516,538.8799997965494,0.0574379838227025,62.2,-1.0,26.793250937310205,-0.005596355380219964,-0.016922233008630716,390.0,0.048387096774193505,1
2024-01-03,388.79998779296875,390.0,388.79998779296875,390.0,10,0.048387096774193505,380.0400024414063,443.9100006103516,534.684999593099,0.05892792130978745,62.2,inf,38.76543225381077,-0.008166688673242328,-0.010581509238619002,391.20001220703125,0.0030769543770032826,1
2024-01-04,390.0,407.3999938964844,390.0,391.20001220703125,28,0.0030769543770032826,384.9600036621094,439.23000183105466,530.5049997965494,0.05883294224384009,54.95,1.7999999999999998,41.19171387271431,-0.0032210792425203527,-0.005146456109441866,445.20001220703125,0.13803680550864117,1
2024-01-05,420.0,466.79998779296875,393.0,445.20001220703125,92,0.13803680550864117,394.0800048828125,437.1300018310547,527.225,0.06739514781451092,45.05,2.2857142857142856,49.10314141702356,0.00136965984015891,0.001186033163800726,438.6000061035156,-0.014824811146785022,0
2024-01-08,422.5799865722656,492.0,422.5799865722656,438.6000061035156,85,-0.014824811146785022,407.40000610351564,434.37000274658203,523.8300003051758,0.06734197928927288,45.95,-0.07608695652173914,48.131871694278736,0.014275928543528549,0.020667957673676796,436.79998779296875,-0.004104008858864527,0
2024-01-09,436.79998779296875,436.79998779296875,436.79998779296875,436.79998779296875,8,-0.004104008858864527,420.36000366210936,429.51000213623047,520.4050003051758,0.06429650106807035,33.95,-0.9058823529411765,42.95942303574368,-0.0015170695563498926,0.001975522333259594,467.3999938964844,0.07005496098598618,1
2024-01-10,479.3999938964844,479.3999938964844,467.3999938964844,467.3999938964844,30,0.07005496098598618,435.8400024414062,427.6800018310547,517.4850006103516,0.06550493180818473,34.35,2.75,48.82226889772419,0.0056554246817059894,0.0067775723967959944,467.3999938964844,0.0,0
2024-01-11,467.3999938964844,467.3999938964844,467.3999938964844,467.3999938964844,0,0.0,451.0799987792969,428.82000122070315,514.5750005086263,0.059535709396234905,31.95,-1.0,48.82226889772419,-0.00044064012118916196,0.0020807982950199477,480.6600036621094,0.028369726013650176,1
2024-01-12,480.6600036621094,480.6600036621094,480.6600036621094,480.6600036621094,5,0.028369726013650176,458.1719970703125,431.2530014038086,511.88600056966146,0.05925506335813017,30.7,inf,51.134737693528315,0.00069273972507089,0.0005129875459803923,480.6600036621094,0.0,0
2024-01-16,480.6600036621094,480.6600036621094,480.6600036621094,480.6600036621094,0,0.0,466.58399658203126,432.78600158691404,509.1970006306966,0.05870261846077528,28.8,-1.0,64.27653316939474,-0.0036712260361014826,-9.76866519200037e-05,475.79998779296875,-0.010111130179570882,0
2024-01-17,437.3999938964844,475.79998779296875,437.3999938964844,475.79998779296875,25,-0.010111130179570882,474.3839965820313,434.13600158691406,506.42700042724607,0.058776904510372305,23.15,inf,69.82131773925201,-0.0055586805878179435,-0.005640744336210202,475.79998779296875,0.0,0
2024-01-18,475.79998779296875,475.79998779296875,475.79998779296875,475.79998779296875,8,0.0,476.0639953613281,434.3160003662109,503.63700002034506,0.05770207159388264,22.9,-0.6799999999999999,78.59834985835354,0.00889280233217904,0.014194147738475937,475.79998779296875,0.0,0
2024-01-19,475.79998779296875,475.79998779296875,475.79998779296875,475.79998779296875,0,0.0,477.743994140625,434.4059997558594,500.8519994099935,0.05770191021421986,22.55,-1.0,74.12612264419849,0.01246616416534696,0.01983099502425789,475.79998779296875,0.0,0
2024-01-22,475.79998779296875,475.79998779296875,475.79998779296875,475.79998779296875,0,0.0,476.77199096679686,434.4959991455078,498.0669987996419,0.05770191021421986,22.55,,89.82502046681192,0.002114336891851476,0.0013058984759759529,486.0,0.02143760502043035,1
2024-01-23,486.0,486.0,486.0,486.0,3,0.02143760502043035,477.839990234375,435.0959991455078,495.4519983927409,0.057866292481620674,22.7,inf,90.56359757996526,0.0029164817642561847,0.004149574264129763,470.3999938964844,-0.032098777990772875,0
2024-01-24,483.0,484.79998779296875,444.0,470.3999938964844,33,-0.032098777990772875,476.75999145507814,437.915998840332,492.5919982910156,0.05007710663269054,22.7,10.0,79.10510550453952,0.0010931594952936496,0.0055492007296027435,414.0,-0.11989794776420781,0
2024-01-25,435.0,435.0,414.0,414.0,75,-0.11989794776420781,464.3999938964844,439.08599853515625,488.78199869791666,0.05600041712673647,24.95,1.272727272727273,55.896953168510265,0.0054388925424671,0.0012211904930319317,393.0,-0.050724637681159424,0
2024-01-26,417.6000061035156,417.6000061035156,390.0,393.0,35,-0.050724637681159424,447.8399963378906,440.40599822998047,484.6219991048177,0.05538507649754571,25.1,-0.5333333333333333,33.720063014812595,-0.0012704037021049608,-0.0059575665733782035,369.6000061035156,-0.0595419692022503,0
2024-01-29,365.3999938964844,369.6000061035156,358.3800048828125,369.6000061035156,38,-0.0595419692022503,426.6,438.90599822998047,480.231999206543,0.05335108482652113,26.1,0.08571428571428563,30.52168639201085,0.007919380649885843,0.010240429350160785,474.0,0.282467511289068,1
2024-01-30,397.20001220703125,480.0,397.20001220703125,474.0,102,0.282467511289068,424.2,444.0059982299805,477.83199920654295,0.08101723184191176,28.85,1.6842105263157894,56.64950807703277,-0.0007734532410523798,-0.006656559953623797,486.0,0.025316455696202445,1
2024-01-31,473.3999938964844,486.0,473.3999938964844,486.0,118,0.025316455696202445,427.32000122070315,449.7059982299805,475.231999206543,0.08096786017038937,34.75,0.15686274509803932,53.561581701422604,-0.016317320635176435,-0.019586143454865534,513.5999755859375,0.05679007322209362,1
2024-02-01,486.0,527.4000244140625,486.0,513.5999755859375,48,0.05679007322209362,447.2399963378906,455.88599700927733,472.3519983927409,0.0811647311943702,36.65,-0.5932203389830508,58.00082805038106,0.013088152875065706,0.011775436236983738,527.4000244140625,0.026869255226076083,1
2024-02-02,486.0,527.4000244140625,486.0,527.4000244140625,35,0.026869255226076083,474.1200012207031,462.6959976196289,471.16199900309243,0.08112871309869875,37.0,-0.27083333333333337,58.079239134826885,0.010527378920638375,0.01690055181637029,455.3999938964844,-0.13651882287561445,0
2024-02-05,457.20001220703125,457.20001220703125,420.0,455.3999938964844,47,-0.13651882287561445,491.2799987792969,463.20599670410155,469.18199869791664,0.08293937184836643,34.75,0.34285714285714275,46.50390233971432,-0.003641181932482751,-0.0013053251575637637,462.6000061035156,0.015810303696815353,1
2024-02-06,457.79998779296875,463.79998779296875,429.0,462.6000061035156,15,0.015810303696815353,489.0,464.40599670410154,468.13199920654296,0.08285286934290442,31.25,-0.6808510638297872,48.184821334972575,0.0029033057127196837,-0.0020072723646581414,443.3999938964844,-0.04150456539928116,0
2024-02-07,459.0,459.0,414.0,443.3999938964844,17,-0.04150456539928116,480.47999877929686,464.73599700927736,466.5219991048177,0.08350544170415847,31.7,0.1333333333333333,45.76802675278128,0.008340408570300495,0.010290217110241695,406.79998779296875,-0.08254399325061834,0
2024-02-08,406.79998779296875,406.79998779296875,406.79998779296875,406.79998779296875,7,-0.08254399325061834,459.1200012207031,461.70599670410155,464.8019989013672,0.08410589114469283,30.55,-0.5882352941176471,41.77396447999119,0.000441680823142665,0.0018519371481566793,615.5999755859375,0.5132743216777886,1
2024-02-09,412.20001220703125,615.5999755859375,411.0,615.5999755859375,177,0.5132743216777886,476.75999145507814,469.1159957885742,466.18199869791664,0.1430080956273158,39.4,24.285714285714285,61.12702733951069,0.0057794285609300555,0.00984306283402736,420.0,-0.3177387643652234,0
2024-02-12,553.7999877929688,553.7999877929688,270.0,420.0,615,-0.3177387643652234,469.67999267578125,466.08299560546874,464.3819986979167,0.1618766711763869,69.9,2.4745762711864407,45.94395298492733,-0.0004389489532020674,-0.003912576370756371,306.5400085449219,-0.27014283679780504,0
2024-02-13,378.0,402.0,282.0,306.5400085449219,655,-0.27014283679780504,438.4679931640625,457.3769958496094,460.11099904378256,0.1731551431000656,102.65,0.06504065040650397,41.01112602849418,-0.01377305334094614,-0.015597024399411685,348.0,0.13525148528532904,1
2024-02-14,337.20001220703125,358.79998779296875,308.3999938964844,348.0,58,0.13525148528532904,419.38799438476565,450.98699645996095,456.4609990437826,0.17612876694680252,104.3,-0.9114503816793893,46.31910060220917,0.009087639398436487,0.010897243170592485,342.29998779296875,-0.016379345422503633,0
2024-02-15,322.20001220703125,354.6000061035156,322.20001220703125,342.29998779296875,85,-0.016379345422503633,406.4879943847656,444.31199645996094,453.31599884033204,0.17615864770602493,108.15,0.4655172413793103,47.12330573630849,0.00689973803251509,0.002977721576305159,264.6000061035156,-0.2269938196329938,0
2024-02-16,312.0,333.29998779296875,259.20001220703125,264.6000061035156,273,-0.2269938196329938,336.2880004882812,433.75199737548826,448.7759989420573,0.1831627511535093,121.8,2.211764705882353,44.38814788524722,-0.004979980381600746,-0.009067690853730825,121.80000305175781,-0.5396825387671844,0
2024-02-20,293.3999938964844,293.3999938964844,97.80000305175781,121.80000305175781,5588,-0.5396825387671844,276.6480010986328,416.05199813842773,441.6059989929199,0.21754316540450944,401.2,19.468864468864467,31.918433414741642,-0.0055053951797489065,-0.007548133740659657,79.19999694824219,-0.3497537359289977,0
2024-02-21,120.0,120.05999755859375,69.0,79.19999694824219,19313,-0.3497537359289977,231.17999877929688,395.71199798583984,434.75599873860676,0.22755506394519187,1366.7,2.4561560486757337,29.751523664892076,0.0009058331600915182,-0.004001736271053713,68.4000015258789,-0.1363635838195949,0
2024-02-22,86.4000015258789,86.4000015258789,55.86000061035156,68.4000015258789,13040,-0.1363635838195949,175.25999908447267,375.6119983673096,427.7659989674886,0.22809070227625652,2017.05,-0.3248071247346347,27.46325125349287,0.020695498324175388,0.02927568055614116,158.39999389648438,1.315789332790501,1
2024-02-23,74.4000015258789,209.39999389648438,72.0,158.39999389648438,94760,1.315789332790501,138.4800003051758,362.8319980621338,422.7059988657633,0.38305145845858546,6751.3,6.266871165644171,32.65846909764625,0.0006896671990455072,-0.0029447543163281242,136.8000030517578,-0.1363635838195949,0
2024-02-26,130.8000030517578,161.4600067138672,123.5999984741211,136.8000030517578,10830,-0.1363635838195949,112.91999969482421,350.0219982147217,417.285998916626,0.3842097682833209,7291.05,-0.8857112705783031,34.28250040001781,-0.003662529972996542,-0.0005266060418768204,127.80000305175781,-0.06578947221656772,0
2024-02-27,124.80000305175781,130.1999969482422,107.4000015258789,127.80000305175781,4135,-0.06578947221656772,114.11999969482422,337.9319980621338,411.6159989674886,0.3842657450172752,7495.9,-0.6181902123730378,33.51258614215976,0.0018577490850577583,0.0024052647804559957,118.19999694824219,-0.07511741685661555,0
2024-02-28,124.19999694824219,124.19999694824219,114.0,118.19999694824219,2058,-0.07511741685661555,121.91999969482421,320.1419979095459,405.985998916626,0.37883870607781717,7593.7,-0.5022974607013302,33.83247741472414,-0.0013216478011486288,-0.00532453623707807,108.0,-0.08629439265306071,0
2024-02-29,114.0,118.80000305175781,108.0,108.0,1672,-0.08629439265306071,129.83999938964843,301.2419979095459,399.785998916626,0.3790310726973551,7671.4,-0.18756073858114675,34.74451615221277,0.003594944833748892,0.008569419166206238,113.4000015258789,0.05000001412850841,1
2024-03-01,110.4000015258789,113.4000015258789,108.5999984741211,113.4000015258789,770,0.05000001412850841,120.84000091552734,281.231999206543,393.6759989420573,0.3789608848438323,7707.5,-0.5394736842105263,17.638415699358404,0.00938826393429193,0.015056914240461294,113.4000015258789,0.0,0
2024-03-04,114.0,115.44000244140625,108.5999984741211,113.4000015258789,825,0.0,116.16000061035156,260.53199806213377,387.4859991709391,0.37882907304732766,7747.0,0.0714285714285714,23.583538844199524,-0.0010724145835053767,-0.0035681344452732633,111.0,-0.021164034334966053,0
2024-03-05,111.0,116.4000015258789,105.5999984741211,111.0,670,-0.021164034334966053,112.8,243.31199836730957,381.2159989674886,0.37787955930886474,7778.15,-0.18787878787878787,29.165066573729575,-0.00999413476319777,-0.017949645101355327,108.5999984741211,-0.021621635368278436,0
2024-03-06,112.80000305175781,113.69999694824219,90.0,108.5999984741211,2532,-0.021621635368278436,110.88000030517578,225.61199798583985,374.79599914550784,0.37780230993415176,7904.0,2.7791044776119405,22.175731349397495,0.005067249026642129,0.006283730830544343,101.4000015258789,-0.06629831537205699,0
2024-03-07,107.4000015258789,107.4000015258789,97.19999694824219,101.4000015258789,560,-0.06629831537205699,109.56000061035157,208.51199836730956,367.58599917093915,0.3779218850769627,7931.15,-0.7788309636650869,22.098679552668273,0.00992642973731006,0.015178111471122024,92.4000015258789,-0.08875739511407266,0
2024-03-08,102.5999984741211,107.4000015258789,91.19999694824219,92.4000015258789,1553,-0.08875739511407266,105.36000061035156,192.79199905395507,360.7259991963704,0.37797864433487255,8008.45,1.7732142857142859,26.2809906064917,-0.00600220732414769,-0.014434892843533942,97.80000305175781,0.058441573990304585,1
2024-03-11,102.0,102.5999984741211,96.0,97.80000305175781,1087,0.058441573990304585,102.24000091552735,166.9020004272461,354.9459991455078,0.3573092889975971,8053.95,-0.30006439150032194,44.680850847968685,-0.0008598499967885642,-0.003712756607953893,90.0,-0.07975462994239257,0
2024-03-12,97.19999694824219,97.19999694824219,87.5999984741211,90.0,1102,-0.07975462994239257,98.04000091552734,150.4020004272461,349.2459991455078,0.3515935162649357,8078.3,0.013799448022079108,52.83018966004247,0.010757374688447952,0.014335007210239059,93.0,0.03333333333333344,1
2024-03-13,93.0,97.80000305175781,91.19999694824219,93.0,477,0.03333333333333344,94.92000122070313,139.725,343.29599914550784,0.34725364463602315,8069.4,-0.5671506352087115,56.72131133871907,-0.0015675114126452172,-0.007686074097196349,96.0,0.032258064516129004,1
2024-03-14,95.4000015258789,99.0,94.19999694824219,96.0,15603,0.032258064516129004,93.84000091552734,127.125,337.41599934895834,0.3456545117692841,8846.65,31.710691823899374,17.500003178914383,-0.001976778793354672,-0.0025212614459113603,92.4000015258789,-0.0374999841054281,0
2024-03-15,108.5999984741211,117.0,87.12000274658203,92.4000015258789,7723,-0.0374999841054281,93.84000091552734,114.6300006866455,331.08599917093915,0.34567183274328633,9228.55,-0.5050310837659424,21.53846334423521,-0.009942762430127261,-0.011886872174201923,89.4000015258789,-0.032467531931368754,0
2024-03-18,90.0,92.4000015258789,80.4000015258789,89.4000015258789,2675,-0.032467531931368754,92.16000061035156,105.87000045776367,324.67599919637047,0.34232318781112564,9348.65,-0.6536320082869351,23.33333509939669,0.005943155285291102,0.00820427140585589,87.5999984741211,-0.02013426198026136,0
2024-03-19,87.0,91.19999694824219,83.4000015258789,87.5999984741211,563,-0.02013426198026136,91.68000030517578,104.16000022888184,318.2359991709391,0.3191277672441025,9097.4,-0.7895327102803739,26.16822718671564,0.005557143669806974,0.002491534037025289,94.19999694824219,0.07534244964708381,1
2024-03-20,88.19999694824219,101.4000015258789,85.19999694824219,94.19999694824219,898,0.07534244964708381,91.91999969482421,104.91000022888184,311.9059991200765,0.307600232281462,8176.65,0.5950266429840143,38.61386001497677,0.009249303470675319,0.011856674197077366,96.5999984741211,0.02547772403005033,1
2024-03-21,96.5999984741211,100.19999694824219,95.69999694824219,96.5999984741211,1128,0.02547772403005033,92.03999938964844,106.32000007629395,306.6159990946452,0.30497588837086603,7581.05,0.25612472160356337,35.41666556287707,0.003304702971922424,0.004732194955731739,97.80000305175781,0.012422407832213267,1
2024-03-22,100.19999694824219,108.0,94.62000274658203,97.80000305175781,1230,0.012422407832213267,93.11999969482422,103.29000053405761,301.73599904378256,0.057637142593638904,2904.55,0.09042553191489366,36.73469758473914,-0.001895806609024997,0.001143853076480239,93.5999984741211,-0.04294483074212163,0
2024-03-25,99.0,99.0,91.80000305175781,93.5999984741211,302,-0.04294483074212163,93.95999908447266,101.13000030517578,297.185998916626,0.051339588829539706,2378.15,-0.7544715447154472,35.64356635085262,-0.0027628065092766274,-0.003629183878011699,96.0,0.025641042361154165,1
2024-03-26,93.5999984741211,96.0,91.19999694824219,96.0,123,0.025641042361154165,95.63999938964844,99.5400001525879,292.1259988149007,0.05088470455789083,2177.55,-0.5927152317880795,39.60396401092036,-0.0018470129799368351,-0.0032377066503013197,95.4000015258789,-0.006249984105428097,0
2024-03-27,97.80000305175781,97.80000305175781,93.0,95.4000015258789,452,-0.006249984105428097,95.88000030517578,98.40000038146972,287.51599884033203,0.04874192265157118,2097.25,2.6747967479674797,44.44444601427827,0.008403819070718743,0.003406070610620038,96.0,0.0062892920809685116,1
2024-03-28,97.19999694824219,99.0,93.05999755859375,96.0,550,0.0062892920809685116,95.76000061035157,97.80000038146973,282.915998840332,0.045344044378070096,2041.15,0.2168141592920354,53.94736555914996,-0.00019109579907738983,-0.0018433487655792336,90.0,-0.0625,0
2024-04-01,97.19999694824219,97.19999694824219,90.0,90.0,298,-0.0625,94.2,96.63000030517578,277.915998840332,0.04515471954917124,2017.55,-0.45818181818181813,41.55844048611451,-0.0017397942282005863,0.002117074887348691,90.0,0.0,0
2024-04-02,87.0,90.30000305175781,84.0,90.0,493,0.0,93.48000030517578,95.46000022888184,272.89599863688153,0.04515471954917124,2000.95,0.6543624161073827,50.0,-0.006358101845817976,-0.008630243286030126,85.19999694824219,-0.053333367241753526,0
2024-04-03,90.0,90.0,84.0,85.19999694824219,762,-0.053333367241753526,91.31999969482422,94.17000007629395,266.89599838256834,0.04611693205739923,2005.55,0.5456389452332657,40.29850661289906,0.0010985010013910834,0.002244385266327864,85.80000305175781,0.007042325410881345,1
2024-04-04,78.0,85.80000305175781,78.0,85.80000305175781,748,0.007042325410881345,89.4,93.03000030517578,261.0159983317057,0.04625123813417123,1916.35,-0.018372703412073532,36.5079470802846,-0.012206091812080655,-0.015290680100199294,94.80000305175781,0.10489510116416723,1
2024-04-05,88.80000305175781,99.0,88.80000305175781,94.80000305175781,1370,0.10489510116416723,89.16000061035156,92.70000038146972,255.31599858601888,0.05101330462962254,1956.85,0.8315508021390374,52.77777826835076,0.010446888874904303,0.011783904364327746,89.4000015258789,-0.05696203957852908,0
2024-04-08,90.5999984741211,95.4000015258789,87.5999984741211,89.4000015258789,212,-0.05696203957852908,89.04000091552734,92.55000038146973,249.01599871317546,0.048610246539540804,1889.8,-0.8452554744525548,50.0,0.0005593388334788063,0.00029515036768046343,90.0,0.006711392213426315,1
2024-04-09,90.5999984741211,94.80000305175781,89.4000015258789,90.0,118,0.006711392213426315,89.04000091552734,92.16000022888184,242.72599881490072,0.04664345245939326,1841.35,-0.44339622641509435,52.70270339932355,0.0011567640634317922,0.003699511711830361,95.4000015258789,0.06000001695421009,1
2024-04-10,90.5999984741211,96.0,90.5999984741211,95.4000015258789,677,0.06000001695421009,91.08000183105469,92.43000030517578,236.30499877929688,0.04499812369971639,1820.1,4.737288135593221,51.388893549332224,-0.010013117410638928,-0.00872852536744717,85.5,-0.10377359924038743,0
2024-04-11,88.19999694824219,93.0,84.0,85.5,2413,-0.10377359924038743,91.02000122070312,92.05500030517578,229.71899871826173,0.050393113252146474,1916.9,2.5642540620384047,39.05326022560426,0.007546885784763369,0.015968246180098955,85.80000305175781,0.003508807622898402,1
2024-04-12,87.5999984741211,88.80000305175781,83.69999694824219,85.80000305175781,1310,0.003508807622898402,89.22000122070312,91.54500045776368,223.21899897257487,0.04974057685688504,1202.25,-0.4571073352673021,37.951811658813604,-0.013803077020240084,-0.015941815078151955,85.19999694824219,-0.006993077880821041,0
2024-04-15,86.4000015258789,87.0,79.80000305175781,85.19999694824219,1857,-0.006993077880821041,88.38000030517578,91.18500022888183,216.70899912516276,0.04913707385527705,908.95,0.417557251908397,40.909093160977356,-0.012528127278102708,-0.01645102707421109,78.0,-0.0845070094617032,0
2024-04-16,81.9000015258789,84.0,76.80000305175781,78.0,703,-0.0845070094617032,85.98000030517578,90.6150001525879,210.0789993286133,0.05207509850264838,810.35,-0.6214324178782984,32.35294645632682,-0.0018237950351298604,9.281433013619278e-05,74.4000015258789,-0.04615382659129608,0
2024-04-17,76.80000305175781,81.0,73.80000305175781,74.4000015258789,397,-0.04615382659129608,81.78000030517578,89.95500030517579,203.3889995574951,0.0527801033994004,802.05,-0.43527738264580373,30.55556104997393,-0.00591823921822443,-0.012201367875559588,78.0,0.048387075272691815,1
2024-04-18,76.80000305175781,82.19999694824219,76.80000305175781,78.0,238,0.048387075272691815,80.28000030517578,89.14500045776367,196.58899955749513,0.05088206882484666,769.05,-0.4005037783375315,34.21053054259973,-0.00205773410131993,-0.005706351438752866,75.72000122070312,-0.02923075358072913,0
2024-04-19,78.30000305175781,78.30000305175781,75.66000366210938,75.72000122070312,32,-0.02923075358072913,78.26399993896484,88.10100059509277,190.01099967956543,0.050447682288828066,714.25,-0.865546218487395,36.59910377548966,-0.00872835011101658,-0.020689189414182296,62.400001525878906,-0.1759112451147492,0
2024-04-22,77.81999969482422,82.19999694824219,53.400001525878906,62.400001525878906,2502,-0.1759112451147492,73.7040008544922,86.33100051879883,184.15099970499674,0.06209940730856927,777.85,77.1875,29.27928469744245,0.00920913952029423,0.01005670683495885,66.0,0.05769228182835984,1
2024-04-23,62.400001525878906,66.0,60.0,66.0,568,0.05769228182835984,71.30400085449219,84.95100059509278,178.70099970499675,0.06420971389752345,791.15,-0.7729816147082333,35.32110530546154,0.011866630635747333,0.01492287830261585,67.19999694824219,0.018181771943063474,1
2024-04-24,67.19999694824219,67.80000305175781,65.4000015258789,67.19999694824219,70,0.018181771943063474,69.86399993896484,83.51100044250488,173.66099955240887,0.06398081536406362,788.5,-0.8767605633802817,35.90908628521544,-0.00047461729906428385,0.0033876830089023535,61.79999923706055,-0.08035711244660848,0
2024-04-25,61.20000076293945,64.80000305175781,59.400001525878906,61.79999923706055,1597,-0.08035711244660848,66.62399978637696,81.83100032806396,166.7909995396932,0.06553508386704002,845.75,21.814285714285713,23.557688281145644,-0.003798922486342393,-0.004829892643611666,60.0,-0.02912620160650603,0
2024-04-26,61.79999923706055,64.19999694824219,58.79999923706055,60.0,265,-0.02912620160650603,63.47999954223633,80.03100032806397,159.6909995396932,0.06528380778850178,831.5,-0.834063869755792,24.999996756209555,0.009473911346339792,0.015431705983256938,59.939998626708984,-0.0010000228881835715,0
2024-04-29,60.599998474121094,61.79999923706055,59.880001068115234,59.939998626708984,800,-0.0010000228881835715,62.987998962402344,78.52800025939942,152.12999992370607,0.06467778986259098,856.6,2.018867924528302,24.20185183718013,0.0035414704253415863,0.004060324825986061,60.900001525878906,0.016016064750828063,1
2024-04-30,60.540000915527344,61.20000076293945,57.540000915527344,60.900001525878906,1122,0.016016064750828063,61.96799926757812,77.07300033569337,144.35499954223633,0.06501128207337457,888.05,0.4025000000000001,17.948717766977424,-0.015841247325688257,-0.01885616097541165,59.70000076293945,-0.019704445531574022,0
2024-05-01,63.599998474121094,64.80000305175781,59.400001525878906,59.70000076293945,248,-0.019704445531574022,60.46800003051758,75.79800052642823,137.75999965667725,0.06446135017769683,862.35,-0.7789661319073083,21.40957463672659,-0.0032471509764099293,-0.007230522034663345,54.599998474121094,-0.08542717292533664,0
2024-05-02,60.0,60.0,53.400001525878906,54.599998474121094,1167,-0.08542717292533664,59.02799987792969,74.23800029754639,130.95999952952067,0.06605113356653766,883.3,3.705645161290323,18.74999426878395,0.009353437830903255,0.012763344617182648,54.540000915527344,-0.0010988564152101254,0
2024-05-03,55.13999938964844,56.880001068115234,54.540000915527344,54.540000915527344,822,-0.0010988564152101254,57.93600006103516,72.22500019073486,124.47899964650472,0.059404604449044614,855.9,-0.2956298200514139,18.9550400211114,0.012395322615995186,0.020098424016197658,54.0,-0.009901006719154726,0
2024-05-06,56.400001525878906,57.0,53.400001525878906,54.0,805,-0.009901006719154726,56.74800033569336,70.45500011444092,118.59899984995523,0.05902309049529863,885.55,-0.020681265206812682,21.910108145612156,0.010326817835387025,0.010953405192739352,51.119998931884766,-0.05333335311324505,0
2024-05-07,54.0,54.0,49.79999923706055,51.119998931884766,550,-0.05333335311324505,54.79199981689453,68.51100006103516,109.19100023905436,0.05895213151401217,907.15,-0.31677018633540377,22.28570868044433,0.0011034464179817682,0.0001590172043584026,47.58000183105469,-0.06924877102495586,0
2024-05-08,51.65999984741211,52.20000076293945,47.400001525878906,47.58000183105469,970,-0.06924877102495586,52.36800003051758,66.12000007629395,102.98400026957194,0.056024246052517386,921.8,0.7636363636363637,13.733903276219579,9.666200942248793e-05,-0.0005905018198129053,48.0,0.008827199512026596,1
2024-05-09,48.599998474121094,49.20000076293945,47.34000015258789,48.0,1308,0.008827199512026596,51.04800033569336,64.24500007629395,98.67500012715658,0.05412070880351404,866.55,0.3484536082474228,15.41915515103176,0.005761867891264316,0.002181501296196098,49.5,0.03125,1
2024-05-10,49.79999923706055,51.599998474121094,46.91999816894531,49.5,1357,0.03125,50.04000015258789,62.429999923706056,93.70000012715657,0.05528588230540684,868.9,0.03746177370030579,27.176213670603403,0.0012881249732326072,0.0023581891316259984,54.779998779296875,0.1066666420059974,1
2024-05-13,51.0,55.7400016784668,51.0,54.779998779296875,1105,0.1066666420059974,50.19599990844726,60.90900001525879,88.90800031026204,0.06264866868546219,831.3,-0.18570375829034635,31.26251976469659,0.0001342951490974631,0.0023073542489822074,68.4000015258789,0.2486309428639395,1
2024-05-14,57.599998474121094,70.19999694824219,56.099998474121094,68.4000015258789,2993,0.2486309428639395,53.652000427246094,60.42900009155274,85.6380002339681,0.08490158597857278,945.8,1.7085972850678735,51.4164359777458,0.004588152985457228,0.006432260968417314,66.0,-0.035087740823673386,0
2024-05-15,72.5999984741211,72.5999984741211,66.0,66.0,1167,-0.035087740823673386,57.33600006103516,60.00900001525879,84.70800018310547,0.08464287548603282,984.3,-0.6100902104911461,55.335366223011086,0.012383033929039389,0.01563025886390812,69.5999984741211,0.05454543142607715,1
2024-05-16,66.0,69.5999984741211,66.0,69.5999984741211,775,0.05454543142607715,61.655999755859376,59.58899993896485,84.54800020853678,0.0848494103154644,1011.15,-0.3359040274207369,61.66180468900025,-0.002057508390634233,-0.0020313157927895897,66.0,-0.05172411714146308,0
2024-05-17,69.0,69.5999984741211,66.0,66.0,173,-0.05172411714146308,64.95599975585938,59.10299987792969,84.50800018310547,0.08537150109138397,1018.2,-0.7767741935483871,56.778524910356744,0.0014375338328991294,-0.00048674989016228576,66.5999984741211,0.009090885971531737,1
2024-05-20,66.0,68.4000015258789,66.0,66.5999984741211,360,0.009090885971531737,67.31999969482422,59.3129997253418,82.97800025939941,0.07511437034009548,911.1,1.0809248554913293,56.427601960998885,0.0011521113183465825,0.006972715221337467,66.0,-0.00900898630432001,0
2024-05-21,66.72000122070312,67.13999938964844,66.0,66.0,467,-0.00900898630432001,66.83999938964844,59.3129997253418,81.79800020853678,0.07416122568338925,906.05,0.2972222222222223,57.20164619820538,0.0024525295229904653,0.0019563960425026394,66.5999984741211,0.009090885971531737,1
2024-05-22,66.5999984741211,67.19999694824219,66.0,66.5999984741211,362,0.009090885971531737,66.95999908447266,59.28299980163574,80.77800013224284,0.0740872905128248,920.65,-0.22483940042826556,65.2905236830153,-0.0028793441431358424,-0.00019744699495582996,66.41999816894531,-0.0027027073468436358,0
2024-05-23,66.12000274658203,67.19999694824219,66.0,66.41999816894531,572,-0.0027027073468436358,66.3239990234375,59.51399974822998,79.9150001525879,0.07153744094551744,869.4,0.580110497237569,65.09146261683239,-0.007304220207159928,-0.004498448204796168,67.19999694824219,0.011743432713034352,1
2024-05-24,67.80000305175781,67.80000305175781,66.0,67.19999694824219,442,0.011743432713034352,66.56399841308594,59.87399959564209,79.23500010172526,0.07106830956182167,878.25,-0.2272727272727273,66.66666666666666,0.006616435324681147,0.009456439867502775,68.4000015258789,0.01785721178768762,1
2024-05-28,67.19999694824219,68.4000015258789,64.80000305175781,68.4000015258789,1347,0.01785721178768762,66.9239990234375,60.29699974060058,78.48500010172526,0.07106937019065503,905.6,2.0475113122171944,72.78481693927034,0.0006988423909817243,0.003777662239624391,67.19999694824219,-0.017543926182263303,0
2024-05-29,69.5999984741211,70.19999694824219,65.4000015258789,67.19999694824219,652,-0.017543926182263303,67.16399841308593,60.61199951171875,77.71500002543131,0.07128648113511675,882.1,-0.5159613956941351,77.57166119657548,-0.007002551838871107,-0.0070483603506760195,74.4000015258789,0.10714293012813969,1
2024-05-30,67.80000305175781,74.4000015258789,66.0,74.4000015258789,1782,0.10714293012813969,68.7239990234375,61.34699954986572,77.10500005086263,0.07434889040653822,958.8,1.7331288343558282,81.16146882746351,-0.0066337015706721125,-0.01071337880615586,72.30000305175781,-0.028225785363601652,0
2024-05-31,72.5999984741211,74.4000015258789,71.69999694824219,72.30000305175781,757,-0.028225785363601652,69.9,62.23199977874756,76.50000012715658,0.07138464012061155,938.3,-0.5751964085297419,76.53631225387836,0.009108149287317735,-0.001860251047721806,70.80000305175781,-0.020746887091086075,0
2024-06-03,75.0,75.0,69.0,70.80000305175781,840,-0.020746887091086075,70.62000122070313,63.04499988555908,75.9900001525879,0.0717715402886982,939.2,0.10964332892998674,70.44410544685694,0.0008153529396106585,0.005369336099964261,69.5999984741211,-0.016949216467680994,0
2024-06-04,70.80000305175781,72.5999984741211,68.0999984741211,69.5999984741211,240,-0.016949216467680994,70.86000061035156,63.82499980926514,75.61000010172526,0.07191928781791766,910.95,-0.7142857142857143,52.24214594604457,0.0011178985773303562,0.0027364999470642637,67.80000305175781,-0.02586200376186165,0
2024-06-05,69.5999984741211,69.9000015258789,66.0,67.80000305175781,120,-0.02586200376186165,70.9800018310547,64.65900001525878,75.11000010172526,0.07079884952418633,889.45,-0.5,53.44037232373359,0.011885100186643571,0.02015978995212242,66.0,-0.026548716382559845,0
2024-06-06,67.80000305175781,68.4000015258789,66.0,66.0,95,-0.026548716382559845,69.30000152587891,65.57999992370605,74.71000010172526,0.06869301173634652,845.7,-0.20833333333333337,42.61084306973408,-1.8721390661391446e-05,-0.00034518512832126813,61.79999923706055,-0.06363637519605236,0
2024-06-07,66.30000305175781,66.9000015258789,61.79999923706055,61.79999923706055,158,-0.06363637519605236,67.20000076293945,66.26999988555909,74.1900000890096,0.07110013991388381,788.2,0.6631578947368422,41.58654048215858,-0.0012156574487586225,-0.0008848299769727008,76.19999694824219,0.23300967457854238,1
2024-06-10,63.0,76.19999694824219,60.0,76.19999694824219,698,0.23300967457854238,68.27999954223633,67.6049997329712,73.86000003814698,0.08624289216140085,755.25,3.4177215189873413,62.383895840288226,0.003089761144422054,0.004039215378655259,76.9800033569336,0.010236304985959732,1
2024-06-11,73.80000305175781,84.0,64.80000305175781,76.9800033569336,2685,0.010236304985959732,69.75600051879883,68.71499996185302,73.60300006866456,0.08410519299965281,834.25,2.846704871060172,64.09861115301769,0.0024083170801936227,0.006862729457128847,67.19999694824219,-0.12704606368155635,0
2024-06-12,74.4000015258789,76.80000305175781,67.19999694824219,67.19999694824219,1020,-0.12704606368155635,69.6359992980957,68.65499973297119,73.23299999237061,0.0713841195886175,735.6,-0.6201117318435754,50.623439478892976,0.008213005017738695,0.01309774160657362,71.4000015258789,0.06250007095791377,1
2024-06-13,70.19999694824219,73.80000305175781,66.0,71.4000015258789,203,0.06250007095791377,70.71599960327148,68.92499980926513,72.96300004323324,0.07209183540211402,687.4,-0.8009803921568628,54.775604622585156,0.002013497275312748,0.005420241183805352,67.80000305175781,-0.05042014561885233,0
2024-06-14,72.5999984741211,72.5999984741211,67.80000305175781,67.80000305175781,85,-0.05042014561885233,71.91600036621094,68.83500003814697,72.5230001449585,0.07221237708619911,652.9,-0.5812807881773399,50.54585678706879,0.0006083824913212244,0.00518124101019124,67.80000305175781,0.0,0
2024-06-17,70.80000305175781,71.4000015258789,67.80000305175781,67.80000305175781,118,0.0,70.23600158691406,68.92500019073486,72.04300022125244,0.07114255236779307,650.15,0.388235294117647,49.441965964628345,0.007958926371441244,0.012249828016612785,67.80000305175781,0.0,0
2024-06-18,69.9000015258789,70.19999694824219,67.19999694824219,67.80000305175781,125,0.0,68.4000015258789,68.9850004196167,71.54300022125244,0.0711346583305955,638.4,0.05932203389830515,50.570781839899766,0.0025406958699802917,0.0003092275125538002,68.4000015258789,0.008849534618207366,1
2024-06-20,67.19999694824219,69.5999984741211,66.5999984741211,68.4000015258789,122,0.008849534618207366,68.64000244140625,69.10500049591064,71.12300027211508,0.07108614014455897,621.15,-0.02400000000000002,43.472586893481164,-0.002716531314889248,-0.007707982729620366,65.4000015258789,-0.04385964814437848,0
2024-06-21,69.0,69.5999984741211,60.599998474121094,65.4000015258789,1605,-0.04385964814437848,67.44000244140625,69.04500064849853,70.61300029754639,0.07186974687346562,683.3,12.155737704918034,42.63764491123139,-0.004552084523537503,-0.0026793124008790414,60.0,-0.08256882874447813,0
2024-06-24,66.0,66.0,58.20000076293945,60.0,373,-0.08256882874447813,65.88000183105468,68.72400074005127,70.02300027211507,0.07428725756997494,673.35,-0.767601246105919,39.36170276724778,-0.003250664817000981,-0.012953478519674322,62.880001068115234,0.04800001780192065,1
2024-06-25,63.599998474121094,63.599998474121094,58.79999923706055,62.880001068115234,17,0.04800001780192065,64.89600143432617,68.50800094604492,69.47100028991699,0.0750937957274051,652.1,-0.9544235924932976,43.592681515417915,0.0038508805193555595,0.011435592719745591,60.65999984741211,-0.035305362324951184,0
2024-06-26,66.0,66.0,58.79999923706055,60.65999984741211,82,-0.035305362324951184,63.46800079345703,68.12100086212158,68.98200028737386,0.07533947757206336,588.85,3.8235294117647056,43.24631049415899,0.0012480822540090752,0.0020651471156312162,57.599998474121094,-0.050445126623612446,0
2024-06-27,62.400001525878906,62.400001525878906,57.599998474121094,57.599998474121094,380,-0.050445126623612446,61.30800018310547,67.64100093841553,68.44200026194254,0.07601958321079194,575.25,3.6341463414634143,42.23946902138386,0.0015764795075565718,0.002581323244538858,62.400001525878906,0.08333338852282068,1
2024-06-28,60.599998474121094,63.599998474121094,58.79999923706055,62.400001525878906,288,0.08333338852282068,60.70800018310547,67.04100093841552,68.06200033823649,0.07433724852802152,500.55,-0.2421052631578947,50.54824750209574,-0.003935107039692687,-0.005190922273289433,63.0,0.009615359927070743,1
2024-07-01,62.400001525878906,64.19999694824219,61.20000076293945,63.0,320,0.009615359927070743,61.30800018310547,66.57600078582763,67.68200028737387,0.07423088926450387,478.7,0.11111111111111116,33.870979770741656,0.00205809454382333,0.005865100210987961,62.400001525878906,-0.009523785303509391,0
2024-07-02,63.0,63.599998474121094,62.400001525878906,62.400001525878906,153,-0.009523785303509391,61.2120002746582,66.15600070953369,67.14200026194254,0.07414311658492476,444.35,-0.521875,32.10604180809476,0.006729714910746587,0.010499662636136886,61.20000076293945,-0.019230780987109175,0
2024-07-03,62.400001525878906,62.400001525878906,61.20000076293945,61.20000076293945,147,-0.019230780987109175,61.32000045776367,65.7360008239746,66.67200024922688,0.07416611446639824,439.7,-0.039215686274509776,40.67164989058251,0.004462600250361826,0.008337092831327109,61.79999923706055,0.009803896513747024,1
2024-07-05,61.79999923706055,62.400001525878906,61.20000076293945,61.79999923706055,83,0.009803896513747024,62.16000061035156,65.43600063323974,66.20200023651122,0.07404007496280525,437.85,-0.435374149659864,33.19327411203108,0.005766497205737409,0.010426839011263844,61.79999923706055,0.0,0
2024-07-08,63.599998474121094,64.19999694824219,60.599998474121094,61.79999923706055,192,0.0,62.04000015258789,65.22600059509277,65.64200019836426,0.07381749644057732,442.7,1.3132530120481927,37.98076298521423,0.0011539280101222626,0.002378250296420248,60.599998474121094,-0.019417488313168585,0
2024-07-09,63.0,65.4000015258789,60.599998474121094,60.599998474121094,17,-0.019417488313168585,61.55999984741211,65.1660005569458,65.22700017293295,0.07248771577914959,435.65,-0.9114583333333334,36.23852528723967,0.000972442729531453,0.0008645849498278846,58.79999923706055,-0.02970295845517601,0
2024-07-10,66.0,66.0,58.79999923706055,58.79999923706055,1070,-0.02970295845517601,60.83999938964844,64.29600067138672,64.77700010935466,0.04795614519752952,454.25,61.94117647058823,33.90557424626651,0.009895289711641775,0.010426507334623025,46.79999923706055,-0.20408163530105328,0
2024-07-11,58.79999923706055,61.20000076293945,46.68000030517578,46.79999923706055,2627,-0.20408163530105328,57.959999084472656,62.787000465393064,64.13700014750162,0.0640327237079252,451.35,1.4551401869158878,22.560975787045322,-0.008622580332635743,-0.021930171319167524,42.599998474121094,-0.08974360750872634,0
2024-07-12,49.13999938964844,49.13999938964844,39.0,42.599998474121094,1927,-0.08974360750872634,54.119998931884766,61.55700054168701,63.547000122070315,0.06131196641127208,496.7,-0.26646364674533685,21.89349095730644,0.006307522083127459,0.005874849453105568,43.20000076293945,0.014084561274875451,1
2024-07-15,44.81999969482422,45.0,42.0,43.20000076293945,773,0.014084561274875451,50.39999923706055,60.14700050354004,63.02700010935465,0.058760543032976516,525.2,-0.5988583290088221,26.51007208987238,0.002750118911688748,0.0026878189090566718,42.599998474121094,-0.0138889416255078,0
2024-07-16,45.599998474121094,45.599998474121094,42.599998474121094,42.599998474121094,4318,-0.0138889416255078,46.79999923706055,58.887000274658206,62.43700008392334,0.05843119454446784,736.85,4.5860284605433375,19.713264262412835,0.005930147776526118,0.000382953630441607,38.400001525878906,-0.0985914811896913,0
2024-07-17,43.79999923706055,43.79999923706055,38.040000915527344,38.400001525878906,2138,-0.0985914811896913,42.71999969482422,57.417000198364256,61.8150000890096,0.060664335396907854,837.85,-0.5048633626679018,18.61252608350142,-0.014021143496696697,-0.02935489267784097,36.0,-0.06250003725290154,0
2024-07-18,39.0,39.0,33.060001373291016,36.0,1860,-0.06250003725290154,40.55999984741211,55.827000045776366,61.37500006357829,0.060856736267649744,924.6,-0.13002806361085129,18.965522155277455,-0.007684901925006371,-0.004732546300704077,34.439998626708984,-0.04333337148030603,0
2024-07-19,35.34000015258789,36.779998779296875,33.060001373291016,34.439998626708984,642,-0.04333337148030603,38.927999877929686,54.128999900817874,60.84900004069011,0.060252545829799095,950.6,-0.6548387096774193,5.703419387629907,-0.0066405802636198,-0.00886358440542756,30.0,-0.12891982589295659,0
2024-07-22,35.400001525878906,36.0,30.0,30.0,2295,-0.12891982589295659,36.2879997253418,52.35899982452393,60.229000091552734,0.0640273573804094,985.1,2.574766355140187,3.389832517555689,0.01030990415193389,0.014897772147398847,33.29999923706055,0.10999997456868482,1
2024-07-23,29.100000381469727,37.20000076293945,29.100000381469727,33.29999923706055,49300,0.10999997456868482,34.427999877929686,51.023999786376955,59.75400009155273,0.07079632449914114,3431.45,20.48148148148148,11.811022912512172,-0.0015685478750434578,-0.0035246562058713904,25.200000762939453,-0.2432432029940219,0
2024-07-24,29.280000686645508,29.399999618530273,24.0,25.200000762939453,10238,-0.2432432029940219,31.7879997253418,49.13999977111816,59.174000104268394,0.08348367457423883,3942.5,-0.7923326572008114,10.0,-0.022662516096977336,-0.035870314197334774,25.200000762939453,0.0,0
2024-07-25,24.420000076293945,28.559999465942383,24.0,25.200000762939453,4403,0.0,29.62799987792969,47.366999816894534,58.59500013987223,0.08398341062447033,4158.55,-0.5699355342840399,8.783786918578727,-0.005210367913795921,-0.011027700408507979,28.139999389648438,0.11666660863886613,1
2024-07-26,26.15999984741211,28.139999389648438,25.200000762939453,28.139999389648438,4825,0.11666660863886613,28.368000030517578,45.893999862670896,58.049000104268394,0.0908476204357082,4380.8,0.09584374290256648,14.448669477272858,0.011199698366761712,0.010255989525185916,26.639999389648438,-0.05330490520734654,0
2024-07-29,27.299999237060547,28.139999389648438,25.799999237060547,26.639999389648438,2768,-0.05330490520734654,27.695999908447266,44.10599975585937,57.498000081380205,0.08685211992466174,4504.8,-0.426321243523316,14.35768312388798,0.0005877733502015481,0.00200875364133557,21.600000381469727,-0.189189156293191,0
2024-07-30,26.639999389648438,27.0,21.0,21.600000381469727,2823,-0.189189156293191,25.3560001373291,42.03599977493286,56.94800011316935,0.09234674580908114,4629.95,0.01986994219653182,13.443396748053004,-0.005066469116946526,-0.01373139728604722,20.040000915527344,-0.07222219622184267,0
2024-07-31,22.020000457763672,22.799999237060547,19.5,20.040000915527344,45013,-0.07222219622184267,24.32400016784668,39.91799974441528,56.373000113169354,0.09204608108301703,6872.95,14.945093871767623,16.913947539232467,0.01625460804168588,0.02959370660076277,16.920000076293945,-0.15568865751976924,0
2024-08-01,21.600000381469727,22.799999237060547,16.260000228881836,16.920000076293945,55003,-0.15568865751976924,22.66800003051758,37.70399971008301,55.75500011444092,0.09460165847845131,9615.75,0.2219358851887232,17.378049740804585,-0.014160940846283387,-0.024221460684624607,16.200000762939453,-0.04255315071559951,0
2024-08-02,16.739999771118164,18.0,15.300000190734863,16.200000762939453,7148,-0.04255315071559951,20.280000305175783,35.42399978637695,55.17300014495849,0.09335258553668989,9969.0,-0.8700434521753359,15.805467424143743,-0.01861841433811906,-0.02373494229471662,17.280000686645508,0.06666665881749578,1
2024-08-05,15.0,17.280000686645508,12.65999984741211,17.280000686645508,9767,0.06666665881749578,18.408000564575197,33.1979998588562,54.66800012588501,0.0967468616090779,10447.75,0.36639619473978735,18.318315824242276,-0.0291236982927795,-0.029816166869777172,13.800000190734863,-0.20138890958494526,0
2024-08-06,16.739999771118164,19.200000762939453,12.600000381469727,13.800000190734863,4897,-0.20138890958494526,16.848000526428223,30.85799994468689,54.09800012906393,0.10147285230844096,10691.75,-0.4986177946145183,18.654430081242893,0.00921956682947278,0.009555099590612848,14.399999618530273,0.04347821880453617,1
2024-08-07,14.399999618530273,14.9399995803833,14.399999618530273,14.399999618530273,2775,0.04347821880453617,15.720000267028809,28.637999963760375,53.513000122706096,0.10413683385032493,10777.0,-0.4333265264447621,21.15384164724847,-0.0066840009697359815,-0.01082977220859771,15.720000267028809,0.0916667141296259,1
2024-08-08,13.800000190734863,15.899999618530273,13.800000190734863,15.720000267028809,1900,0.0916667141296259,15.480000305175782,27.084000015258788,52.862000147501625,0.10395528697898397,10740.65,-0.3153153153153153,24.838707882870622,0.023117363765007726,0.03059093002421709,16.139999389648438,0.026717500985069087,1
2024-08-09,15.960000038146973,16.139999389648438,15.0600004196167,16.139999389648438,768,0.026717500985069087,15.468000030517578,25.761000061035155,51.99100011189778,0.10472928378423012,10682.7,-0.5957894736842105,29.11391972107407,0.004409621620005133,0.005222390027541879,15.899999618530273,-0.014869874857126097,0
2024-08-12,15.600000381469727,17.100000381469727,15.600000381469727,15.899999618530273,1872,-0.014869874857126097,15.191999816894532,24.3960000038147,51.15600010553996,0.10411476100514135,10737.65,1.4375,21.115533799337783,0.000525393163109511,0.0021535960853809044,16.200000762939453,0.018867996956399402,1
2024-08-13,15.300000190734863,16.799999237060547,15.0,16.200000762939453,1492,0.018867996956399402,15.67199993133545,23.076000118255614,50.26600014368693,0.10485555588164165,10596.35,-0.20299145299145294,29.838707678882102,0.016445624495827982,0.024812755479412196,17.34000015258789,0.07037032938025534,1
2024-08-14,16.200000762939453,17.34000015258789,15.0,17.34000015258789,548,0.07037032938025534,16.260000038146973,22.023000049591065,49.45500014623006,0.10680937544198926,10516.85,-0.6327077747989276,33.24807852488598,0.0031547893918812964,0.00032432102213109104,22.139999389648438,0.27681656256180465,1
2024-08-15,19.200000762939453,22.979999542236328,18.479999542236328,22.139999389648438,9825,0.27681656256180465,17.543999862670898,21.330000019073488,48.71400016148885,0.12695008949577857,10915.1,16.92883211678832,38.15165773243497,0.017140243354885065,0.02526311707444373,14.880000114440918,-0.3279132554358576,0
2024-08-16,22.260000228881836,23.100000381469727,13.380000114440918,14.880000114440918,25742,-0.3279132554358576,17.292000007629394,20.352000093460084,47.862000163396196,0.14484204070630854,12170.1,1.6200508905852415,31.081080459097876,0.0022420131591913695,0.001285749619109211,14.699999809265137,-0.012096794609637973,0
2024-08-19,14.520000457763672,16.799999237060547,13.199999809265137,14.699999809265137,6657,-0.012096794609637973,17.052000045776367,19.58700008392334,46.9970001856486,0.1430038803079178,12388.2,-0.7413953849739725,36.842103348841036,0.009561414761256382,0.013135991938214797,13.5600004196167,-0.07755097989388526,0
2024-08-20,15.0,15.420000076293945,13.5600004196167,13.5600004196167,3787,-0.07755097989388526,16.523999977111817,18.600000143051147,46.11600022315979,0.1398297100798453,10112.55,-0.43112513144058884,37.44185866848796,-0.0016260845380726696,-0.0020985710123266887,13.319999694824219,-0.01769916794731663,0
2024-08-21,14.399999618530273,14.699999809265137,12.0,13.319999694824219,4528,-0.01769916794731663,15.719999885559082,18.006000089645386,45.21800026893616,0.13086883174882796,9827.05,0.1956693952997095,42.146595399061965,0.003436518468241667,0.004664119828482471,12.899999618530273,-0.03153153798172725,0
2024-08-22,13.020000457763672,13.199999809265137,11.699999809265137,12.899999618530273,7177,-0.03153153798172725,13.871999931335449,17.391000032424927,44.29300023714701,0.13077135623280206,9965.75,0.5850265017667844,42.70556741769437,-0.007848497114596786,-0.015854909630019454,13.380000114440918,0.03720934186859548,1
2024-08-23,12.720000267028809,13.5600004196167,12.180000305175781,13.380000114440918,2362,0.03720934186859548,13.57199993133545,16.65300006866455,43.39600028991699,0.12742961209946005,9842.6,-0.6708931308346106,41.14441267021755,0.010625354160183287,0.010845517174452146,13.260000228881836,-0.00896860123562837,0
2024-08-26,13.380000114440918,14.640000343322754,12.720000267028809,13.260000228881836,3793,-0.00896860123562837,13.284000015258789,15.984000110626221,42.37700026830037,0.12735571282468003,9893.85,0.6058425063505504,48.55305467881284,-0.002383837980234005,-0.00970834096272788,12.84000015258789,-0.031674213351756686,0
2024-08-27,13.5600004196167,13.800000190734863,12.600000381469727,12.84000015258789,5375,-0.031674213351756686,13.139999961853027,15.546000099182129,41.38600021998088,0.1214667196603045,10021.45,0.41708410229369886,45.77922211962998,0.0013730978823098816,0.002987363652700026,13.020000457763672,0.014018715189773712,1
2024-08-28,13.260000228881836,15.0,12.0,13.020000457763672,2228,0.014018715189773712,13.080000114440917,15.195000076293946,40.42300017674764,0.12097472115738944,7882.2,-0.5854883720930233,42.21453306227862,-0.005805274200081922,-0.011347435924353055,12.899999618530273,-0.009216653994957635,0
2024-08-29,12.539999961853027,13.199999809265137,12.300000190734863,12.899999618530273,902,-0.009216653994957635,13.080000114440917,14.994000053405761,39.478000195821124,0.11627564724337684,5177.15,-0.5951526032315979,40.49295892887605,8.953572284031708e-05,-0.0014638855043416221,13.199999809265137,0.02325582942684168,1
2024-08-30,12.899999618530273,13.199999809265137,12.600000381469727,13.199999809265137,1015,0.02325582942684168,13.044000053405762,14.844000005722046,38.568000141779585,0.1161322384274314,4870.5,0.1252771618625277,42.105264332008915,0.009546014727143781,0.011919401070650482,13.5600004196167,0.02727277390556293,1
2024-09-03,13.199999809265137,14.699999809265137,12.600000381469727,13.5600004196167,5102,0.02727277390556293,13.104000091552734,14.657999992370605,37.69400014877319,0.11521547484136846,4637.25,4.026600985221675,42.307691666437414,-0.020579008899841544,-0.030360912483744618,14.399999618530273,0.061946841660740715,1
2024-09-04,12.899999618530273,14.399999618530273,12.0,14.399999618530273,3992,0.061946841660740715,13.41599998474121,14.687999963760376,36.90400015513102,0.10631351667306546,4592.0,-0.21756174049392396,41.28113752186776,-0.0020468135919301522,-0.002598497679511591,13.199999809265137,-0.08333332229543589,0
2024-09-05,14.520000457763672,14.520000457763672,12.779999732971191,13.199999809265137,1388,-0.08333332229543589,13.451999855041503,14.627999973297118,35.85400020281474,0.10785687178007711,4522.65,-0.6523046092184368,16.28959734881441,-0.0024322113182296823,0.0009335950305791041,12.300000190734863,-0.0681817902677968,0
2024-09-06,12.720000267028809,13.140000343322754,12.0,12.300000190734863,2117,-0.0681817902677968,13.331999969482421,14.456999969482421,34.77600015004476,0.10675340270926227,4533.5,0.5252161383285303,31.30435251333209,-0.01683011634892906,-0.02678727632010336,12.0,-0.02439025903112113,0
2024-09-09,13.199999809265137,13.199999809265137,10.800000190734863,12.0,4525,-0.02439025903112113,13.092000007629395,14.25,33.85600020090739,0.10653221138437696,4721.35,1.1374586679263108,30.769235994269806,0.011196217256969065,0.012859633560534656,10.859999656677246,-0.09500002861022949,0
2024-09-10,11.15999984741211,11.880000114440918,10.800000190734863,10.859999656677246,5183,-0.09500002861022949,12.551999855041505,13.998000001907348,32.847000169754025,0.10826194414985492,4886.9,0.1454143646408841,30.769231814238424,0.0043557127427886755,0.009241764480925507,10.319999694824219,-0.049723754965407374,0
2024-09-11,10.859999656677246,11.220000267028809,10.199999809265137,10.319999694824219,4020,-0.049723754965407374,11.735999870300294,13.703999948501586,31.889000113805135,0.10828939016798107,5013.3,-0.22438742041288828,29.508201206475917,0.010258942597767273,0.02171541310677605,9.720000267028809,-0.058139481156799566,0
2024-09-12,10.680000305175781,10.979999542236328,9.300000190734863,9.720000267028809,6155,-0.058139481156799566,11.039999961853027,13.322999954223633,30.921000067392985,0.10667542868405216,5293.65,0.5310945273631842,28.800007019042084,0.008423296578884854,0.009816068779492149,9.779999732971191,0.006172784392394215,1
2024-09-13,11.399999618530273,11.399999618530273,9.600000381469727,9.779999732971191,4625,0.006172784392394215,10.535999870300293,12.704999971389771,29.954000012079874,0.08067152580165662,5033.65,-0.24857839155158412,24.576268218479797,0.005222741901835137,0.00447993557271209,9.300000190734863,-0.04907970913517634,0
2024-09-16,10.199999809265137,10.619999885559082,9.300000190734863,9.300000190734863,2582,-0.04907970913517634,9.995999908447265,12.425999975204467,28.968999989827473,0.04284298264983407,3875.65,-0.4417297297297297,23.387095016859135,0.0014768724318450221,-0.004417903226520914,9.720000267028809,0.045161297600011974,1
2024-09-17,9.84000015258789,10.079999923706055,9.600000381469727,9.720000267028809,5127,0.045161297600011974,9.768000030517578,12.17699999809265,28.040999968846638,0.04539995610498274,3799.15,0.9856700232378002,29.032257651025674,0.00040860716682655784,0.0005282731915283723,8.520000457763672,-0.12345676710891185,0
2024-09-18,9.720000267028809,9.720000267028809,8.399999618530273,8.520000457763672,10678,-0.12345676710891185,9.408000183105468,11.925,27.182999976476033,0.04946886654729981,4143.7,1.0826994343670764,23.404252441000708,-0.0029658530705484187,-0.004329527202790562,10.920000076293945,0.2816900809369469,1
2024-09-19,9.119999885559082,11.220000267028809,9.0,10.920000076293945,20810,0.2816900809369469,9.648000144958496,11.805000019073486,26.31699995994568,0.08400648251857887,4957.8,0.9488668289941937,40.782123202669865,0.01706440263283948,0.025284199152441955,12.600000381469727,0.15384618071778844,1
2024-09-20,10.5,12.600000381469727,10.199999809265137,12.600000381469727,15130,0.15384618071778844,10.212000274658203,11.790000057220459,25.51599996884664,0.09106429472076176,5355.45,-0.2729456991830851,47.52475442292111,-0.004781219240837187,-0.001903307965153811,11.880000114440918,-0.05714287660559769,0
2024-09-23,12.300000190734863,12.300000190734863,10.319999694824219,11.880000114440918,7567,-0.05714287660559769,10.728000259399414,11.71500005722046,24.753999996185303,0.09161224154785494,5615.7,-0.49986781229345667,43.26922827100801,0.0024988700574681832,0.0012436906153703298,11.579999923706055,-0.02525254106438879,0
2024-09-24,12.0,12.0,11.399999618530273,11.579999923706055,16222,-0.02525254106438879,11.100000190734864,11.63100004196167,23.90699996948242,0.09174738346435286,6237.15,1.1437822122373462,38.19095469359575,0.0028613143253319873,0.004823589208033274,17.8799991607666,0.5440413884773412,1
2024-09-25,24.0,25.799999237060547,16.799999237060547,17.8799991607666,2607135,0.5440413884773412,12.97199993133545,11.882999992370605,23.1549999554952,0.15249924016251556,136325.15,159.71600295894464,63.7323940311846,-0.0022055133774685487,0.0009271529174823545,17.579999923706055,-0.01677848160747253,0
2024-09-26,15.300000190734863,17.700000762939453,14.399999618530273,17.579999923706055,86313,-0.01677848160747253,14.303999900817871,12.110999965667725,22.407999928792318,0.15277889036033043,140529.4,-0.9668935440627355,66.05839562140446,0.003964651345061521,0.0075130580080216,15.300000190734863,-0.12969281813799594,0
2024-09-27,15.600000381469727,16.079999923706055,13.800000190734863,15.300000190734863,43410,-0.12969281813799594,14.843999862670898,12.230999994277955,21.642999919255576,0.15649504486942997,142654.8,-0.4970630148413333,58.95765659508085,-0.0014503182029491635,-0.005557033554496993,12.359999656677246,-0.1921568952553332,0
2024-09-30,15.180000305175781,15.359999656677246,11.760000228881836,12.359999656677246,27238,-0.1921568952553332,14.939999771118163,12.18899998664856,20.818999926249187,0.16338696555566856,143965.95,-0.3725408891960378,53.709199288904124,0.0040072780371684935,0.0027118794539675584,11.699999809265137,-0.053398047390362025,0
2024-10-01,12.0,12.84000015258789,10.920000076293945,11.699999809265137,15022,-0.053398047390362025,14.96399974822998,12.095999956130981,19.983999935785928,0.16386534970561606,144461.95,-0.44849107864013515,53.39233111651693,-0.0089584749040581,-0.013932465032684749,12.0600004196167,0.03076928343763563,1
2024-10-02,11.699999809265137,12.720000267028809,11.399999618530273,12.0600004196167,7425,0.03076928343763563,13.8,11.978999996185303,19.174999968210855,0.16342634587858765,144633.6,-0.5057249367594195,55.82089634384963,0.00042205732551758857,0.0014129765181349896,13.199999809265137,0.0945273092855059,1
2024-10-03,12.0600004196167,14.399999618530273,12.0600004196167,13.199999809265137,22640,0.0945273092855059,12.923999977111816,11.978999996185303,18.4149999777476,0.16338926798558095,145696.2,2.049158249158249,58.07365518177943,-0.0018281792604923908,-0.0007469983608714426,13.260000228881836,0.004545486400278964,1
2024-10-04,13.199999809265137,13.920000076293945,13.199999809265137,13.260000228881836,6150,0.004545486400278964,12.51599998474121,12.026999998092652,17.855999994277955,0.16234748789570894,145897.85,-0.728356890459364,59.537572679196025,0.009087339434985742,0.011898110487967628,12.84000015258789,-0.031674213351756686,0
2024-10-07,13.199999809265137,13.619999885559082,12.479999542236328,12.84000015258789,5760,-0.031674213351756686,12.61200008392334,12.069000005722046,17.3600000222524,0.1624470543617265,145959.6,-0.06341463414634141,57.514450853775124,-0.009040442689714157,-0.010711649721432903,12.300000190734863,-0.0420560712956215,0
2024-10-08,12.65999984741211,12.65999984741211,11.699999809265137,12.300000190734863,5792,-0.0420560712956215,12.732000160217286,12.141000032424927,16.84500001271566,0.16100292823520176,145990.05,0.005555555555555536,59.402984678059234,0.009457547081078044,0.014934622688860033,12.600000381469727,0.02439025903112113,1
2024-10-09,11.9399995803833,13.199999809265137,11.579999923706055,12.600000381469727,6628,0.02439025903112113,12.84000015258789,12.255000066757201,16.3450000445048,0.16024695089794613,146120.45,0.14433701657458564,54.66666751437717,0.006926447400689373,0.007868396075138673,12.779999732971191,0.014285662385072895,1
2024-10-10,12.720000267028809,13.800000190734863,12.720000267028809,12.779999732971191,9295,0.014285662385072895,12.756000137329101,12.408000040054322,15.918000014623006,0.15919558977941917,146277.45,0.40238382619191304,50.54545261183379,-0.0017500255397128184,-0.001135552196136258,11.399999618530273,-0.10798123186815478,0
2024-10-11,12.479999542236328,12.600000381469727,11.279999732971191,11.399999618530273,8818,-0.10798123186815478,12.384000015258788,12.489000034332275,15.508000008265178,0.1618896295310781,146487.1,-0.05131791285637444,48.60139706627309,0.005988252959907792,0.0015631438303584932,10.5,-0.07894733760055195,0
2024-10-14,11.34000015258789,11.399999618530273,10.199999809265137,10.5,3993,-0.07894733760055195,11.91599998474121,12.549000024795532,15.10900003115336,0.16267904907270178,146557.65,-0.547176230437741,46.95945938689476,0.008178318945803564,0.00839146824095871,10.319999694824219,-0.017142886207217267,0
2024-10-15,10.5,10.5,10.199999809265137,10.319999694824219,4790,-0.017142886207217267,11.519999885559082,12.578999996185303,14.781000026067098,0.16270261471760303,146540.8,0.19959929877285254,17.525773787129395,-0.0077696775233381254,-0.013366821902481174,10.859999656677246,0.052325579246272014,1
2024-10-16,10.800000190734863,11.279999732971191,10.319999694824219,10.859999656677246,2917,0.052325579246272014,11.171999740600587,12.695999956130981,14.40700003306071,0.15962678739637476,146152.75,-0.39102296450939455,21.717170865763663,0.00434640444437151,0.00012223196057381536,10.800000190734863,-0.005524812876535612,0
2024-10-17,10.800000190734863,10.979999542236328,10.260000228881836,10.800000190734863,6272,-0.005524812876535612,10.775999832153321,12.689999961853028,14.167000023523967,0.14753465696941812,145425.85,1.1501542680836474,26.70807416624578,8.584543021927793e-05,0.000692583845010919,10.5600004196167,-0.02222220063700142,0
2024-10-18,10.5600004196167,11.399999618530273,10.319999694824219,10.5600004196167,2980,-0.02222220063700142,10.607999992370605,12.587999963760376,13.92300001780192,0.1435769738100248,144818.35,-0.5248724489795918,37.06896929716386,0.0038465722734466468,0.00655470986402662,11.640000343322754,0.10227271598396914,1
2024-10-21,10.5600004196167,12.0,10.260000228881836,11.640000343322754,9663,0.10227271598396914,10.836000061035156,12.575999975204468,13.648000033696492,0.1447023841901427,144923.15,2.2426174496644293,49.59349950700977,-0.0016422140791901851,0.0019212736964546728,11.9399995803833,0.02577312957148159,1
2024-10-22,11.640000343322754,13.4399995803833,11.640000343322754,11.9399995803833,31015,0.02577312957148159,11.160000038146972,12.59399995803833,13.403000036875406,0.1445495267494474,145662.8,2.209665735278899,49.18032188863009,-0.0005311542518380286,0.001089939874668655,10.920000076293945,-0.08542709714706798,0
2024-10-23,11.880000114440918,11.9399995803833,10.859999656677246,10.920000076293945,7643,-0.08542709714706798,11.172000122070312,12.246000003814697,13.225000031789143,0.07283687935267046,15688.2,-0.753570852813155,34.16666390719158,-0.009137380893711078,-0.015323829007292011,9.899999618530273,-0.09340663467374644,0
2024-10-24,10.800000190734863,10.800000190734863,9.720000267028809,9.899999618530273,7105,-0.09340663467374644,10.992000007629395,11.861999988555908,13.056000010172527,0.07455911534846528,11727.8,-0.07039120764097873,29.411755768620793,0.0021626672107126765,0.00810881745318559,10.680000305175781,0.07878795118189141,1
2024-10-25,9.960000038146973,10.800000190734863,9.960000038146973,10.680000305175781,4645,0.07878795118189141,11.01599998474121,11.630999994277953,12.952000013987224,0.07380066983579325,9789.55,-0.3462350457424349,37.323942400747896,-0.00034530110213959464,0.006093597569404308,10.199999809265137,-0.04494386537405104,0
2024-10-28,10.5,10.800000190734863,10.079999923706055,10.199999809265137,3008,-0.04494386537405104,10.727999877929687,11.523000001907349,12.851999998092651,0.061535610200297575,8578.05,-0.352421959095802,37.5886488845842,0.003091391148152267,0.00016148463838105975,9.84000015258789,-0.03529408464794692,0
2024-10-29,10.199999809265137,10.199999809265137,9.539999961853027,9.84000015258789,4168,-0.03529408464794692,10.307999992370606,11.430000019073486,12.72799998919169,0.06095927240690185,8035.35,0.3856382978723405,33.802812802430665,0.0016183778622804734,0.009608417085728904,9.600000381469727,-0.024390220263873164,0
2024-10-30,9.899999618530273,10.199999809265137,9.239999771118164,9.600000381469727,4442,-0.024390220263873164,10.044000053405762,11.307000017166137,12.657999992370605,0.060413164884633254,7886.2,0.06573896353166986,31.468533023089037,-0.0030252672130528513,-0.007557579077935417,9.479999542236328,-0.012500086923436848,0
2024-10-31,9.359999656677246,9.720000267028809,8.579999923706055,9.479999542236328,2368,-0.012500086923436848,9.960000038146973,11.121000003814697,12.57599999109904,0.055220768604792816,6872.6,-0.4669067987393066,36.88524483374276,-0.01960310154264744,-0.025242754857248917,9.479999542236328,0.0,0
2024-11-01,9.479999542236328,10.199999809265137,7.440000057220459,9.479999542236328,3772,0.0,9.719999885559082,10.931999969482423,12.471999979019165,0.055145581865184735,6753.7,0.5929054054054055,42.05607129562151,0.004220532001058652,0.00739895944426161,10.020000457763672,0.05696212464161765,1
2024-11-04,9.0,10.020000457763672,8.880000114440918,10.020000457763672,3217,0.05696212464161765,9.684000015258789,10.79099998474121,12.369999996821086,0.057271258778685635,6626.55,-0.14713679745493102,47.787616469925645,-0.0021539305759273875,-0.0029132038066864707,9.600000381469727,-0.041916173363896636,0
2024-11-05,9.600000381469727,9.960000038146973,9.119999885559082,9.600000381469727,2148,-0.041916173363896636,9.636000061035157,10.655999994277954,12.265000009536744,0.05726724258409412,6444.35,-0.33229717127758784,40.540547119739244,0.012091775640930225,0.012756901226052886,10.800000190734863,0.12499997516473238,1
2024-11-06,8.579999923706055,10.800000190734863,8.579999923706055,10.800000190734863,493798,0.12499997516473238,9.876000022888183,10.565999984741211,12.175,0.06448063460573782,30802.85,228.88733705772813,50.0,0.024865554910313614,0.02716319324941563,16.799999237060547,0.5555554574409156,1
2024-11-07,18.059999465942383,26.940000534057617,15.239999771118164,16.799999237060547,2797517,0.5555554574409156,11.339999961853028,10.766999959945679,12.16599998474121,0.14123004268923361,170213.95,4.6653064613465425,73.0088444850514,0.0077321458684938005,0.0157442771994305,14.880000114440918,-0.1142856672507544,0
2024-11-08,12.180000305175781,14.880000114440918,11.279999732971191,14.880000114440918,111195,-0.1142856672507544,12.420000076293945,10.940999984741211,12.044999996821085,0.14154059138488959,175332.8,-0.9602522522651337,61.24999950329461,0.004331722357409529,0.0011684321508884654,12.779999732971191,-0.1411290568090583,0
2024-11-11,15.539999961853027,15.539999961853027,12.720000267028809,12.779999732971191,29487,-0.1411290568090583,12.97199993133545,11.05499997138977,12.009999990463257,0.14450428445531355,176607.5,-0.7348172130041819,52.592592941444636,0.0009528867448342915,-0.0005834748987080252,12.239999771118164,-0.042253519024720965,0
2024-11-12,12.600000381469727,12.779999732971191,11.520000457763672,12.239999771118164,13763,-0.042253519024720965,13.499999809265137,11.150999975204467,11.968999989827473,0.14493345694721438,177056.15,-0.5332519415335571,54.19847198575846,-0.003106395419244068,-0.0018100063489198126,10.739999771118164,-0.12254902189944816,0
2024-11-13,12.0,12.0,10.260000228881836,10.739999771118164,16310,-0.12254902189944816,13.487999725341798,11.144999980926514,11.921999979019166,0.1479135065605283,177725.8,0.18506139649785647,52.592592941444636,0.000485806693723001,-0.0012867231660268486,11.100000381469727,0.03351961061672193,1
2024-11-14,10.739999771118164,11.100000381469727,10.319999694824219,11.100000381469727,6035,0.03351961061672193,12.347999954223633,11.159999990463257,11.884999990463257,0.14798428641917413,177713.95,-0.6299816063764562,51.33079866292208,-0.006430159312396544,-0.006949726810334345,10.800000190734863,-0.02702704328151928,0
2024-11-15,10.739999771118164,11.039999961853027,9.479999542236328,10.800000190734863,104645,-0.02702704328151928,11.531999969482422,11.171999979019166,11.85,0.14804302954212845,182797.2,16.339685169842586,51.92307809871091,-0.012808588351979733,-0.02382589604477936,13.199999809265137,0.2222221829763662,1
2024-11-18,14.9399995803833,18.360000610351562,12.119999885559082,13.199999809265137,4061962,0.2222221829763662,11.615999984741212,11.249999952316283,11.846999994913737,0.15429118436007938,385412.15,37.81658942137704,59.523808365313045,0.004097352819568911,0.0069476239776209425,11.819999694824219,-0.10454546472586235,0
2024-11-19,11.520000457763672,14.100000381469727,11.34000015258789,11.819999694824219,100698,-0.10454546472586235,11.531999969482422,11.24399995803833,11.822999986012777,0.15657535782965398,388896.3,-0.9752095169772637,55.91054108675602,0.003655467635231613,0.006879729844784688,13.5600004196167,0.14720818694728033,1
2024-11-20,11.34000015258789,13.800000190734863,11.100000381469727,13.5600004196167,58087,0.14720818694728033,12.09600009918213,11.375999975204468,11.834999990463256,0.15781813749746323,391418.5,-0.42315636854753813,60.00000186994959,0.000338831460557909,-0.0005759703497107971,13.859999656677246,0.022123836856712042,1
2024-11-21,13.680000305175781,14.039999961853027,12.180000305175781,13.859999656677246,34495,0.022123836856712042,12.647999954223632,11.573999977111816,11.848999977111816,0.15551736108443745,392788.0,-0.406149396594763,60.579710518838915,0.005368302980789608,0.003597188843316612,13.079999923706055,-0.05627703840493359,0
2024-11-22,13.380000114440918,14.699999809265137,12.420000076293945,13.079999923706055,86677,-0.05627703840493359,13.103999900817872,11.69399995803833,11.851999982198079,0.156060141198265,396889.6,1.5127409769531814,57.30658946185257,0.003099410292649374,0.0016040190521831033,12.0,-0.08256880198819228,0
2024-11-25,12.600000381469727,13.680000305175781,11.760000228881836,12.0,24718,-0.08256880198819228,12.863999938964843,11.783999967575074,11.831999985376994,0.15710463349933945,397975.1,-0.7148263091708296,55.55555506498232,0.003392083253218603,0.0015816599368385642,12.239999771118164,0.019999980926513672,1
2024-11-26,12.0,13.199999809265137,11.520000457763672,12.239999771118164,14083,0.019999980926513672,12.947999954223633,11.903999948501587,11.809999974568685,0.15660513195632417,398470.85,-0.4302532567359819,53.48837134084632,0.005221486727384761,0.005369235950898776,12.239999771118164,0.0,0
2024-11-27,12.479999542236328,13.079999923706055,12.239999771118164,12.239999771118164,15780,0.0,12.683999824523926,12.03599991798401,11.773999977111817,0.15633059986183065,399037.75,0.12049989348860324,34.426230682882945,-0.0030300628489846604,-0.007873416553468848,13.5,0.10294119709503313,1
2024-11-29,12.779999732971191,13.800000190734863,12.779999732971191,13.5,27475,0.10294119709503313,12.611999893188477,12.236999940872192,11.778999980290731,0.15712367975136649,400293.1,0.7411280101394171,45.06437744818182,0.006212064520751737,0.008786864335380562,14.880000114440918,0.10222223069932723,1
2024-12-02,13.859999656677246,16.139999389648438,13.5600004196167,14.880000114440918,103260,0.10222223069932723,12.97199993133545,12.506999969482422,11.821999979019164,0.15783792261912344,405267.5,2.7583257506824386,57.91855333793916,0.0017924107737512518,0.010887879898174857,12.720000267028809,-0.14516127895159403,0
2024-12-03,14.760000228881836,14.880000114440918,12.300000190734863,12.720000267028809,32053,-0.14516127895159403,13.115999984741212,12.641999959945679,11.833999983469646,0.1626055919668532,406709.3,-0.6895893860158823,51.612904879768145,0.000463807728996235,0.003066267843772952,12.300000190734863,-0.0330188732293204,0
2024-12-04,12.84000015258789,13.020000457763672,11.520000457763672,12.300000190734863,30653,-0.0330188732293204,13.128000068664551,12.776999950408936,11.857999992370605,0.16243171780440438,408134.55,-0.043677658877484205,55.652175355273044,0.006209534809425099,0.012362905002811564,12.359999656677246,0.004878005285526621,1
2024-12-05,12.779999732971191,13.199999809265137,12.0,12.359999656677246,8847,0.004878005285526621,13.152000045776367,12.854999923706055,11.891999991734822,0.16067683981985087,383887.0,-0.7113822464359116,54.66666431191509,-0.00164565718361398,-0.0027711122194885585,12.960000038146973,0.048543721532029904,1
2024-12-06,12.600000381469727,13.800000190734863,12.359999656677246,12.960000038146973,19398,0.048543721532029904,13.044000053405762,12.662999963760376,11.945999987920125,0.09966203881481325,244981.05,1.1926076636147847,57.82608683633593,0.0018956655539701384,0.008949584967719693,12.960000038146973,0.0,0
2024-12-09,13.140000343322754,13.199999809265137,12.65999984741211,12.960000038146973,8450,0.0,12.660000038146972,12.56699995994568,11.998999993006388,0.09648865459925855,239843.8,-0.5643880812454892,48.94736938969694,-0.005149643631043976,-0.007787524194722617,14.039999961853027,0.08333332720116826,1
2024-12-10,13.140000343322754,14.100000381469727,12.960000038146973,14.039999961853027,15018,0.08333332720116826,12.923999977111816,12.62999997138977,12.07799998919169,0.09249207060547163,239120.35,0.7772781065088756,60.00000171833219,-0.003109090602606557,-0.003407537195598276,13.619999885559082,-0.02991453542985001,0
2024-12-11,13.199999809265137,13.619999885559082,12.539999961853027,13.619999885559082,8810,-0.02991453542985001,13.18799991607666,12.698999977111816,12.142999982833862,0.092175060122316,238872.7,-0.4133706219203622,50.30674577418862,0.007730647435394422,0.017902435192642896,13.5600004196167,-0.004405247169348314,0
2024-12-12,13.260000228881836,14.399999618530273,13.199999809265137,13.5600004196167,5968,-0.004405247169348314,13.42800006866455,12.840000009536743,12.226999982198079,0.08691653240237787,238355.6,-0.3225879682179341,48.4276767911435,-0.005152610492206833,-0.006453772306103223,13.199999809265137,-0.026548716755993906,0
2024-12-13,13.199999809265137,13.680000305175781,13.199999809265137,13.199999809265137,1657,-0.026548716755993906,13.476000022888183,12.944999980926514,12.2649999777476,0.08728735665348847,238136.7,-0.7223525469168901,50.65789411768027,-0.00019855892276432474,0.007654376632241222,12.180000305175781,-0.07727269082029942,0
2024-12-16,13.260000228881836,13.260000228881836,11.039999961853027,12.180000305175781,15738,-0.07727269082029942,13.320000076293946,13.01399998664856,12.257999976476034,0.08917840448693914,233691.35,8.497887748943874,50.99337922619324,0.004269965675617771,0.014400605416071688,12.239999771118164,0.004926064403864228,1
2024-12-17,11.460000038146973,12.84000015258789,10.5600004196167,12.239999771118164,11993,0.004926064403864228,12.960000038146973,12.965999984741211,12.263999970753988,0.07383979319722235,31192.9,-0.23795907993391796,50.0,-0.004120041679210651,-0.004403803988419663,12.0,-0.01960782480441492,0
2024-12-18,11.460000038146973,13.380000114440918,11.460000038146973,12.0,10777,-0.01960782480441492,12.636000061035157,12.975,12.270999972025553,0.06992021341764451,26696.85,-0.10139247894605186,48.68421162704805,-0.029803487374158943,-0.036076927081440724,11.699999809265137,-0.025000015894571903,0
2024-12-19,12.0,12.899999618530273,11.279999732971191,11.699999809265137,10358,-0.025000015894571903,12.263999938964844,12.881999969482422,12.167999982833862,0.06130907068679229,24310.4,-0.038879094367634814,38.970585571303005,-0.0003071121340316729,-0.004453284650485112,11.15999984741211,-0.046153843645826864,0
2024-12-20,12.0,12.0,9.300000190734863,11.15999984741211,18543,-0.046153843645826864,11.855999946594238,12.746999979019165,12.060999981562297,0.06158789170780231,23512.8,0.7902104653407993,24.5901577406253,0.008616360754965635,0.00873250166989914,9.84000015258789,-0.11827954416417963,0
2024-12-23,11.15999984741211,11.15999984741211,9.180000305175781,9.84000015258789,14358,-0.11827954416417963,11.38799991607666,12.584999990463256,11.969999980926513,0.06552968868878908,19896.85,-0.2256916356576606,27.777772054422428,0.005988290418921238,0.008117113698077993,10.079999923706055,0.024390220263873053,1
2024-12-24,9.960000038146973,10.800000190734863,9.84000015258789,10.079999923706055,9745,0.024390220263873053,10.955999946594238,12.48899998664856,11.931999985376994,0.06381410806872884,19148.2,-0.3212843014347402,32.38094546086475,0.011115010046286677,0.013559827340789976,10.800000190734863,0.07142859846015659,1
2024-12-26,9.899999618530273,11.15999984741211,9.65999984741211,10.800000190734863,21890,0.07142859846015659,10.715999984741211,12.417000007629394,11.916999991734823,0.06594741467448274,19538.55,1.2462801436634172,38.79310581072741,6.658749927290764e-05,-0.0006793840512319127,11.039999961853027,0.02222220063700142,1
2024-12-27,11.039999961853027,11.279999732971191,9.180000305175781,11.039999961853027,65467,0.02222220063700142,10.58400001525879,12.357000017166138,11.899999984105428,0.06620744085566307,22022.9,1.9907263590680677,35.45454151374159,-0.010526518786625139,-0.013293010483157341,9.779999732971191,-0.11413045590901882,0
2024-12-30,10.4399995803833,10.4399995803833,9.300000190734863,9.779999732971191,21500,-0.11413045590901882,10.307999992370606,12.171000003814697,11.842999982833863,0.065712756391004,21724.15,-0.6715902668520017,29.770987087053484,-0.01141163837760406,-0.013299931566713497,9.600000381469727,-0.018404842169334135,0
2024-12-31,10.079999923706055,10.199999809265137,9.479999542236328,9.600000381469727,276883,-0.018404842169334135,10.260000038146973,11.907000017166137,11.781999985376993,0.05976224019326013,30405.3,11.878279069767443,18.103442724100162,-0.0036380159121820466,-0.008494743099763613,10.050000190734863,0.04687497826914089,1
2025-01-02,10.5600004196167,15.270000457763672,9.0,10.050000190734863,401800,0.04687497826914089,10.254000091552735,11.773500013351441,11.735499986012776,0.05369846116325772,48892.65,0.4511544587425014,24.463513691984105,-0.0024570065510107764,-0.001956066698961312,8.149999618530273,-0.18905477971594553,0
2025-01-03,8.5,9.0,7.869999885559082,8.149999618530273,245600,-0.18905477971594553,9.723999977111816,11.565999984741211,11.666333309809367,0.06688739849270277,59640.0,-0.3887506222000996,19.365790305030018,0.012503416419400448,0.016365180259338752,10.75,0.3190184666460876,1
2025-01-06,8.300000190734863,11.230999946594238,8.220000267028809,10.75,181600,0.3190184666460876,9.66599998474121,11.485500001907349,11.635499970118206,0.10083773500760658,68277.65,-0.26058631921824105,38.93405561033225,0.005760576187535671,0.01149284727735167,9.710000038146973,-0.09674418249795602,0
2025-01-07,10.789999961853027,11.092000007629395,8.649999618530273,9.710000038146973,67600,-0.09674418249795602,9.652000045776367,11.32300000190735,11.5843333085378,0.10219855626512477,70687.75,-0.6277533039647577,38.86383929012916,-0.011304052395755049,-0.017844179173459596,8.930000305175781,-0.08032952934159243,0
2025-01-08,9.369999885559082,10.149999618530273,8.8100004196167,8.930000305175781,44200,-0.08032952934159243,9.518000030517578,11.121500015258789,11.543166653315227,0.10337046092162802,72475.25,-0.34615384615384615,35.986453786523256,0.0014609947580461746,0.00017474835348552098,7.880000114440918,-0.11758120435071973,0
2025-01-10,8.9399995803833,9.75,7.880000114440918,7.880000114440918,28500,-0.11758120435071973,9.08400001525879,10.813500022888183,11.499499988555907,0.10320854767660419,73149.35,-0.3552036199095022,33.676703950395634,-0.015267434815002923,-0.015681131801912884,7.480000019073486,-0.05076143268505673,0
2025-01-13,8.260000228881836,9.869999885559082,7.269999980926514,7.480000019073486,66600,-0.05076143268505673,8.950000095367432,10.506500029563904,11.452166660626729,0.10337944191733087,76038.85,1.336842105263158,33.41195023664356,0.0015504563889190415,-0.003213795372476458,7.0,-0.06417112538095182,0
2025-01-14,7.539999961853027,7.539999961853027,6.699999809265137,7.0,53400,-0.06417112538095182,8.200000095367432,10.178500008583068,11.387833333015442,0.1036232844084594,78410.45,-0.19819819819819817,33.57030056259252,0.0013759916283606621,-0.0009494639382984227,6.505000114440918,-0.07071426936558312,0
2025-01-15,7.0,7.0,6.480000019073486,6.505000114440918,21500,-0.07071426936558312,7.55900011062622,9.843750023841858,11.316249998410543,0.10406578851437123,79402.6,-0.5973782771535581,35.91043503423114,0.018189984044830076,0.023006307800127246,6.650000095367432,0.022290542409771463,1
2025-01-16,6.619999885559082,6.999000072479248,6.574999809265137,6.650000095367432,68100,0.022290542409771463,7.103000068664551,9.56725001335144,11.251083326339721,0.10406513922094246,82020.7,2.167441860465116,35.39182386756762,-0.0019231664227786771,-0.0070059899974166395,6.5,-0.022556404994930057,0
2025-01-17,7.0,7.099999904632568,6.150000095367432,6.5,86500,-0.022556404994930057,6.8270000457763675,9.280250024795532,11.16541665395101,0.10383051663675132,85746.05,0.27019089574155664,30.75201360176918,0.010039892999691435,0.016878406595622453,6.639999866485596,0.021538440997783903,1
2025-01-21,6.519999980926514,6.699999809265137,6.5,6.639999866485596,13500,0.021538440997783903,6.659000015258789,9.012250018119811,11.077083325386047,0.10437761171447314,85882.2,-0.8439306358381503,30.126467808775644,0.00915353684308795,0.005864985655439581,6.329999923706055,-0.046686739309170666,0
2025-01-22,6.800000190734863,6.800000190734863,6.199999809265137,6.329999923706055,21900,-0.046686739309170666,6.525,8.743750023841859,11.000583322842916,0.10449778008072176,86459.3,0.6222222222222222,32.954546204154724,0.005621448830210873,0.012785865336763846,5.900000095367432,-0.06793046343148601,0
2025-01-23,6.329999923706055,6.329999923706055,5.900000095367432,5.900000095367432,26200,-0.06793046343148601,6.403999996185303,8.480750036239623,10.933916664123535,0.10483841373085998,86842.15,0.19634703196347036,32.16007638958597,0.005458079192118603,0.0021260274727672446,5.695000171661377,-0.03474574921905793,0
2025-01-24,5.900000095367432,6.199999809265137,5.519999980926514,5.695000171661377,164400,-0.03474574921905793,6.213000011444092,8.273500037193298,10.850833328564962,0.10262934947807265,94344.25,5.2748091603053435,28.493828079137543,-0.0029192772396473554,-0.005651114604319996,5.210000038146973,-0.08516244405536466,0
2025-01-27,5.670000076293945,5.839000225067139,5.0,5.210000038146973,81700,-0.08516244405536466,5.955000019073486,8.030000042915344,10.767666665712992,0.10292919950409314,97942.0,-0.5030413625304136,33.12284978468968,-0.01414539533258774,-0.02911463241884893,5.070000171661377,-0.026871375328317515,0
2025-01-28,5.25,5.25,4.510000228881836,5.070000171661377,113000,-0.026871375328317515,5.641000080108642,7.74350004196167,10.688166666030884,0.10025475800905496,102497.5,0.38310893512851907,4.559997906493976,0.008592396109277312,0.014779905605071253,5.050000190734863,-0.003944769279950466,0
2025-01-29,5.119999885559082,6.449999809265137,5.0,5.050000190734863,486800,-0.003944769279950466,5.385000133514405,7.4440000534057615,10.612333329518636,0.09966938872448171,123564.15,3.3079646017699114,5.449328343349038,-0.0044829317228528565,-0.0018780408066826348,4.329999923706055,-0.14257430491780554,0
2025-01-30,5.0,5.041999816894531,4.051000118255615,4.329999923706055,186200,-0.14257430491780554,5.071000099182129,7.1715000629425045,10.526500002543132,0.10106605434727121,131799.15,-0.6175020542317173,5.512569501089985,0.005367110021191612,0.004262370889314582,4.159999847412109,-0.039260988288526755,0
2025-01-31,4.5,4.5,4.059999942779541,4.159999847412109,109500,-0.039260988288526755,4.764000034332275,6.899500036239624,10.437833340962728,0.10098875816642439,123430.0,-0.4119226638023631,6.643353145602518,-0.00532191395620385,-0.0014530346685063256,4.480000019073486,0.07692312100935417,1
2025-02-03,4.159999847412109,4.492000102996826,3.4000000953674316,4.480000019073486,346500,0.07692312100935417,4.618000030517578,6.621000027656555,10.345500000317891,0.10250602755926654,120665.0,2.164383561643836,14.370546641129636,-0.006729566554251942,-0.008003202917216234,3.8299999237060547,-0.1450893063839448,0
2025-02-04,4.150000095367432,4.75,3.5999999046325684,3.8299999237060547,133900,-0.1450893063839448,4.369999980926513,6.405000042915344,10.24933332602183,0.09945360381117922,115080.0,-0.6135642135642136,13.81278546269425,0.006708281838506247,0.012275357610116222,3.859999895095825,0.00783289085832184,1
2025-02-05,3.819999933242798,4.150000095367432,3.5999999046325684,3.859999895095825,132900,0.00783289085832184,4.131999921798706,6.060500037670136,10.133666654427847,0.05665335661437608,112645.0,-0.007468259895444307,16.21966687049475,0.004054540342757651,0.004537924029514473,3.5899999141693115,-0.06994818348817877,0
2025-02-06,4.0,4.0,3.4100000858306885,3.5899999141693115,100600,-0.06994818348817877,3.9839999198913576,5.754500031471252,9.913499999046326,0.055757842186732506,114295.0,-0.24303987960872842,12.12871250609841,0.003475616038725038,0.005219702244346758,3.4000000953674316,-0.05292474187867602,0
2025-02-07,3.559999942779541,3.809999942779541,3.3429999351501465,3.4000000953674316,56200,-0.05292474187867602,3.831999969482422,5.478000020980835,9.7221666653951,0.05522956529301413,114895.0,-0.441351888667992,12.00980437988963,-0.009153562023232031,-0.012613279803101674,3.5,0.02941173583166079,1
2025-02-10,3.4000000953674316,3.5920000076293945,3.2699999809265137,3.5,78400,0.02941173583166079,3.6359999656677244,5.259000015258789,9.567500003178914,0.05492860873385869,117390.0,0.395017793594306,11.138615146850498,0.0067912111491030824,0.012105135196050387,3.3399999141693115,-0.04571431023733952,0
2025-02-11,3.4800000190734863,3.569000005722046,3.1010000705718994,3.3399999141693115,83300,-0.04571431023733952,3.537999963760376,5.052000010013581,9.419166672229768,0.0548797584247367,118225.0,0.0625,11.568124307153496,0.000760555495121995,-0.0023807458963155392,3.2899999618530273,-0.014970045988375258,0
2025-02-12,3.259999990463257,3.6589999198913574,3.1500000953674316,3.2899999618530273,127700,-0.014970045988375258,3.4239999771118166,4.8665000081062315,9.295000008742015,0.05474815635286326,121940.0,0.5330132052821128,12.820513343016799,-0.0032215099947072723,0.0005871277189481994,3.299999952316284,0.0030395108143479455,1
2025-02-13,3.4700000286102295,3.936000108718872,3.0899999141693115,3.299999952316284,128600,0.0030395108143479455,3.3659999847412108,4.70625,9.165000001589457,0.05473919670447333,127295.0,0.007047768206734473,13.87631967189003,0.010557536581541571,0.014385835314598028,2.740000009536743,-0.16969695480949165,0
2025-02-14,3.299999952316284,3.3259999752044678,2.5199999809265137,2.740000009536743,490200,-0.16969695480949165,3.2339999675750732,4.510749995708466,9.030666665236156,0.06119521899301245,148400.0,2.811819595645412,13.569322239297549,-4.9150054415414424e-05,0.004198544313298136,2.1700000762939453,-0.20802917199229087,0
2025-02-18,2.5999999046325684,2.5999999046325684,2.049999952316284,2.1700000762939453,375000,-0.20802917199229087,2.967999982833862,4.294249999523163,8.846833336353303,0.07138396779230645,162825.0,-0.23500611995104037,12.041885274233167,0.0029358340027980656,0.002266971379316196,2.1500000953674316,-0.009216580748084957,0
2025-02-19,2.25,2.25,2.059999942779541,2.1500000953674316,285300,-0.009216580748084957,2.7300000190734863,4.069750010967255,8.685666676362356,0.07006405422895233,176415.0,-0.23919999999999997,12.041885274233167,0.0023549076262954216,0.0002781474969328901,2.390000104904175,0.11162790646096576,1
2025-02-20,2.1500000953674316,2.4000000953674316,1.7300000190734863,2.390000104904175,480000,0.11162790646096576,2.550000047683716,3.8727500200271607,8.49950000445048,0.07909060492217199,199320.0,0.6824395373291272,20.95808579856842,-0.00416032470826988,-0.004244585890417318,2.3499999046325684,-0.016736484734677592,0
2025-02-21,2.390000104904175,2.390000104904175,2.0999999046325684,2.3499999046325684,1037600,-0.016736484734677592,2.3600000381469726,3.6952500104904176,8.307666675249736,0.07911611354750935,249890.0,1.1616666666666666,21.806854808880402,-0.017104102948802602,-0.020754544206891712,5.559999942779541,1.365957518474397,1
2025-02-24,4.019999980926514,13.1899995803833,4.0,5.559999942779541,146448400,1.365957518474397,2.9240000247955322,3.688499999046326,8.182333342234294,0.32465105584963444,7564090.0,140.14148033924442,58.85245852943261,-0.004550422471648163,-0.011804329704459549,3.819999933242798,-0.3129496452237168,0
2025-02-25,4.590000152587891,4.659999847412109,3.359999895095825,3.819999933242798,2841200,-0.3129496452237168,3.2539999961853026,3.618999993801117,8.04600000778834,0.33273352816001805,7702065.0,-0.9805993100641591,49.93045903535973,-0.004973177992678157,-0.012599280309478655,2.819999933242798,-0.2617801092868345,0
2025-02-26,4.010000228881836,7.25,2.7899999618530273,2.819999933242798,18768000,-0.2617801092868345,3.387999963760376,3.506499981880188,7.889000010490418,0.3384547964802044,8634815.0,5.605659580458961,43.62745109497241,0.0005048259926943022,0.0024156281007605696,3.4800000190734863,0.2340425891683393,1
2025-02-27,3.9800000190734863,4.139999866485596,3.0999999046325684,3.4800000190734863,9460000,0.2340425891683393,3.6059999465942383,3.427999973297119,7.743000014623006,0.34228207507134656,9083475.0,-0.49595055413469735,49.35672575608597,-0.01596190430433686,-0.02777131648927811,3.25,-0.0660919591416328,0
2025-02-28,3.490000009536743,3.619999885559082,2.9000000953674316,3.25,1478900,-0.0660919591416328,3.785999965667725,3.3739999771118163,7.572166681289673,0.3408296087421677,9148110.0,-0.8436680761099365,49.12689119497721,0.015605512474676564,0.01579152175335996,2.25,-0.3076923076923077,0
2025-03-03,2.8299999237060547,2.9149999618530273,2.2100000381469727,2.25,943400,-0.3076923076923077,3.1239999771118163,3.278499984741211,7.361666679382324,0.34851868358433974,9189805.0,-0.3620934478328487,43.41412029852517,-0.017519898469909534,-0.021882490782480946,1.940000057220459,-0.13777775234646272,0
2025-03-04,1.8300000429153442,2.0940001010894775,1.8300000429153442,1.940000057220459,681300,-0.13777775234646272,2.7480000019073487,3.1514999866485596,7.182000009218852,0.349569538167082,9206545.0,-0.2778248887004452,42.738590032604726,-0.011836911709231068,-0.003017805123907924,1.7200000286102295,-0.11340207325840768,0
2025-03-05,1.9500000476837158,2.0450000762939453,1.5800000429153442,1.7200000286102295,935200,-0.11340207325840768,2.528000020980835,3.045999991893768,7.005666673183441,0.34896453360668156,9246610.0,0.37266989578746523,41.997961752070786,0.010747863198125485,0.013036065244249606,1.5800000429153442,-0.08139533916636388,0
2025-03-06,1.7100000381469727,1.7400000095367432,1.5099999904632568,1.5800000429153442,323300,-0.08139533916636388,2.1480000257492065,2.931999999284744,6.8260000129540765,0.34940565859249,9256130.0,-0.6542985457656116,41.34808914048365,-0.017751133038238276,-0.02750940676470026,1.3899999856948853,-0.12025319750617192,0
2025-03-07,1.5299999713897705,1.5499999523162842,1.2699999809265137,1.3899999856948853,802500,-0.12025319750617192,1.7760000228881836,2.822000002861023,6.633166678746542,0.3500690535340598,9291225.0,1.4822146613052891,42.946708553762036,0.005604862520902865,0.0073535359445426884,1.4900000095367432,0.07194246393597337,1
2025-03-10,1.840000033378601,1.940000057220459,1.440000057220459,1.4900000095367432,30094000,0.07194246393597337,1.6240000247955322,2.7264999985694884,6.442000011603038,0.35035269268693736,10793115.0,36.50031152647975,46.2637360535617,-0.02663558528182819,-0.03875637411786237,1.3300000429153442,-0.10738252724652309,0
2025-03-11,1.2999999523162842,1.5499999523162842,1.0499999523162842,1.3300000429153442,1643100,-0.10738252724652309,1.5020000219345093,2.6180000007152557,6.230166679620742,0.35103185101887396,10871350.0,-0.9454010766265701,45.56277045525858,-0.008312879584754462,-0.002390381098197669,1.190000057220459,-0.10526314374246704,0
2025-03-12,1.309999942779541,1.3700000047683716,1.1399999856948853,1.190000057220459,983100,-0.10526314374246704,1.3960000276565552,2.510500007867813,6.023000015815099,0.35160883010266464,10916340.0,-0.4016797516888808,43.43544856341073,0.005306541044969082,0.011280761779827175,1.2100000381469727,0.0168067058527952,1
2025-03-13,1.2200000286102295,1.2999999523162842,1.149999976158142,1.2100000381469727,1236300,0.0168067058527952,1.3220000267028809,2.4065000116825104,5.817166676123937,0.351667927137206,10971770.0,0.2575526396093988,43.75000081694962,-0.01333049237232553,-0.017990473975242116,1.2200000286102295,0.008264454667762822,1
2025-03-14,1.1699999570846558,1.2699999809265137,1.159999966621399,1.2200000286102295,593200,0.008264454667762822,1.2880000352859498,2.3025000154972077,5.6175000131130215,0.3516806214717397,10995000.0,-0.5201811857963278,13.344595791912127,0.020655788693630495,0.024170490269320943,1.190000057220459,-0.02459013990675485,0
2025-03-17,1.2400000095367432,1.2799999713897705,1.159999966621399,1.190000057220459,744900,-0.02459013990675485,1.2280000448226929,2.2250000178813933,5.434333342313766,0.34971370651799655,11007735.0,0.2557316250842887,18.764847361142415,0.007711353519474162,0.006483728740813044,1.100000023841858,-0.075630276513447,0
2025-03-18,1.149999976158142,1.1859999895095825,1.0700000524520874,1.100000023841858,446800,-0.075630276513447,1.1820000410079956,2.171500015258789,5.248666679859161,0.3468738175489857,11011325.0,-0.4001879446905625,23.93939587695536,-0.010808436249554187,-0.01704741524129194,1.0800000429153442,-0.018181800448205276,0
2025-03-19,1.090000033378601,1.1299999952316284,1.059999942779541,1.0800000429153442,270900,-0.018181800448205276,1.1600000381469726,2.118000012636185,5.066666680574417,0.34689680464488254,11010605.0,-0.3936884512085944,4.88721792717719,0.010890850841058342,0.01338139248361081,1.0299999713897705,-0.046296360684027316,0
2025-03-20,1.0700000524520874,1.0800000429153442,1.0199999809265137,1.0299999713897705,383500,-0.046296360684027316,1.1240000247955322,2.0500000059604644,4.888833349943161,0.346089881283195,11005780.0,0.4156515319306018,5.241935251282612,-0.0028917790177164227,-0.0033895585958551022,1.0499999523162842,0.019417457749564715,1
2025-03-21,1.059999942779541,1.0700000524520874,1.0099999904632568,1.0499999523162842,380000,0.019417457749564715,1.0900000095367433,1.9850000083446502,4.720333351691564,0.3461193339766094,10972900.0,-0.009126466753585416,9.999998410542815,-0.0026702678945725866,0.0032967210701311256,1.0,-0.04761900436850974,0
2025-03-24,1.090000033378601,1.100000023841858,0.9800000190734863,1.0,590000,-0.04761900436850974,1.0519999980926513,1.7570000112056732,4.573000015815099,0.12646836270325695,3679980.0,0.5526315789473684,12.096772177782583,0.017908502022889516,0.020422609181866225,0.949999988079071,-0.050000011920928955,0
2025-03-25,0.9599999785423279,1.0,0.8700000047683716,0.949999988079071,634900,-0.050000011920928955,1.021999990940094,1.6135000139474869,4.420833350221316,0.11327726375700671,3569665.0,0.0761016949152542,14.018689454283816,0.0024038545877420603,0.005706574353056437,0.8889999985694885,-0.06421051607898054,0
2025-03-26,0.8999999761581421,0.949999988079071,0.8840000033378601,0.8889999985694885,179700,-0.06421051607898054,0.9837999820709229,1.5169500172138215,4.255650013685226,0.10295844221448919,2640250.0,-0.7169633013072925,15.136223679451874,-0.011938266525687413,-0.018400654013492,0.7710000276565552,-0.13273337581868383,0
2025-03-27,0.8600000143051147,0.8799999952316284,0.7429999709129333,0.7710000276565552,974700,-0.13273337581868383,0.9319999933242797,1.3815000176429748,4.084500014781952,0.0795663013104793,2215985.0,4.424040066777963,16.322088225260188,-0.0026557092004866334,-0.005698025801648687,0.7020000219345093,-0.08949416763546758,0
2025-03-28,0.7310000061988831,0.7549999952316284,0.6499999761581421,0.7020000219345093,361500,-0.08949416763546758,0.8624000072479248,1.2541000187397002,3.933200019598007,0.07969164678866417,2160115.0,-0.6291166512773161,5.630625944159846,-0.020138328985595644,-0.02632779536633645,0.6669999957084656,-0.049857585658749315,0
2025-03-31,0.718999981880188,0.7200000286102295,0.593999981880188,0.6669999957084656,255000,-0.049857585658749315,0.7958000063896179,1.1749500185251236,3.7843166798353196,0.05684241100816506,2125695.0,-0.29460580912863066,6.553074111701292,0.0067128130226792315,-4.2625951225727654e-05,0.6510000228881836,-0.023987965402139655,0
2025-04-01,0.6499999761581421,0.699999988079071,0.5899999737739563,0.6510000228881836,304700,-0.023987965402139655,0.7360000133514404,1.1105000168085097,3.6276666770378747,0.053995417492045235,2106865.0,0.19490196078431365,7.824719419736141,0.0028244266313557365,0.008061073682195108,0.5519999861717224,-0.15207378377230185,0
2025-04-02,0.6010000109672546,0.6690000295639038,0.5249999761581421,0.5519999861717224,735200,-0.15207378377230185,0.6686000108718873,1.0521000146865844,3.501033349831899,0.05693398268318562,2096865.0,1.412865113226124,4.178269026313288,0.006328411525621025,0.007298459065709029,0.5419999957084656,-0.018115925206103056,0
2025-04-03,0.5199999809265137,0.5519999861717224,0.4869999885559082,0.5419999957084656,630500,-0.018115925206103056,0.6228000044822692,1.0002000123262405,3.33090001642704,0.057067743181144444,2112225.0,-0.14241022850924923,2.785512684208854,-0.04928081620084812,-0.05353353052844212,0.5180000066757202,-0.04428042292025147,0
2025-04-04,0.5,0.5220000147819519,0.49399998784065247,0.5180000066757202,242100,-0.04428042292025147,0.5860000014305115,0.9566000133752823,3.177700015902519,0.054655268206979385,2084205.0,-0.6160190325138779,2.8089860362727705,-0.058542971330535654,-0.062108884762183125,0.5180000066757202,0.0,0
2025-04-07,0.5019999742507935,0.5180000066757202,0.4699999988079071,0.5180000066757202,282900,0.0,0.5562000036239624,0.9080000132322311,3.037500010927518,0.04845398011393528,593650.0,0.16852540272614625,3.2154311255848853,-0.0017811785518102585,0.002413204110223166,0.5149999856948853,-0.005791546220409671,0
2025-04-08,0.5080000162124634,0.5249999761581421,0.47999998927116394,0.5149999856948853,1893700,-0.005791546220409671,0.5289999961853027,0.8672500103712082,2.914750008781751,0.04746560410453202,606180.0,5.693884764934606,3.3057818671050825,-0.0156627816725603,-0.018008460994704878,0.550000011920929,0.0679612178606539,1
2025-04-09,0.4830000102519989,0.5540000200271606,0.45100000500679016,0.550000011920929,950000,0.0679612178606539,0.5286000013351441,0.8352500081062317,2.7992500086625416,0.05155372921816289,604525.0,-0.49833658974494377,9.322035524976016,0.10501930183911301,0.12003077136578888,0.5370000004768372,-0.023636383931498472,0
2025-04-10,0.5600000023841858,0.6349999904632568,0.49900001287460327,0.5370000004768372,725900,-0.023636383931498472,0.5276000022888183,0.8016000062227249,2.6915333420038223,0.05012529983963246,579005.0,-0.23589473684210527,6.003434986004152,-0.04381899719533322,-0.04253220455840934,0.5289999842643738,-0.01489760932096773,0
2025-04-11,0.5139999985694885,0.5350000262260437,0.4819999933242798,0.5289999842643738,250000,-0.01489760932096773,0.5297999978065491,0.7670500040054321,2.5919333398342133,0.04924681104987796,561845.0,-0.6555999448959912,6.46950495649466,0.017842817199724692,0.018423060996991536,0.6589999794960022,0.24574669016749806,1
2025-04-14,0.5410000085830688,0.6800000071525574,0.5249999761581421,0.6589999794960022,852700,0.24574669016749806,0.5579999923706055,0.7405000001192092,2.492083337903023,0.0806805319771621,567235.0,2.4108,26.570049561114047,0.009701450822369617,0.006778206714820989,0.5899999737739563,-0.10470410905750949,0
2025-04-15,0.6800000071525574,0.6800000071525574,0.574999988079071,0.5899999737739563,654100,-0.10470410905750949,0.5729999899864197,0.7149999976158142,2.393583337465922,0.08187147226861652,577600.0,-0.23290723583909934,26.232115054956623,-0.0028008788011967267,0.0011147574446965791,0.5379999876022339,-0.0881355737002878,0
2025-04-16,0.5569999814033508,0.5600000023841858,0.5249999761581421,0.5379999876022339,513200,-0.0881355737002878,0.5705999851226806,0.6878999948501587,2.291883339484533,0.08293361809949622,589715.0,-0.2154104876930133,29.30728190790734,-0.02222803246337901,-0.030153492113499047,0.531000018119812,-0.013011095992063959,0
2025-04-17,0.5540000200271606,0.6000000238418579,0.5109999775886536,0.531000018119812,365300,-0.013011095992063959,0.5693999886512756,0.6629499971866608,2.195233341058095,0.08294733861514976,588805.0,-0.28819173811379584,32.9341329476124,0.001426777837987947,-0.000180076936342366,0.4909999966621399,-0.07532960469437633,0
2025-04-21,0.5099999904632568,0.5130000114440918,0.4699999988079071,0.4909999966621399,681600,-0.07532960469437633,0.5617999911308289,0.6349999994039536,2.105083339413007,0.08271352067667985,603885.0,0.8658636736928551,32.608697188639965,-0.023802680232045126,-0.024746725063974573,0.4729999899864197,-0.03665989164579597,0
2025-04-22,0.4950000047683716,0.4950000047683716,0.45500001311302185,0.4729999899864197,639900,-0.03665989164579597,0.5245999932289124,0.6086499989032745,2.0180500030517576,0.0826562848203565,606380.0,-0.06117957746478875,32.48031433701517,0.02601773758493775,0.026252051486498118,0.4300000071525574,-0.09090905654162251,0
2025-04-23,0.460999995470047,0.4659999907016754,0.4259999990463257,0.4300000071525574,1363200,-0.09090905654162251,0.49259999990463255,0.5826499998569489,1.9383833358685176,0.0835828930717692,642795.0,1.1303328645100796,36.504427754558634,0.015495463082325855,0.022678154974612896,0.4309999942779541,0.0023255514157281,1
2025-04-24,0.42399999499320984,0.43799999356269836,0.41600000858306885,0.4309999942779541,727900,0.0023255514157281,0.4712000012397766,0.5597499996423722,1.8610666662454605,0.08371268030012116,670205.0,-0.46603579812206575,37.47178366017443,0.02104893334386637,0.02813711856216128,0.43299999833106995,0.0046403806952861615,1
2025-04-25,0.41999998688697815,0.43299999833106995,0.4050000011920929,0.43299999833106995,496700,0.0046403806952861615,0.4515999972820282,0.5428499981760979,1.7841166630387306,0.08062400193905694,646305.0,-0.3176260475340019,39.90498793855512,0.00722532365580375,0.011147943483548639,0.40400001406669617,-0.06697455976016087,0
2025-04-28,0.421999990940094,0.4309999942779541,0.3880000114440918,0.40400001406669617,566400,-0.06697455976016087,0.43420000076293946,0.5279499977827072,1.718683331211408,0.07983679667418792,656550.0,0.1403261526072075,37.33333465788093,0.00038130345037501456,-0.00031740709594396677,0.38499999046325684,-0.04702975975714352,0
2025-04-29,0.4020000100135803,0.4050000011920929,0.36800000071525574,0.38499999046325684,315200,-0.04702975975714352,0.4166000008583069,0.5138499975204468,1.655766666928927,0.07979180085414951,659560.0,-0.443502824858757,36.05150327128439,0.006299413437552026,0.00660442220317381,0.37700000405311584,-0.020779185995601912,0
2025-04-30,0.38999998569488525,0.38999998569488525,0.34299999475479126,0.37700000405311584,1799700,-0.020779185995601912,0.4060000002384186,0.5001499965786934,1.5873833333452543,0.07979556690142678,734310.0,4.709708121827411,30.296125799749433,0.000396829809890642,-0.0001261698709813519,0.35499998927116394,-0.058355476247826,0
2025-05-01,0.3630000054836273,0.3700000047683716,0.33500000834465027,0.35499998927116394,2012000,-0.058355476247826,0.39079999923706055,0.4902999967336655,1.5294666677713393,0.0744570074880586,798150.0,0.11796410512863265,29.687498025097142,0.007086942026725218,0.013060742926230606,0.34700000286102295,-0.022535173667372344,0
2025-05-02,0.36000001430511475,0.36000001430511475,0.3370000123977661,0.34700000286102295,1172700,-0.022535173667372344,0.37360000014305117,0.4805499970912933,1.470916669567426,0.07445956352953917,825260.0,-0.41714711729622267,29.6875,0.014844198430334021,0.014843867308595105,0.3370000123977661,-0.028818416083016385,0
2025-05-05,0.34200000762939453,0.3449999988079071,0.32199999690055847,0.3370000123977661,1404600,-0.028818416083016385,0.36019999980926515,0.4714999973773956,1.4167000045379003,0.07427004691250548,883385.0,0.19774878485546177,0.9146315978081532,-0.005734349537724115,-0.00593252045935122,0.31700000166893005,-0.05934721066190862,0
2025-05-06,0.3330000042915344,0.33500000834465027,0.30300000309944153,0.31700000166893005,1266900,-0.05934721066190862,0.34660000205039976,0.46144999712705614,1.3653166696429253,0.07466204064057454,932585.0,-0.098035027765912,1.0752658308840637,-0.008358364343191038,-0.009301728812379895,0.2849999964237213,-0.1009463882546886,0
2025-05-07,0.30799999833106995,0.3100000023841858,0.27799999713897705,0.2849999964237213,2265700,-0.1009463882546886,0.32820000052452086,0.4499499976634979,1.3117333362499872,0.07659423245748959,951185.0,0.788381087694372,1.1582978706756393,0.0042055058561747405,0.003925934476812332,0.33500000834465027,0.17543864052051372,1
2025-05-08,0.2849999964237213,0.3499999940395355,0.2800000011920929,0.33500000834465027,3442700,0.17543864052051372,0.32420000433921814,0.43919999748468397,1.2616500044862429,0.08668168496159723,1075820.0,0.5194862514896059,17.54966897220183,0.0069677857514378605,0.01032489318847385,0.30300000309944153,-0.0955224013376349,0
2025-05-09,0.32600000500679016,0.33399999141693115,0.2800000011920929,0.30300000309944153,2182100,-0.0955224013376349,0.31540000438690186,0.4274999976158142,1.21186667184035,0.0882641570099175,1148630.0,-0.3661660905684492,18.02721195320467,-0.0012741491279434358,-0.000655363244421836,0.3050000071525574,0.006600673375107169,1
2025-05-12,0.30000001192092896,0.3700000047683716,0.2809999883174896,0.3050000071525574,11688700,0.006600673375107169,0.3090000033378601,0.4162999987602234,1.1619500060876211,0.08852150560917948,1720565.0,4.356628935429174,19.78417543834071,0.03304738719814848,0.04074021934356775,0.24400000274181366,-0.20000000977125298,0
2025-05-13,0.28999999165534973,0.30399999022483826,0.2290000021457672,0.24400000274181366,5340800,-0.20000000977125298,0.29440000355243684,0.39554999992251394,1.1203500059743723,0.07160458392443039,1944970.0,-0.5430800687843815,18.581082322617675,0.006603949785734642,0.01524076136444008,0.2590000033378601,0.06147541158808334,1
2025-05-14,0.24400000274181366,0.2680000066757202,0.23999999463558197,0.2590000033378601,3059400,0.06147541158808334,0.2892000049352646,0.37900000140070916,1.0885000047584374,0.0740348415782747,2065235.0,-0.42716446974236066,22.258068857778042,0.0012780314322096142,0.005993067474865388,0.25200000405311584,-0.027027023917111315,0
2025-05-15,0.25200000405311584,0.25999999046325684,0.23600000143051147,0.25200000405311584,783000,-0.027027023917111315,0.2726000040769577,0.3647000022232533,1.0568666699031988,0.0730985905907757,2078725.0,-0.7440674642086684,21.269844678824185,0.004884349607746863,0.001098957608289819,0.26499998569488525,0.05158722790746184,1
2025-05-16,0.25099998712539673,0.2720000147819519,0.2370000034570694,0.26499998569488525,4964000,0.05158722790746184,0.26500000059604645,0.35140000060200693,1.0214500012497107,0.07549246196357573,2308660.0,5.339719029374201,26.755850025954928,0.00633402786844095,0.004352450198603863,0.23600000143051147,-0.109433908791843,0
2025-05-19,0.2549999952316284,0.25999999046325684,0.22200000286102295,0.23600000143051147,6037100,-0.109433908791843,0.2511999994516373,0.3386500008404255,0.9862166695296765,0.07690865496638148,2576435.0,0.2161764705882352,25.889968277403497,0.0010938461217664397,0.0009587543683480249,0.22699999809265137,-0.0381356071326554,0
2025-05-20,0.22599999606609344,0.2290000021457672,0.19900000095367432,0.22699999809265137,3257700,-0.0381356071326554,0.24779999852180482,0.3263500012457371,0.8973333371182283,0.07691294417799442,2707325.0,-0.46038660946480925,25.80645083760868,-0.0033621922872737464,-0.0033332507075031215,0.20200000703334808,-0.11013212012935525,0
2025-05-21,0.21299999952316284,0.2150000035762787,0.1899999976158142,0.20200000703334808,4469500,-0.11013212012935525,0.2363999992609024,0.3149500012397766,0.8370333383480708,0.07778737752973121,2862640.0,0.3719802314516376,25.559106602485983,-0.016850789652983478,-0.013896709847744715,0.21400000154972076,0.05940591137896156,1
2025-05-22,0.2150000035762787,0.23999999463558197,0.20000000298023224,0.21400000154972076,61996600,0.05940591137896156,0.2287999987602234,0.3041000016033649,0.7936000061531862,0.08020559285108012,5926075.0,12.87103702875042,29.022080936436012,0.00039467712604679406,0.0018712420352651193,0.1899999976158142,-0.11214955028086948,0
2025-05-23,0.20100000500679016,0.20200000703334808,0.18299999833106995,0.1899999976158142,5693400,-0.11214955028086948,0.21380000114440917,0.29195000156760215,0.7387666724622249,0.08168941379555116,6185910.0,-0.9081659316801244,27.794559716606017,-0.006825775301577575,-0.009260719388375471,0.20800000429153442,0.0947368784294238,1
2025-05-27,0.1899999976158142,0.21299999952316284,0.18799999356269836,0.20800000429153442,10400900,0.0947368784294238,0.20820000171661376,0.2821500010788441,0.6880666725337505,0.08644498370776967,6677635.0,0.8268345803913304,33.43465066242682,0.02079059136787431,0.023525215416087653,0.20999999344348907,0.009615332262933318,1
2025-05-28,0.20499999821186066,0.22200000286102295,0.1889999955892563,0.20999999344348907,6681300,0.009615332262933318,0.20480000078678132,0.2734000012278557,0.6540666724244754,0.08675224481616907,6995940.0,-0.3576228980184407,37.458192646510696,-0.005785407771406903,-0.004431905315288587,0.20000000298023224,-0.04761900369272076,0
2025-05-29,0.19699999690055847,0.20499999821186066,0.19200000166893005,0.20000000298023224,2932300,-0.04761900369272076,0.20439999997615815,0.2645500011742115,0.6250666715204716,0.08687122715142856,7052570.0,-0.5611183452322153,23.938218740221103,0.003947403401760141,0.0019656965254855052,0.20000000298023224,0.0,0
2025-05-30,0.19900000095367432,0.20999999344348907,0.19200000166893005,0.20000000298023224,3810300,0.0,0.20160000026226044,0.2568000018596649,0.5997333377599716,0.08676231770348225,7142485.0,0.2994236606077141,27.312770645677944,-0.0011185037847383228,-0.0015771494927588892,0.19300000369548798,-0.034999995902180725,0
2025-06-02,0.19300000369548798,0.2029999941587448,0.1850000023841858,0.19300000369548798,2836200,-0.034999995902180725,0.2022000014781952,0.24910000190138817,0.5766166704396407,0.08679116433465492,7225660.0,-0.2556491614833478,25.86206287482129,0.005632954820585345,0.00789820411240405,0.20499999821186066,0.06217613620000795,1
2025-06-03,0.1940000057220459,0.20900000631809235,0.1860000044107437,0.20499999821186066,3129300,0.06217613620000795,0.20160000026226044,0.2425000011920929,0.5568666706482569,0.08895311723408113,7311895.0,0.10334250052887661,39.344257489545974,0.005702628195088044,0.007817063222321563,0.19900000095367432,-0.029268279563522404,0
2025-06-04,0.20000000298023224,0.20100000500679016,0.1940000057220459,0.19900000095367432,1511400,-0.029268279563522404,0.19940000176429748,0.23660000115633012,0.5353500038385391,0.08851877257828614,7324120.0,-0.517016585178794,32.75861360229882,-0.0002684731709600152,0.002787847093329354,0.2199999988079071,0.10552762690248141,1
2025-06-05,0.2029999941587448,0.23000000417232513,0.2029999941587448,0.2199999988079071,10969700,0.10552762690248141,0.20340000092983246,0.2333500012755394,0.5168500031034152,0.09050237322491418,7759320.0,6.257972740505491,41.489357317447634,-0.004832790626766448,-0.007526980269105477,0.21199999749660492,-0.03636364252114099,0
2025-06-06,0.2070000022649765,0.2199999988079071,0.19499999284744263,0.21199999749660492,2959700,-0.03636364252114099,0.20579999983310698,0.22720000073313712,0.5005500021080176,0.0795246611782504,7735170.0,-0.7301931684549259,35.519125238103115,0.010268994150278488,0.009775348420516528,0.20900000631809235,-0.014150901952537098,0
2025-06-09,0.2240000069141388,0.2240000069141388,0.20000000298023224,0.20900000631809235,1847100,-0.014150901952537098,0.20900000035762786,0.22250000089406968,0.48386666824420294,0.0774846504569161,7718420.0,-0.37591647802142114,41.40127328081606,0.0009012551559597348,0.0014719756227936642,0.21299999952316284,0.0191387228906712,1
2025-06-10,0.2160000056028366,0.21799999475479126,0.19300000369548798,0.21299999952316284,3053500,0.0191387228906712,0.21060000061988832,0.21790000051259995,0.46708333442608513,0.07772244065094377,7286660.0,0.6531319365491852,45.39473581016855,0.005669731282665458,0.0066139244109451045,0.2199999988079071,0.032863846480821524,1
2025-06-11,0.210999995470047,0.2370000034570694,0.20499999821186066,0.2199999988079071,7514500,0.032863846480821524,0.21480000019073486,0.2167000003159046,0.45091666678587594,0.06489966923311818,7395345.0,1.4609464548878335,56.71641691460241,-0.0028520788113346462,-0.0033695527116432977,0.21799999475479126,-0.009090927563423112,0
2025-06-12,0.21799999475479126,0.21899999678134918,0.20499999821186066,0.21799999475479126,1947700,-0.009090927563423112,0.2143999993801117,0.21464999988675118,0.4362166663010915,0.06309516123919467,7339760.0,-0.7408077716414931,51.61290089992221,0.003974349319302073,0.0023478147725468634,0.2029999941587448,-0.06880734383924458,0
2025-06-13,0.21400000154972076,0.21400000154972076,0.20100000500679016,0.2029999941587448,1332400,-0.06880734383924458,0.21259999871253968,0.21219999939203263,0.42159999882181487,0.06448120356031034,7367230.0,-0.31591107460081125,55.65217413839192,-0.011180124223602483,-0.012554719313866314,0.20399999618530273,0.004926118499175569,1
2025-06-16,0.2199999988079071,0.2199999988079071,0.19599999487400055,0.20399999618530273,1292400,0.004926118499175569,0.21159999668598176,0.2091499999165535,0.40783333256840704,0.06301036426386253,7183650.0,-0.030021014710297167,47.95917870848238,0.00951422558757331,0.013909890217569165,0.19499999284744263,-0.044117664245860944,0
2025-06-17,0.19599999487400055,0.20499999821186066,0.19300000369548798,0.19499999284744263,1018200,-0.044117664245860944,0.2079999953508377,0.20709999948740004,0.39358333324392636,0.05922372793913394,6932705.0,-0.21216341689879292,42.85714082977349,-0.008545104270081039,-0.009751185969715803,0.20499999821186066,0.05128208067290285,1
2025-06-18,0.1979999989271164,0.20499999821186066,0.19300000369548798,0.20499999821186066,2256600,0.05128208067290285,0.20499999523162843,0.2059999994933605,0.38033333321412405,0.06018226282386477,6882650.0,1.2162639952857983,52.38095035358331,-0.00015066498929716676,-0.00017015735344516614,0.1899999976158142,-0.07317073525310203,0
2025-06-20,0.2029999941587448,0.20499999821186066,0.1899999976158142,0.1899999976158142,1020000,-0.07317073525310203,0.199399995803833,0.20539999902248382,0.3676666667064031,0.05722554456961242,6710175.0,-0.5479925551714969,45.83333074632596,-0.005289189092826385,-0.00408320229948822,0.19099999964237213,0.005263168626875148,1
2025-06-23,0.19699999690055847,0.19699999690055847,0.18000000715255737,0.19099999964237213,1263600,0.005263168626875148,0.19699999690055847,0.2042499989271164,0.35603333339095117,0.05544545950205549,3673525.0,0.23882352941176466,49.12280518299019,0.00987749011881256,0.009149074972690352,0.1940000057220459,0.01570683814288465,1
2025-06-24,0.19200000166893005,0.20000000298023224,0.1860000044107437,0.1940000057220459,2201000,0.01570683814288465,0.1949999988079071,0.20444999933242797,0.3464166663587093,0.049384770574211354,3498905.0,0.7418486862931308,44.761908546326495,0.011047245877038092,0.015292023905712604,0.18799999356269836,-0.030927896816374645,0
2025-06-25,0.1899999976158142,0.1899999976158142,0.18400000035762787,0.18799999356269836,1695600,-0.030927896816374645,0.19359999895095825,0.2034499987959862,0.33784999921917913,0.04476760895466208,3063640.0,-0.22962289868241703,44.76190219390466,0.0005602785258216336,0.002556492965206214,0.19499999284744263,0.037234040023569115,1
2025-06-26,0.1899999976158142,0.19499999284744263,0.18400000035762787,0.19499999284744263,1081200,0.037234040023569115,0.19159999787807463,0.20269999876618386,0.32998333250482875,0.045630631402405475,2783635.0,-0.362349610757254,36.263736083792324,0.007823824018649228,0.009350280526461585,0.18700000643730164,-0.04102557283886543,0
2025-06-27,0.1889999955892563,0.1899999976158142,0.1850000023841858,0.18700000643730164,1781300,-0.04102557283886543,0.19099999964237213,0.20204999893903733,0.3222499988973141,0.04531187667640264,2726085.0,0.6475212726600075,36.26374202194335,0.004968339764334306,0.0034236319663238923,0.19200000166893005,0.026737941494696438,1
2025-06-30,0.1940000057220459,0.19499999284744263,0.1889999955892563,0.19200000166893005,1004000,0.026737941494696438,0.19120000004768373,0.2016499988734722,0.31624999915560087,0.04577815378050555,2585770.0,-0.4363666984786392,40.860213503174506,0.004781191670012452,0.0064770158532823086,0.1899999976158142,-0.010416687686099602,0
2025-07-01,0.1899999976158142,0.19200000166893005,0.18000000715255737,0.1899999976158142,728300,-0.010416687686099602,0.19039999842643737,0.20149999856948853,0.31038333252072337,0.045144345629891496,2480375.0,-0.27460159362549796,37.36263916207678,-0.00032362414789344207,-0.008429454518497859,0.19300000369548798,0.015789505880625665,1
2025-07-02,0.1899999976158142,0.20000000298023224,0.1899999976158142,0.19300000369548798,1017000,0.015789505880625665,0.1914000004529953,0.20089999884366988,0.30496666580438614,0.042928576593305366,2374760.0,0.39640258135383766,34.48276629865377,0.004533291803274775,0.006965388081345392,0.19900000095367432,0.031088068100003863,1
2025-07-03,0.20000000298023224,0.20499999821186066,0.1899999976158142,0.19900000095367432,2374300,0.031088068100003863,0.19220000207424165,0.20089999884366988,0.29964999904235207,0.043042713585097106,2417905.0,1.3346116027531956,39.5604453186457,0.00788139987465386,0.009840201580021635,0.20800000429153442,0.04522614720969398,1
2025-07-07,0.20999999344348907,0.20999999344348907,0.19499999284744263,0.20800000429153442,1436300,0.04522614720969398,0.1964000016450882,0.20029999911785126,0.29453333268562953,0.037016202915059006,1941235.0,-0.39506380828033527,52.94118162669796,-0.007452000479036269,-0.0075328855973175735,0.20600000023841858,-0.009615403903129871,0
2025-07-08,0.20200000703334808,0.20600000023841858,0.19699999690055847,0.20600000023841858,2562500,-0.009615403903129871,0.1992000013589859,0.19999999925494194,0.2887999991575877,0.03618859712094134,1921375.0,0.7840980296595419,51.16279271243332,-0.0005477312372305088,0.0005615592307335326,0.2150000035762787,0.043689336540989165,1
2025-07-09,0.20999999344348907,0.21699999272823334,0.20000000298023224,0.2150000035762787,4185700,0.043689336540989165,0.20420000255107879,0.20029999911785126,0.28343333254257835,0.037358041502997125,2038305.0,0.6334439024390244,61.62790979740664,0.005996663994070728,0.007078924130831332,0.20999999344348907,-0.023255860695907793,0
2025-07-10,0.20900000631809235,0.210999995470047,0.1979999989271164,0.20999999344348907,2073100,-0.023255860695907793,0.207600000500679,0.20014999881386758,0.27811666602889695,0.03754198961720559,1989285.0,-0.5047184461380414,53.086415664977864,0.002820257303000284,-0.0014381803019662964,0.20399999618530273,-0.028571416407214945,0
2025-07-11,0.21699999272823334,0.21699999272823334,0.2029999941587448,0.20399999618530273,1104900,-0.028571416407214945,0.2085999995470047,0.19934999868273734,0.2705333329737186,0.03722080800377983,1668805.0,-0.4670300516135256,59.72221762310011,-0.0035154072757080934,-0.0022504275317831723,0.20200000703334808,-0.009803868575261943,0
2025-07-14,0.20399999618530273,0.20399999618530273,0.1979999989271164,0.20200000703334808,714400,-0.009803868575261943,0.20740000009536744,0.1985499992966652,0.2640666668613752,0.037227185620962985,1607140.0,-0.3534256493800344,57.534250210453344,0.0019082172648787754,0.0036268670540449133,0.20000000298023224,-0.009901009819200945,0
2025-07-15,0.20000000298023224,0.20200000703334808,0.19499999284744263,0.20000000298023224,1019200,-0.009901009819200945,0.20620000064373017,0.19839999973773956,0.2584333337843418,0.033943634107256926,1591480.0,0.42665173572228454,54.16666407965994,-0.004273271747553764,0.000916827655604191,0.20000000298023224,0.0,0
2025-07-16,0.2029999941587448,0.20499999821186066,0.19599999487400055,0.20000000298023224,1391700,0.0,0.20320000052452086,0.19820000007748603,0.2529166668653488,0.03392239809674298,1596445.0,0.3654827315541602,59.09091627466453,0.0033432282214846953,0.0010238672119105008,0.18400000035762787,-0.08000001192092876,0
2025-07-17,0.19900000095367432,0.20000000298023224,0.18299999833106995,0.18400000035762787,1483800,-0.08000001192092876,0.19800000190734862,0.1976500004529953,0.24780000026027363,0.037149465015117004,1619725.0,0.06617805561543433,42.66667196485711,0.006119649327969823,0.008092752325439712,0.1770000010728836,-0.0380434742996677,0
2025-07-18,0.1850000023841858,0.19200000166893005,0.17000000178813934,0.1770000010728836,1930100,-0.0380434742996677,0.1926000028848648,0.19625000059604644,0.24286666711171467,0.03571896479056251,1603400.0,0.3007817765197467,43.24324106630271,-0.0007323752525193461,-0.0009611570649281642,0.1899999976158142,0.07344630770695626,1
2025-07-21,0.1940000057220459,0.1940000057220459,0.18400000035762787,0.1899999976158142,2692900,0.07344630770695626,0.19020000100135803,0.19625000059604644,0.23886666695276895,0.03639783324409561,1687045.0,0.39521268328065906,48.78048558876293,0.0018961764380651669,0.005184714916258493,0.17800000309944153,-0.06315786666817247,0
2025-07-22,0.19099999964237213,0.19099999964237213,0.17599999904632568,0.17800000309944153,2351000,-0.06315786666817247,0.1858000010251999,0.1956000007688999,0.2346500004331271,0.039057807821804374,1741415.0,-0.1269634966021761,43.478264390633264,0.00014308223598114012,-0.005175714764358963,0.1809999942779541,0.01685388273188182,1
2025-07-23,0.18000000715255737,0.18299999833106995,0.17900000512599945,0.1809999942779541,2396900,0.01685388273188182,0.18199999928474425,0.19495000019669534,0.23045000036557514,0.03908722910865022,1751210.0,0.019523606975754948,43.478255235855436,0.008507516372031176,0.004561242866091275,0.1809999942779541,0.0,0
2025-07-24,0.17900000512599945,0.1809999942779541,0.17599999904632568,0.1809999942779541,2150600,0.0,0.18139999806880952,0.1946000002324581,0.22673333336909612,0.03852073221630642,1773960.0,-0.10275772873294675,39.53487928845912,0.0003310590028946514,0.0021283982409456836,0.1809999942779541,0.0,0
2025-07-25,0.18000000715255737,0.1809999942779541,0.1770000010728836,0.1809999942779541,1011500,0.0,0.18219999670982362,0.1939000003039837,0.22333333343267442,0.037451059787008495,1770475.0,-0.5296661396819492,32.46752417374988,0.004224319453948855,0.002407011076010157,0.17900000512599945,-0.0110496641722726,0
2025-07-28,0.18299999833106995,0.18299999833106995,0.1770000010728836,0.17900000512599945,1092700,-0.0110496641722726,0.17999999821186066,0.19350000023841857,0.2200333334505558,0.03643729905749134,1736045.0,0.08027681660899644,32.46753045691811,-0.0002510958258695739,0.003125200039743925,0.16899999976158142,-0.055865950156699484,0
2025-07-29,0.1770000010728836,0.1770000010728836,0.16599999368190765,0.16899999976158142,1327300,-0.055865950156699484,0.17819999754428864,0.19235000014305115,0.2169333336253961,0.03772116165962802,1752210.0,0.21469753820810844,20.512810226020108,-0.002637599568784843,-0.001548922554516885,0.15000000596046448,-0.1124259989817834,0
2025-07-30,0.164000004529953,0.1679999977350235,0.14399999380111694,0.15000000596046448,4383700,-0.1124259989817834,0.1719999998807907,0.19035000056028367,0.21365000034372011,0.04465477788284041,1934980.0,2.302719807127251,17.391298009900538,-0.0012593076546151272,0.001339790841133004,0.2199999988079071,0.4666666004392863,1
2025-07-31,0.17499999701976776,0.3100000023841858,0.14100000262260437,0.2199999988079071,291442900,0.4666666004392863,0.17980000078678132,0.19170000031590462,0.21170000011722248,0.11584282039891207,16456275.0,65.48331318292766,55.1282073325195,-0.003751229077306739,-0.005299126196483317,0.1589999943971634,-0.27727274882399355,0
2025-08-01,0.20000000298023224,0.20000000298023224,0.13699999451637268,0.1589999943971634,26425000,-0.27727274882399355,0.17540000081062318,0.18969999998807907,0.20906666666269302,0.132463722734822,17658810.0,-0.9093304383122731,39.9999958415359,-0.01639040328219421,-0.019698774695034893,0.22200000286102295,0.3962264822883761,1
2025-08-04,0.23999999463558197,0.24799999594688416,0.1899999976158142,0.22200000286102295,221957800,0.3962264822883761,0.18400000035762787,0.1903999999165535,0.20801666676998137,0.1597269419369583,28684885.0,7.3995383159886465,53.9855075397992,0.01519978873502148,0.018451597120367813,0.1889999955892563,-0.1486486794886459,0
2025-08-05,0.20499999821186066,0.20499999821186066,0.17599999904632568,0.1889999955892563,13603200,-0.1486486794886459,0.18799999952316285,0.1895499996840954,0.20558333322405814,0.16377820183324807,29236920.0,-0.9387126742110438,48.220063445193,-0.0050699689365404366,-0.006789498706695207,0.2160000056028366,0.14285719917294615,1
2025-08-06,0.20499999821186066,0.2199999988079071,0.1899999976158142,0.2160000056028366,12944100,0.14285719917294615,0.20119999945163727,0.18959999978542327,0.2041333332657814,0.16642891530290801,29674840.0,-0.04845183486238536,55.000000931322596,0.007659695237280717,0.01258319657879814,0.18400000035762787,-0.14814816858869795,0
2025-08-07,0.20900000631809235,0.20999999344348907,0.17100000381469727,0.18400000035762787,9276400,-0.14814816858869795,0.19399999976158142,0.1883000001311302,0.2021166664858659,0.17011967055364835,30035005.0,-0.28334917066462717,51.01449265346835,-0.0008376201402309214,0.0033843031893268094,0.17599999904632568,-0.04347826791170184,0
2025-08-08,0.18400000035762787,0.1860000044107437,0.1720000058412552,0.17599999904632568,5605400,-0.04347826791170184,0.1974000006914139,0.18690000027418135,0.2009833330909411,0.1703100818242382,30260030.0,-0.39573541460049155,47.941176702613234,0.007797536853746623,0.009328222980974132,0.17499999701976776,-0.005681829727139376,0
2025-08-11,0.18000000715255737,0.1850000023841858,0.16899999976158142,0.17499999701976776,5363200,-0.005681829727139376,0.18799999952316285,0.18554999977350234,0.19958333298563957,0.17029382846366134,30492470.0,-0.043208334819994976,49.5440720397293,-0.0019774785462639555,-0.0029588586600820532,0.17299999296665192,-0.011428594783861157,0
2025-08-12,0.1720000058412552,0.17499999701976776,0.16200000047683716,0.17299999296665192,4020900,-0.011428594783861157,0.18479999899864197,0.18419999927282332,0.1982666661341985,0.17030126205256363,30642555.0,-0.25027968377088305,48.78048769407228,0.010646024206171889,0.01256875711597405,0.1899999976158142,0.09826592682254764,1
2025-08-13,0.17100000381469727,0.19900000095367432,0.17000000178813934,0.1899999976158142,7990100,0.09826592682254764,0.1795999974012375,0.18369999900460243,0.19701666633288065,0.17156098437840028,30972475.0,0.9871421820985351,51.30434820166756,0.0034231312120525104,0.0005000242541226552,0.2150000035762787,0.1315789803903853,1
2025-08-14,0.19499999284744263,0.22300000488758087,0.1770000010728836,0.2150000035762787,22253000,0.1315789803903853,0.18579999804496766,0.18524999916553497,0.19666666636864344,0.17224403440684555,32010935.0,1.7850715260134415,54.594595421832096,9.303533506632711e-05,-0.0007754285181217346,0.23899999260902405,0.11162785410945597,1
2025-08-15,0.2199999988079071,0.24500000476837158,0.20499999821186066,0.23899999260902405,21548800,0.11162785410945597,0.19839999675750733,0.18834999874234198,0.19686666627724966,0.17281548164769125,32991870.0,-0.03164517143755896,57.6530589553367,-0.002341281862229483,-0.004397364549404648,0.19599999487400055,-0.1799163140785801,0
2025-08-18,0.23199999332427979,0.2329999953508377,0.1899999976158142,0.19599999487400055,8060600,-0.1799163140785801,0.20259999632835388,0.1886499986052513,0.19676666607459387,0.1785028495447158,33260255.0,-0.6259374071874072,53.17646981275623,-0.00021760326977848798,-0.00039845064122645546,0.19300000369548798,-0.015306077841691468,0
2025-08-19,0.19900000095367432,0.20000000298023224,0.17299999296665192,0.19300000369548798,4800800,-0.015306077841691468,0.20659999847412108,0.18939999863505363,0.19641666611035666,0.17771412367368597,33382745.0,-0.4044115822643476,55.25672312846254,-0.005425136484688009,-0.013567528293445985,0.18199999630451202,-0.05699485585674691,0
2025-08-20,0.1899999976158142,0.1899999976158142,0.1720000058412552,0.18199999630451202,3443800,-0.05699485585674691,0.20499999821186066,0.18944999873638152,0.19628333275516827,0.1784990226158665,33435090.0,-0.2826612231294784,44.57142881471281,-0.0026570578976855552,-0.005937332611135493,0.18000000715255737,-0.010988951607495578,0
2025-08-21,0.18000000715255737,0.1850000023841858,0.17299999296665192,0.18000000715255737,3129600,-0.010988951607495578,0.1979999989271164,0.1893999993801117,0.19581666613618534,0.1785614497857052,33484040.0,-0.09123642487949357,53.60824932313657,-0.004011843753210287,-0.004629784421550931,0.1979999989271164,0.09999995032946463,1
2025-08-22,0.17900000512599945,0.20999999344348907,0.17499999701976776,0.1979999989271164,6305000,0.09999995032946463,0.18980000019073487,0.1902499996125698,0.19561666622757912,0.1795607884363278,33748715.0,1.0146344580777096,45.12195055467754,0.015356793254796441,0.015427391269485335,0.1889999955892563,-0.04545456255872504,0
2025-08-25,0.20200000703334808,0.2070000022649765,0.18299999833106995,0.1889999955892563,3532400,-0.04545456255872504,0.188400000333786,0.19074999913573265,0.19543333277106284,0.18002300069662455,33870700.0,-0.439746233148295,50.0,-0.0044010272058598865,-0.0028847028050754675,0.18700000643730164,-0.01058195343189916,0
2025-08-26,0.1899999976158142,0.19699999690055847,0.1860000044107437,0.18700000643730164,1683400,-0.01058195343189916,0.18720000088214875,0.19164999946951866,0.195216666162014,0.17934471232066068,33888505.0,-0.5234401540029442,42.63959344787562,0.004186969919329098,0.004015251083488547,0.19300000369548798,0.03208554573070588,1
2025-08-27,0.20499999821186066,0.20499999821186066,0.1899999976158142,0.19300000369548798,3791600,0.03208554573070588,0.18940000236034393,0.19379999935626985,0.195216666162014,0.17666014082846723,33858900.0,1.2523464417250803,52.63158032328379,0.0022785538462906096,0.0015368311858414696,0.19499999284744263,0.010362637894609561,1
2025-08-28,0.19200000166893005,0.20200000703334808,0.19200000166893005,0.19499999284744263,2219400,0.010362637894609561,0.192399999499321,0.1925499990582466,0.19504999940594037,0.1430606898778442,19397725.0,-0.41465344445616625,55.757575210241896,0.003541403909580021,0.006259964282901542,0.1850000023841858,-0.05128200425668883,0
2025-08-29,0.1940000057220459,0.19499999284744263,0.18299999833106995,0.1850000023841858,2308200,-0.05128200425668883,0.18980000019073487,0.19384999945759773,0.1948166660964489,0.12783526774249093,18191885.0,0.0400108137334414,52.87356558084272,-0.0059637477949624484,-0.011575505091075189,0.17599999904632568,-0.048648666064176505,0
2025-09-02,0.18199999630451202,0.1899999976158142,0.16599999368190765,0.17599999904632568,12335600,-0.048648666064176505,0.18720000088214875,0.19154999926686286,0.1940833327670892,0.09150750422119447,7710775.0,4.344250931461745,50.828731192115455,-0.007410229210411012,-0.008380135154771873,0.2070000022649765,0.1761363828785656,1
2025-09-03,0.17499999701976776,0.20800000429153442,0.17499999701976776,0.2070000022649765,12972300,0.1761363828785656,0.19120000004768373,0.19244999960064887,0.19399999951322874,0.09392517445959199,7679230.0,0.051614838354032244,54.35897671024303,0.005419542688669621,0.007867494511238471,0.20200000703334808,-0.024154566072072003,0
2025-09-04,0.20000000298023224,0.21899999678134918,0.19200000166893005,0.20200000703334808,5842400,-0.024154566072072003,0.19300000071525575,0.19174999967217446,0.193883332858483,0.08865077056578749,7324145.0,-0.5496249701286587,46.28571394511619,0.008357419089116691,0.009051472763408563,0.2070000022649765,0.024752450779880197,1
2025-09-05,0.20499999821186066,0.2150000035762787,0.1940000057220459,0.2070000022649765,6129000,0.024752450779880197,0.1954000025987625,0.19289999976754188,0.1937833329041799,0.08154821171661826,7166775.0,0.04905518280158838,39.74358913128014,-0.002896236284437803,0.001442930859006042,0.20499999821186066,-0.009661855223342841,0
2025-09-08,0.20100000500679016,0.20999999344348907,0.19699999690055847,0.20499999821186066,3917300,-0.009661855223342841,0.19940000176429748,0.19434999972581862,0.1935333328942458,0.08074853901437638,7082370.0,-0.3608582150432371,53.913046633139466,0.002456626412859597,0.004877959883524019,0.23000000417232513,0.12195124965136728,1
2025-09-09,0.20100000500679016,0.23999999463558197,0.20000000298023224,0.23000000417232513,16747900,0.12195124965136728,0.21020000278949738,0.1971000000834465,0.1937333330512047,0.08434612742745089,7651605.0,3.2753682383274194,63.50365328708824,0.002311853583358836,0.002833131207820694,0.20600000023841858,-0.10434784129797148,0
2025-09-10,0.2199999988079071,0.23000000417232513,0.20200000703334808,0.20600000023841858,7287200,-0.10434784129797148,0.21000000238418579,0.19875000044703484,0.19378333315253257,0.08846001069261915,7814920.0,-0.5648887323186788,58.0000033775974,0.0028908474672986184,0.00032730261013580453,0.2540000081062317,0.2330097466614527,1
2025-09-11,0.20999999344348907,0.2619999945163727,0.20900000631809235,0.2540000081062317,17079000,0.2330097466614527,0.22040000259876252,0.20195000097155572,0.19461666668454805,0.09974890209938068,8269365.0,1.343698539905588,68.87755319258932,0.008310180352278485,0.005820569677562615,0.38999998569488525,0.5354329655445271,1
2025-09-12,0.2809999883174896,0.41999998688697815,0.26499998569488525,0.38999998569488525,281071800,0.5354329655445271,0.25699999928474426,0.21070000007748604,0.19786666656533877,0.15126707175003956,21210305.0,15.45715791322677,80.573249631825,-0.00033458287585352853,0.004417127755101058,0.9900000095367432,1.538461656024945,1
2025-09-15,0.8999999761581421,1.1799999475479126,0.6700000166893005,0.9900000095367432,498117700,1.538461656024945,0.4140000015497208,0.248250000923872,0.21095000008742015,0.3681337034004053,45038750.0,0.7722080265611848,94.25414508735629,0.005323922883704979,0.00855694910348559,0.8650000095367432,-0.126262625046329,0
2025-09-16,0.9900000095367432,1.0299999713897705,0.8209999799728394,0.8650000095367432,44851300,-0.126262625046329,0.5410000026226044,0.28170000165700915,0.2222000002861023,0.366093960379173,46878285.0,-0.9099584295037096,82.9766539390263,-0.0013768488621856978,-0.0008450513895844614,1.6200000047683716,0.8728323548065322,1
2025-09-17,0.9629999995231628,1.8200000524520874,0.9200000166893005,1.6200000047683716,250682700,0.8728323548065322,0.823800003528595,0.3530500017106533,0.2460166670382023,0.4017827737865908,59172380.0,4.589195853854849,90.15194161501972,-0.0012424353397253451,-0.001995995619608837,1.1699999570846558,-0.2777778063945482,0
2025-09-18,1.8300000429153442,1.9199999570846558,0.8579999804496765,1.1699999570846558,166374300,-0.2777778063945482,1.0069999933242797,0.4024499997496605,0.26228333289424577,0.4109249370971003,67318905.0,-0.3363151904778431,71.91011102764526,0.004672497836806455,0.009016961566472359,0.9169999957084656,-0.21623929115912288,0
2025-09-19,1.0499999523162842,1.25,0.8799999952316284,0.9169999957084656,84124700,-0.21623929115912288,1.1123999953269958,0.4392999991774559,0.27443333293000854,0.4175818718361661,71368660.0,-0.4943648147580486,64.82982143518493,0.0021743762573189773,0.006769415124870726,0.5740000009536743,-0.3740457975572755,0
2025-09-22,0.75,0.75,0.5220000147819519,0.5740000009536743,70656800,-0.3740457975572755,1.0291999936103822,0.4580999992787838,0.2807499997317791,0.4329358563592937,74586250.0,-0.16009447879160343,57.10206994358268,0.004731075170536503,0.00475521270908108,0.4000000059604645,-0.30313587927546504,0
2025-09-23,0.46399998664855957,0.5270000100135803,0.38999998569488525,0.4000000059604645,72944900,-0.30313587927546504,0.9361999928951263,0.46864999979734423,0.2842999997238318,0.4416409867037106,78056875.0,0.03238329502609805,53.276740291811294,-0.005443591771073009,-0.006642311389766009,0.6700000166893005,0.6750000167638062,1
2025-09-24,0.5120000243186951,0.734000027179718,0.5120000243186951,0.6700000166893005,514808700,0.6750000167638062,0.7461999952793121,0.49280000030994414,0.292266666640838,0.45888080702772094,103713140.0,6.057500935637721,57.28971972378261,-0.0031815658943793457,-0.0035105927419589733,0.824999988079071,0.23134323511763233,1
2025-09-25,0.7620000243186951,0.8619999885559082,0.7300000190734863,0.824999988079071,150423300,0.23134323511763233,0.6772000014781951,0.5243999995291233,0.3028499998152256,0.4587095877758124,111044725.0,-0.7078073855395217,59.19642836196019,-0.004613504621998388,-0.004311267227508853,0.7900000214576721,-0.04242420257834523,0
2025-09-26,0.7599999904632568,0.8379999995231628,0.7139999866485596,0.7900000214576721,46483800,-0.04242420257834523,0.6518000066280365,0.5541500009596347,0.312800000111262,0.45967097036666565,113257945.0,-0.6909800542868026,58.62069009434605,0.0057290777314567,0.004110897993047535,0.7279999852180481,-0.07848105639949776,0
2025-09-29,0.7519999742507935,0.8199999928474426,0.6600000262260437,0.7279999852180481,44966700,-0.07848105639949776,0.6826000034809112,0.5813000001013279,0.3216166665156682,0.46031127620114903,115390870.0,-0.03263717682289313,57.259474958757124,0.0028104096748033935,0.004631122206323113,0.5099999904632568,-0.29945054832589957,0
2025-09-30,0.5640000104904175,0.5799999833106995,0.47200000286102295,0.5099999904632568,60268400,-0.29945054832589957,0.7046000003814697,0.5979999996721744,0.32664999961853025,0.46905953761308833,117787510.0,0.3402895920759139,54.19426037037559,0.003766875644270362,0.0027391557161602353,0.4580000042915344,-0.10196075910607061,0
2025-10-01,0.47999998927116394,0.5049999952316284,0.44999998807907104,0.4580000042915344,24485000,-0.10196075910607061,0.6621999979019165,0.6105499997735023,0.3308499996860822,0.4716612136748114,118363145.0,-0.5937340297734799,52.81146635001507,0.0034075168215907947,0.004797049996228209,0.4729999899864197,0.03275106016229912,1
2025-10-02,0.49000000953674316,0.5299999713897705,0.4650000035762787,0.4729999899864197,31016800,0.03275106016229912,0.5917999982833863,0.624099998921156,0.33514999945958457,0.4709566891401641,119621865.0,0.2667674086175209,51.18334766201587,0.0011518565068935338,0.004111032687525995,0.4399999976158142,-0.06976742720766849,0
2025-10-03,0.45899999141693115,0.49399998784065247,0.421999990940094,0.4399999976158142,31861300,-0.06976742720766849,0.5217999935150146,0.6357499986886979,0.33898333286245663,0.47239878406130825,120908480.0,0.027227180108844173,40.64625810344423,-1.4866158967619114e-05,-0.004209776427106071,0.4259999990463257,-0.03181817873942949,0
2025-10-06,0.4300000071525574,0.44999998807907104,0.4000000059604645,0.4259999990463257,25886800,-0.03181817873942949,0.4613999962806702,0.646799998730421,0.34268333291014036,0.47272463250369384,122006955.0,-0.187515889182174,42.24107422531395,0.003586263355458641,0.0075102446232993,0.39500001072883606,-0.07276992579081787,0
2025-10-07,0.4099999964237213,0.4230000078678131,0.3799999952316284,0.39500001072883606,24431400,-0.07276992579081787,0.438400000333786,0.6550499990582466,0.3458999996383985,0.47448379949719166,122391130.0,-0.05622170372545077,20.902611995963255,-0.003707494362329311,-0.005265689377054961,0.3630000054836273,-0.08101266930642304,0
2025-10-08,0.38100001215934753,0.3880000114440918,0.3580000102519989,0.3630000054836273,18210400,-0.08101266930642304,0.4194000005722046,0.662899999320507,0.3486166663467884,0.47398065011848806,122937290.0,-0.2546313350851773,26.08180185100524,0.005963041402874625,0.01146381790843809,0.5,0.3774104475118305,1
2025-10-09,0.5,0.6129999756813049,0.4429999887943268,0.5,431788600,0.3774104475118305,0.4248000025749207,0.6751999989151954,0.35361666629711785,0.4771674675708305,143672770.0,22.711099152132846,36.72819806347497,-0.0028970186885769467,-0.0012102417758411699,0.4099999964237213,-0.18000000715255737,0
2025-10-10,0.47999998927116394,0.4880000054836273,0.40299999713897705,0.4099999964237213,43676200,-0.18000000715255737,0.41880000233650205,0.6761999994516372,0.35738333289821944,0.4703161999868285,131802990.0,-0.8988481863578612,43.77845169419767,-0.027027764376787222,-0.03471428161662504,0.40700000524520874,-0.007317051718732648,0
2025-10-13,0.4099999964237213,0.4399999976158142,0.4000000059604645,0.40700000524520874,18636200,-0.007317051718732648,0.4150000035762787,0.6470499992370605,0.3612166663010915,0.3198771487606706,107828915.0,-0.5733099491256107,50.30514384220451,0.015344029580113494,0.021221390611747326,0.4020000100135803,-0.012285000410788727,0
2025-10-14,0.3970000147819519,0.40700000524520874,0.367000013589859,0.4020000100135803,15944000,-0.012285000410788727,0.41640000343322753,0.6238999992609024,0.3647499998410543,0.31859056512437206,106383550.0,-0.14446078063124457,34.80725430499997,-0.0012216421112398734,-0.006661035033597162,0.4059999883174896,0.00995019453799073,1
2025-10-15,0.4699999988079071,0.47600001096725464,0.4000000059604645,0.4059999883174896,42794500,0.00995019453799073,0.425,0.5631999984383583,0.3685499995946884,0.24420207609221825,95989140.0,1.6840504264927247,21.340626029041488,0.00443954899070742,0.007056807195861214,0.3790000081062317,-0.06650241622702735,0
2025-10-16,0.4050000011920929,0.414000004529953,0.36399999260902405,0.3790000081062317,16765500,-0.06650241622702735,0.40080000162124635,0.5236500009894371,0.3718499998251597,0.23791375118655017,88508700.0,-0.6082323663087547,21.576759825245432,-0.006810241559458086,-0.0037029334416565085,0.37299999594688416,-0.015831166308750477,0
2025-10-17,0.37299999594688416,0.3840000033378601,0.367000013589859,0.37299999594688416,7960500,-0.015831166308750477,0.3934000015258789,0.49645000100135805,0.3750499998529752,0.23386671447045096,84700490.0,-0.525185649100832,23.388302912992003,0.0056763137515907225,0.006566780288896457,0.36500000953674316,-0.0214476849787425,0
2025-10-20,0.3709999918937683,0.3720000088214874,0.3499999940395355,0.36500000953674316,12253500,-0.0214476849787425,0.3850000023841858,0.4860000014305115,0.378116666773955,0.21860579735448016,81780325.0,0.5392877331825889,34.13566594054193,0.010400477117627371,0.012600774003366899,0.3499999940395355,-0.04109593179530491,0
2025-10-21,0.35600000619888306,0.36000001430511475,0.3409999907016754,0.3499999940395355,10576000,-0.04109593179530491,0.3745999991893768,0.48350000083446504,0.3809666665891806,0.20721955311963636,78661880.0,-0.1368996613212552,37.14285369632947,-1.4911017141350236e-05,-0.00026159065683206695,0.36000001430511475,0.028571486959652947,1
2025-10-22,0.3499999940395355,0.3869999945163727,0.34700000286102295,0.36000001430511475,17945700,0.028571486959652947,0.36540000438690184,0.4680000007152557,0.3841500001649062,0.13637461643781276,53818730.0,0.6968324508320727,36.385543847191485,-0.005198930936866852,-0.009633966765999258,0.36399999260902405,0.011111050402679012,1
2025-10-23,0.35100001096725464,0.3659999966621399,0.35100001096725464,0.36399999260902405,5844200,0.011111050402679012,0.3624000012874603,0.4449500009417534,0.38771666660904885,0.12307551028617465,46589775.0,-0.6743398139944388,40.15543843430004,0.005929952148911788,0.008406459128248223,0.3709999918937683,0.019230767656259307,1
2025-10-24,0.3619999885559082,0.3869999945163727,0.35899999737739563,0.3709999918937683,8122300,0.019230767656259307,0.36200000047683717,0.4239999994635582,0.39023333316047987,0.12360118911267405,44671700.0,0.3898052770267959,42.74406139499421,0.008172546972973871,0.010678303111145482,0.38199999928474426,0.029649616256934186,1
2025-10-27,0.37599998712539673,0.3970000147819519,0.3700000047683716,0.38199999928474426,61720600,0.029649616256934186,0.3653999984264374,0.406700000166893,0.3939499999086062,0.12373541512752931,45509395.0,6.598906713615602,48.18941328436565,0.011797696913067535,0.0178091908998963,0.4300000071525574,0.12565447109342465,1
2025-10-28,0.46299999952316284,0.5400000214576721,0.41999998688697815,0.4300000071525574,127547400,0.12565447109342465,0.38140000104904176,0.40270000100135805,0.3974166666467985,0.1097656131341055,48873345.0,1.0665288412620746,58.93333426581497,0.002656014462314449,0.00768991043985956,0.4169999957084656,-0.03023258425081743,0
2025-10-29,0.40299999713897705,0.43700000643730164,0.3869999945163727,0.4169999957084656,17819400,-0.03023258425081743,0.39279999732971194,0.40065000057220457,0.40121666664878525,0.10752382559686144,48540065.0,-0.8602919385263832,33.466133755204424,0.00048033227231458753,0.004502996742162146,0.4050000011920929,-0.0287769655632375,0
2025-10-30,0.4300000071525574,0.4359999895095825,0.4009999930858612,0.4050000011920929,10271500,-0.0287769655632375,0.40099999904632566,0.39725000113248826,0.40436666657527287,0.10742400712438327,47502800.0,-0.42357767377128297,48.55491448971871,-0.010998119550020391,-0.015288597196589704,0.38100001215934753,-0.05925923200519223,0
2025-10-31,0.3799999952316284,0.39899998903274536,0.3700000047683716,0.38100001215934753,10369700,-0.05925923200519223,0.4030000030994415,0.3943000018596649,0.40765000010530156,0.10710478397638688,46428220.0,0.009560434211166813,43.29897002239322,0.0032802030105936186,0.004823927146611062,0.35199999809265137,-0.07611552005559341,0
2025-11-03,0.3700000047683716,0.37400001287460327,0.35199999809265137,0.35199999809265137,9213500,-0.07611552005559341,0.39700000286102294,0.3906000018119812,0.4105833334227403,0.10819892530715079,45594555.0,-0.11149792182994689,38.53210708166082,0.0018767107020742912,0.0047848565828598755,0.33500000834465027,-0.048295425682151505,0
2025-11-04,0.3499999940395355,0.35899999737739563,0.30000001192092896,0.33500000834465027,10419700,-0.048295425682151505,0.37800000309944154,0.3876000016927719,0.413250000278155,0.10752308490771269,44893970.0,0.13091658978672593,34.63203937931698,-0.011853596017736279,-0.020298090024921778,0.33399999141693115,-0.0029851250830128517,0
2025-11-05,0.335999995470047,0.35499998927116394,0.3240000009536743,0.33399999141693115,6993900,-0.0029851250830128517,0.36140000224113467,0.3861500009894371,0.41593333358565965,0.10596030019853955,44333145.0,-0.32878105895563214,39.02438847101034,0.0034654743340312155,0.006507919736576495,0.3160000145435333,-0.05389214771244866,0
2025-11-06,0.3319999873638153,0.34299999475479126,0.3149999976158142,0.3160000145435333,6960400,-0.05389214771244866,0.34360000491142273,0.37695000171661375,0.4180333338677883,0.05848161586126963,23091735.0,-0.00478988833126015,36.86636419370575,-0.010729388925125316,-0.018627335773642728,0.3140000104904175,-0.006329126459075907,0
2025-11-07,0.3050000071525574,0.3140000104904175,0.29499998688697815,0.3140000104904175,4588800,-0.006329126459075907,0.3302000045776367,0.37215000241994856,0.419683333983024,0.044959491248270464,21137365.0,-0.3407275443940003,37.914693616625804,0.0009845789961884233,-0.0031552842704474227,0.3499999940395355,0.11464962530699241,1
2025-11-10,0.3199999928474426,0.3580000102519989,0.3199999928474426,0.3499999940395355,6536500,0.11464962530699241,0.32980000376701357,0.36930000185966494,0.4215333340068658,0.05319069847694307,20532380.0,0.4244464783821478,50.0,0.01560432239211762,0.022124168416753687,0.32100000977516174,-0.08285709930925877,0
2025-11-11,0.335999995470047,0.34299999475479126,0.3199999928474426,0.32100000977516174,2972500,-0.08285709930925877,0.32700000405311586,0.365250001847744,0.4236166675885518,0.0558872875338568,19883805.0,-0.5452459267191923,42.231073473898206,0.0022892661907207845,-0.0026635001469004216,0.30799999833106995,-0.04049847678570917,0
2025-11-12,0.32199999690055847,0.32899999618530273,0.3059999942779541,0.30799999833106995,5377200,-0.04049847678570917,0.3218000054359436,0.360350002348423,0.4255333341658115,0.05608991829432323,18012940.0,0.8089823380992431,39.23076993614967,0.0005563761095350728,-0.0007883106144138674,0.3089999854564667,0.003246711463685825,1
2025-11-13,0.3019999861717224,0.328000009059906,0.3019999861717224,0.3089999854564667,4407100,0.003246711463685825,0.3203999996185303,0.35685000121593474,0.42765000065167746,0.05469091764430536,17395020.0,-0.1804098787473034,37.79527328086638,-0.016594027882646856,-0.02041603710773876,0.3050000071525574,-0.012944914214155667,0
2025-11-14,0.3089999854564667,0.3479999899864197,0.3019999861717224,0.3050000071525574,12068700,-0.012944914214155667,0.31859999895095825,0.35345000177621844,0.4297333339850108,0.054675124699620964,17600430.0,1.73846747294139,34.41295385356777,-0.00016365894166792128,0.0007560172896821094,0.2939999997615814,-0.03606559715742519,0
2025-11-17,0.3100000023841858,0.32100000977516174,0.28700000047683716,0.2939999997615814,5938800,-0.03606559715742519,0.30740000009536744,0.34990000128746035,0.43133333399891854,0.05495248024013397,17284695.0,-0.5079171741778319,17.619037955253646,-0.009316461288915168,-0.00854057144850584,0.28700000047683716,-0.023809521395989464,0
2025-11-18,0.28299999237060547,0.2939999997615814,0.27000001072883606,0.28700000047683716,4745500,-0.023809521395989464,0.3005999982357025,0.3467500016093254,0.43296666741371154,0.05456163313811194,16993170.0,-0.20093284838687953,18.13724616521418,-0.008397503213040225,-0.012175688157110454,0.28999999165534973,0.010452930918216863,1
2025-11-19,0.28999999165534973,0.2930000126361847,0.27300000190734863,0.28999999165534973,4639900,0.010452930918216863,0.29699999690055845,0.3432500004768372,0.43468333383401236,0.05406188605334484,16327880.0,-0.022252660415130077,20.51280797272001,0.003863149507556951,0.005970045065769591,0.25999999046325684,-0.10344828294942288,0
2025-11-20,0.28600001335144043,0.29600000381469727,0.2590000033378601,0.25999999046325684,5389100,-0.10344828294942288,0.2871999979019165,0.3380500003695488,0.4358000002801418,0.05771914063035611,16305125.0,0.1614689971766632,19.900483939435148,-0.015242255122032589,-0.023671816097848297,0.27799999713897705,0.0692307974459867,1
2025-11-21,0.2540000081062317,0.28200000524520874,0.24799999594688416,0.27799999713897705,4229900,0.0692307974459867,0.28179999589920046,0.33340000063180925,0.43718333368500073,0.06031046685347299,16110505.0,-0.215100851719211,30.52630918507876,0.009961227389035265,0.007512805065062578,0.28200000524520874,0.014388518515818571,1
2025-11-24,0.2759999930858612,0.2930000126361847,0.27000001072883606,0.28200000524520874,3256500,0.014388518515818571,0.2793999969959259,0.32840000092983246,0.43880000039935113,0.0598420929533762,13187300.0,-0.23012364358495474,35.02824402147586,0.014718526835907575,0.02557317883134025,0.30000001192092896,0.06382980971957286,1
2025-11-25,0.2849999964237213,0.30000001192092896,0.2840000092983246,0.30000001192092896,4434700,0.06382980971957286,0.2819999992847443,0.321900001168251,0.4408666672805945,0.053546992482406824,7031665.0,0.36179947796714274,41.237116252747114,0.009405947461920139,0.006163728054458417,0.296999990940094,-0.010000069538749434,0
2025-11-26,0.3070000112056732,0.3190000057220459,0.28600001335144043,0.296999990940094,3748500,-0.010000069538749434,0.2833999991416931,0.31590000092983245,0.44236666709184647,0.05346466699108941,6328120.0,-0.1547342548537669,44.69273054719897,0.006903459171132775,0.008835758106361391,0.3100000023841858,0.043771083638564745,1
2025-11-28,0.2939999997615814,0.31299999356269836,0.2939999997615814,0.3100000023841858,1812000,0.043771083638564745,0.2934000015258789,0.3111500009894371,0.4441666670143604,0.054954902721977256,5905145.0,-0.5166066426570628,48.947366274624954,0.0054584834225450685,0.008107152083623115,0.3199999928474426,0.032258033504347416,1
2025-12-01,0.3109999895095825,0.33000001311302185,0.30799999833106995,0.3199999928474426,5716000,0.032258033504347416,0.301800000667572,0.30810000002384186,0.4460500001907349,0.054608302467215944,5672460.0,2.1545253863134657,40.85365842577959,-0.004565467815318525,-0.0033589294951049675,0.3109999895095825,-0.028125011059455862,0
2025-12-02,0.31700000166893005,0.31700000166893005,0.30399999022483826,0.3109999895095825,2628600,-0.028125011059455862,0.30759999752044676,0.3060499995946884,0.4478166667123636,0.05243512527145825,5343215.0,-0.5401329601119664,46.52777131026096,0.0018522200441719594,0.00782607259521706,0.33000001311302185,0.06109332554448166,1
2025-12-03,0.3050000071525574,0.33000001311302185,0.30399999022483826,0.33000001311302185,3791500,0.06109332554448166,0.3135999977588654,0.305799999833107,0.4494833335280418,0.05336407099531505,5011805.0,0.44240279996956544,57.333336512246966,0.00346277529986061,0.0024437613042604944,0.34700000286102295,0.05151511840146128,1
2025-12-04,0.3269999921321869,0.36000001430511475,0.3269999921321869,0.34700000286102295,6337100,0.05151511840146128,0.3236000001430511,0.30645000040531156,0.4518333335717519,0.05454979759890443,4978965.0,0.6713965449030728,61.4457857281738,0.0007311117128343536,-0.000930230099556062,0.34599998593330383,-0.002881893139694336,0
2025-12-05,0.36500000953674316,0.3700000047683716,0.335999995470047,0.34599998593330383,5244300,-0.002881893139694336,0.33079999685287476,0.30794999897480013,0.4533666665355364,0.05290145958341498,4893160.0,-0.1724448091398274,62.576674665752485,0.0018994838690575833,0.004077403951245895,0.33500000834465027,-0.03179184403427682,0
2025-12-08,0.35600000619888306,0.35600000619888306,0.3240000009536743,0.33500000834465027,4015600,-0.03179184403427682,0.3337999999523163,0.3089999988675117,0.4524500002463659,0.053513449281702506,4864500.0,-0.2342924699197224,62.57668610703894,-0.0030042694967975514,-0.001918448566452513,0.3610000014305115,0.07761191772602061,1
2025-12-09,0.33000001311302185,0.36899998784065247,0.33000001311302185,0.3610000014305115,4242600,0.07761191772602061,0.3438000023365021,0.30954999923706056,0.4419666667779287,0.050032292410497704,4749805.0,0.056529534814224514,70.32966601101572,-0.0008630792259767261,0.0012333543601594776,0.3580000102519989,-0.008310224838295577,0
2025-12-10,0.35499998927116394,0.37599998712539673,0.34599998593330383,0.3580000102519989,4292400,-0.008310224838295577,0.3494000017642975,0.3113999992609024,0.4335166667898496,0.04592754537061464,4815800.0,0.011738085136473009,68.6813195810384,0.006632158354709983,0.004095668520261997,0.35899999737739563,0.002793260046816348,1
2025-12-11,0.36000001430511475,0.3720000088214874,0.35199999809265137,0.35899999737739563,5791500,0.002793260046816348,0.351800000667572,0.3139499992132187,0.4125,0.04459802390657117,4836515.0,0.34924517752306405,82.35293773906378,0.0023270002601829542,-0.0032344422636642056,0.33000001311302185,-0.08077990104798749,0
2025-12-12,0.36000001430511475,0.36500000953674316,0.3199999928474426,0.33000001311302185,5614000,-0.08077990104798749,0.3486000061035156,0.31500000059604644,0.3985000009338061,0.04888472877387408,4896860.0,-0.030648363981697346,65.85366296881642,-0.010752025375860397,-0.01911829285771227,0.30300000309944153,-0.08181820891120106,0
2025-12-15,0.33000001311302185,0.33500000834465027,0.3009999990463257,0.30300000309944153,4504900,-0.08181820891120106,0.3422000050544739,0.31490000039339067,0.3882666677236557,0.05246833552461082,4518670.0,-0.19755967224795157,55.614972495007315,-0.0015108385386657375,-0.00501942100054209,0.2939999997615814,-0.02970298100923252,0
2025-12-16,0.30000001192092896,0.30799999833106995,0.2849999964237213,0.2939999997615814,4528700,-0.02970298100923252,0.3288000047206879,0.31490000039339067,0.38360000103712083,0.052250632528357904,4448165.0,0.005283136140646905,48.3146033553731,-0.0027323394075896568,0.001981888191115333,0.2879999876022339,-0.020408204640181005,0
2025-12-17,0.296999990940094,0.3109999895095825,0.2879999876022339,0.2879999876022339,2961600,-0.020408204640181005,0.31480000019073484,0.3149499997496605,0.3817333340644836,0.05217003014477055,4358970.0,-0.3460374942036346,47.51381115403816,-0.011003536401451242,-0.018537027961534558,0.2770000100135803,-0.03819436827145284,0
2025-12-18,0.296999990940094,0.3050000071525574,0.2770000100135803,0.2770000100135803,4240700,-0.03819436827145284,0.2984000027179718,0.314300000667572,0.3751833339532216,0.05285935817171799,4339010.0,0.43189492166396537,40.78212299804103,0.007551304892321253,0.014490119412018831,0.2770000100135803,0.0,0
2025-12-19,0.2800000011920929,0.29499998688697815,0.2759999930858612,0.2770000100135803,6719600,0.0,0.2878000020980835,0.3151500016450882,0.3660500009854635,0.04704294281919665,4405535.0,0.584549720565001,37.27810932622405,0.0060905233502994705,0.013035416644538333,0.2800000011920929,0.010830292671706099,1
2025-12-22,0.28299999237060547,0.30300000309944153,0.2800000011920929,0.2800000011920929,3787700,0.010830292671706099,0.28320000171661375,0.315250001847744,0.3575500006477038,0.04454149717220207,4383425.0,-0.4363206143222811,40.490798667707864,0.006229874178387496,0.0035005821609581655,0.2709999978542328,-0.03214286892693863,0
2025-12-23,0.2800000011920929,0.28700000047683716,0.2669999897480011,0.2709999978542328,3797400,-0.03214286892693863,0.27860000133514407,0.3147000014781952,0.34993333419164024,0.04503459377047297,4410470.0,0.0025609208754653334,30.718941389910754,0.0045704843606495515,0.004683327588380415,0.27000001072883606,-0.0036899894218250795,0
2025-12-24,0.26499998569488525,0.2720000147819519,0.26499998569488525,0.27000001072883606,2200500,-0.0036899894218250795,0.2750000059604645,0.31320000141859056,0.3459333345293999,0.042368997407105286,4298760.0,-0.4205245694422499,21.89779973917517,0.003517621421107009,0.002925539481881456,0.26499998569488525,-0.01851861050099135,0
2025-12-26,0.2639999985694885,0.26600000262260437,0.2540000081062317,0.26499998569488525,3779300,-0.01851861050099135,0.27260000109672544,0.31160000115633013,0.34271666755278907,0.04247096617482043,4300300.0,0.7174733015223813,21.276584052200164,-0.0001014040437492536,-6.407454011359004e-05,0.25600001215934753,-0.03396216611837888,0
2025-12-29,0.25600001215934753,0.2680000066757202,0.25,0.25600001215934753,3514500,-0.03396216611837888,0.2684000015258789,0.3089000016450882,0.3391000012556712,0.04133127907514405,4385425.0,-0.0700658852168391,21.58272270706405,-0.003563648189011559,-0.004840628092039223,0.25999999046325684,0.01562491450750203,1
2025-12-30,0.25600001215934753,0.2639999985694885,0.25099998712539673,0.25999999046325684,2832600,0.01562491450750203,0.2643999993801117,0.30590000152587893,0.3361000011364619,0.04062482568307019,4241255.0,-0.19402475458813484,6.837574181085145,-0.0012211468345215692,-0.0023193300573890463,0.25099998712539673,-0.03461539872299335,0
2025-12-31,0.257999986410141,0.2590000033378601,0.24899999797344208,0.25099998712539673,2959800,-0.03461539872299335,0.2603999972343445,0.3029000014066696,0.3331833342711131,0.04080659274618355,4257815.0,0.04490574030925654,6.504033128569461,-0.007408955885817803,-0.008265655808932348,0.27799999713897705,0.10756976652788208,1
2026-01-02,0.25099998712539673,0.27900001406669617,0.25,0.27799999713897705,3819800,0.10756976652788208,0.2619999945163727,0.30030000060796735,0.3312333340446154,0.04604713944287795,4259230.0,0.2905601729846612,22.818784428942337,0.0018330596423725698,-0.0019371366999325623,0.29499998688697815,0.06115104288832973,1
2026-01-05,0.2809999883174896,0.30000001192092896,0.2809999883174896,0.29499998688697815,3955700,0.06115104288832973,0.26799999475479125,0.29769999980926515,0.33010000040133797,0.046742756584243435,4140160.0,0.03557777894130587,37.22626451068925,0.006660110816910869,0.007942972266394177,0.26899999380111694,-0.0881355737002878,0
2026-01-06,0.28999999165534973,0.29100000858306885,0.2669999897480011,0.26899999380111694,3637900,-0.0881355737002878,0.27059999108314514,0.2938500002026558,0.3262500002980232,0.05010772646913553,4059840.0,-0.0803397628738276,37.49999178244472,0.005947227112347964,0.008786538231342345,0.25999999046325684,-0.033457262250028874,0
2026-01-07,0.2720000147819519,0.2750000059604645,0.257999986410141,0.25999999046325684,2911800,-0.033457262250028874,0.27059999108314514,0.2900999993085861,0.32375000019868216,0.05014490016603968,4004650.0,-0.19959317188487868,37.49999178244472,-0.0032234001772446508,0.0009624917993369397,0.27000001072883606,0.03846161781683777,1
2026-01-08,0.26100000739097595,0.2800000011920929,0.25999999046325684,0.27000001072883606,3806600,0.03846161781683777,0.274399995803833,0.28554999977350237,0.3214666669567426,0.04716238814364061,3982850.0,0.3073013256404973,43.57143480558982,-0.00010152168346500012,-0.005688998296547787,0.26899999380111694,-0.0037037662517852565,0
2026-01-09,0.27300000190734863,0.2759999930858612,0.25999999046325684,0.26899999380111694,3111500,-0.0037037662517852565,0.272599995136261,0.2810999989509583,0.3192500000198682,0.04719960760648633,3923805.0,-0.1826038984920927,46.92307057465299,0.006613388484590255,0.009960278502977538,0.27300000190734863,0.014869918953191785,1
2026-01-12,0.26899999380111694,0.27799999713897705,0.2630000114440918,0.27300000190734863,2756700,0.014869918953191785,0.26819999814033507,0.2767999991774559,0.3170333335796992,0.04749045777450595,3772065.0,-0.11402860356741118,48.50745969903214,0.0015703975230316747,0.0008297430397132821,0.2680000066757202,-0.018315000720495744,0
2026-01-13,0.27000001072883606,0.27300000190734863,0.2630000114440918,0.2680000066757202,2217000,-0.018315000720495744,0.26800000071525576,0.2736999988555908,0.3151833335558573,0.04474017851843086,3602215.0,-0.19577756012623793,45.58823754991615,-0.001999473023445053,-0.001482839901657873,0.2630000114440918,-0.018656698160751994,0
2026-01-14,0.26499998569488525,0.26499998569488525,0.2590000033378601,0.2630000114440918,2199100,-0.018656698160751994,0.2686000049114227,0.27169999927282334,0.3133500004808108,0.04146958252668811,3486925.0,-0.008073973838520487,46.969702100950855,-0.004915222744839132,-0.01068280937936028,0.2639999985694885,0.0038022322505080197,1
2026-01-15,0.2669999897480011,0.2680000066757202,0.257999986410141,0.2639999985694885,2605300,0.0038022322505080197,0.2674000024795532,0.2701999992132187,0.31166666696468986,0.041147781601622184,3390755.0,0.18471192760674815,47.727268109144234,0.0027232240029890775,0.0035994537129284687,0.26100000739097595,-0.011363603010486112,0
2026-01-16,0.2669999897480011,0.2669999897480011,0.2549999952316284,0.26100000739097595,2393700,-0.011363603010486112,0.265800005197525,0.2688500002026558,0.3101833338538806,0.04101408889540998,3362360.0,-0.08121905346793079,48.46154639707021,-0.0008378844014015341,-0.0008363400346551586,0.25,-0.042145620994171185,0
2026-01-20,0.25999999046325684,0.25999999046325684,0.25,0.25,2974900,-0.042145620994171185,0.2612000048160553,0.2674999997019768,0.30835000028212867,0.04119596361372558,3299070.0,0.24280402723816685,47.727268109144234,-0.020356759970762806,-0.0212471622179754,0.25099998712539673,0.003999948501586914,1
2026-01-21,0.25,0.26100000739097595,0.2409999966621399,0.25099998712539673,27625900,0.003999948501586914,0.2578000009059906,0.2661999985575676,0.30646666685740154,0.04122773645838238,4344385.0,8.286328952233688,46.51162683243842,0.011541083159159804,0.013518455039445598,0.25600001215934753,0.01992041948373835,1
2026-01-22,0.25,0.2669999897480011,0.24500000476837158,0.25600001215934753,4734600,0.01992041948373835,0.25640000104904176,0.2649999991059303,0.3045500005284945,0.04145072847270691,4391730.0,-0.8286173482130899,52.00000953674089,0.005223163010167564,0.007269390951806898,0.26100000739097595,0.0195312304458648,1
2026-01-23,0.2590000033378601,0.27300000190734863,0.25600001215934753,0.26100000739097595,2795000,0.0195312304458648,0.25580000281333926,0.2644999995827675,0.3025333339969317,0.04119190965466018,4341610.0,-0.4096650192202087,41.74757899567346,0.00036285524556167736,0.0031573569602849627,0.25600001215934753,-0.019157069310494212,0
2026-01-26,0.25999999046325684,0.26499998569488525,0.25600001215934753,0.25600001215934753,1720200,-0.019157069310494212,0.25480000376701356,0.26379999965429307,0.29963333408037823,0.04138818254977206,4317595.0,-0.3845438282647585,28.571447285598538,0.00507813081145958,0.004400133926068639,0.26899999380111694,0.05078117587618536,1
2026-01-27,0.26100000739097595,0.26899999380111694,0.25099998712539673,0.26899999380111694,3058400,0.05078117587618536,0.2586000025272369,0.26400000005960467,0.2971666673819224,0.04279659190077921,4281550.0,0.777932798511801,50.0,0.003984250492172103,0.009065300276544397,0.2639999985694885,-0.01858734329683709,0
2026-01-28,0.2680000066757202,0.2720000147819519,0.2619999945163727,0.2639999985694885,1841600,-0.01858734329683709,0.2612000048160553,0.2643999993801117,0.2948166673382123,0.042258696730038445,4197905.0,-0.39785508762751765,52.70270814505515,-0.0001006589961060067,0.003311466423943088,0.24799999594688416,-0.060606070868568396,0
2026-01-29,0.26899999380111694,0.26899999380111694,0.24300000071525574,0.24799999594688416,3132700,-0.060606070868568396,0.2596000015735626,0.26379999965429307,0.29260000040133793,0.044385405163454815,4212910.0,0.7010751520417029,36.24998789280401,-0.001984419367757506,-0.00598524715374249,0.22599999606609344,-0.08870967838847299,0
2026-01-30,0.24799999594688416,0.24799999594688416,0.22599999606609344,0.22599999606609344,4295500,-0.08870967838847299,0.2525999993085861,0.2625500001013279,0.29050000036756196,0.048013747172039614,4279695.0,0.37118140900820373,28.712865298031446,-0.002982547677011782,-0.012010863235886293,0.24799999594688416,0.09734513391034239,1
2026-02-02,0.2280000001192093,0.2540000081062317,0.22300000488758087,0.24799999594688416,3855700,0.09734513391034239,0.25099999606609347,0.26105000004172324,0.2890500001609325,0.046800844867225334,4281490.0,-0.10238621813525783,39.49579211094683,0.004971317523953855,0.006866418326623602,0.24300000071525574,-0.02016127142477575,0
2026-02-03,0.25999999046325684,0.25999999046325684,0.23499999940395355,0.24300000071525574,2614800,-0.02016127142477575,0.2457999974489212,0.2584500007331371,0.28753333364923794,0.04424602494726281,4214445.0,-0.3218352050211375,39.49579211094683,-0.008455363130712823,-0.015363967949866497,0.23000000417232513,-0.053497928002740336,0
2026-02-04,0.24400000274181366,0.24799999594688416,0.22599999606609344,0.23000000417232513,2233500,-0.053497928002740336,0.23899999856948853,0.25650000125169753,0.28610000014305115,0.041570709882487004,4144225.0,-0.145823772372648,37.007866994304585,-0.0048439179057576665,-0.017469050785145046,0.23000000417232513,0.0,0
2026-02-05,0.23000000417232513,0.24799999594688416,0.22599999606609344,0.23000000417232513,5057000,0.0,0.23540000021457672,0.25500000193715094,0.2847000000377496,0.041119995208517675,4251485.0,1.2641593910902174,36.50793575705899,-0.0124892628772314,-0.014395329266405299,0.24799999594688416,0.07826083238273651,1
2026-02-06,0.2329999953508377,0.2540000081062317,0.22699999809265137,0.24799999594688416,3051900,0.07826083238273651,0.23980000019073486,0.25390000119805334,0.28300000006953874,0.04419759840091298,4213750.0,-0.3964999011271505,45.39006597516811,0.019184793975496328,0.021137957050586076,0.2549999952316284,0.02822580402881747,1
2026-02-09,0.23199999332427979,0.26600000262260437,0.23199999332427979,0.2549999952316284,2388200,0.02822580402881747,0.24120000004768372,0.2532000012695789,0.28189999982714653,0.044756134623275046,4177585.0,-0.21747108358727352,51.8248162479693,0.004821779145387506,0.00766010452414001,0.23999999463558197,-0.05882353284917219,0
2026-02-10,0.28200000524520874,0.28299999237060547,0.2290000021457672,0.23999999463558197,14713200,-0.05882353284917219,0.24059999883174896,0.2515500009059906,0.28076666643222176,0.04632420269346017,4775410.0,5.160790553554978,46.35761785463313,-0.0026371021797716443,-0.004639335504483366,0.2370000034570694,-0.012499963523198376,0
2026-02-11,0.23999999463558197,0.24500000476837158,0.23499999940395355,0.2370000034570694,2440400,-0.012499963523198376,0.24199999868869781,0.25000000074505807,0.2795666667322318,0.04625712814115683,4786580.0,-0.8341353342576734,43.6241557713969,-0.00023113498477123073,0.002682085346810581,0.2409999966621399,0.016877608214022954,1
2026-02-12,0.2409999966621399,0.25,0.23100000619888306,0.2409999966621399,14580500,0.016877608214022954,0.24419999718666077,0.24890000000596046,0.2784999998907248,0.046391939129977626,5405650.0,4.974635305687592,43.2432369845354,-0.015448872914552103,-0.020338880463632636,0.2409999966621399,0.0,0
2026-02-13,0.25999999046325684,0.26100000739097595,0.23100000619888306,0.2409999966621399,37142400,0.0,0.24279999732971191,0.24774999991059304,0.27761666650573413,0.046368913504467105,7132505.0,1.5474023524570488,44.755237395384434,0.0007045377823615695,0.002131007309707611,0.25,0.03734441270751265,1
2026-02-17,0.23600000143051147,0.2549999952316284,0.21299999952316284,0.25,29579800,0.03734441270751265,0.24179999828338622,0.24719999954104424,0.27699999983112017,0.04720739446524558,8491810.0,-0.20361096751960028,43.165468320016984,0.0016134588719287635,-0.0010300291314303545,0.24300000071525574,-0.02799999713897705,0
2026-02-18,0.23999999463558197,0.24799999594688416,0.23199999332427979,0.24300000071525574,6638800,-0.02799999713897705,0.24239999949932098,0.24684999957680703,0.27621666664878525,0.04666281451529484,8675005.0,-0.7755630531646597,42.553190814795656,0.005037713354905549,0.0074671384093241144,0.23999999463558197,-0.012345703995240487,0
2026-02-19,0.23899999260902405,0.23999999463558197,0.22499999403953552,0.23999999463558197,4884400,-0.012345703995240487,0.2429999977350235,0.24629999995231627,0.2758833333849907,0.0467250223461715,7537930.0,-0.26426462613725377,46.87499890860616,-0.002637365569283623,-0.003829722194767071,0.2409999966621399,0.0041666752037905486,1
2026-02-20,0.2329999953508377,0.24199999868869781,0.2290000021457672,0.2409999966621399,3874700,0.0041666752037905486,0.2429999977350235,0.2455499991774559,0.27526666671037675,0.046482303376186744,7494935.0,-0.2067193514044714,57.00934748637553,0.007231785221302411,0.008848869230803524,0.23600000143051147,-0.020746868468375812,0
2026-02-23,0.23399999737739563,0.23800000548362732,0.2290000021457672,0.23600000143051147,2536900,-0.020746868468375812,0.24199999868869781,0.24429999887943268,0.2744999999801318,0.04637308782577897,7482030.0,-0.3452654399050249,43.33333443712337,-0.010211302238274489,-0.012154899629995497,0.23999999463558197,0.016949123647561848,1
2026-02-24,0.2290000021457672,0.23999999463558197,0.2280000001192093,0.23999999463558197,2168400,0.016949123647561848,0.2399999976158142,0.2434999980032444,0.2734999996920427,0.04645497618519325,7504440.0,-0.1452560211281485,48.31460279100512,0.007268513358970052,0.010741461334402791,0.23999999463558197,0.0,0
2026-02-25,0.23199999332427979,0.23999999463558197,0.23199999332427979,0.23999999463558197,3160600,0.0,0.23939999639987947,0.24204999804496766,0.27254999975363414,0.044763701184655,7509550.0,0.45757240361556906,56.57894324067422,0.008438276037153747,0.014493226560549965,0.24300000071525574,0.012500025611371424,1
2026-02-26,0.23600000143051147,0.24400000274181366,0.23199999332427979,0.24300000071525574,2712600,0.012500025611371424,0.2399999976158142,0.240999998152256,0.27143333305915196,0.04479730109917094,7553100.0,-0.14174523824590268,58.22784786250337,-0.005554405951797015,-0.012064608110803121,0.2370000034570694,-0.024691346668830105,0
2026-02-27,0.23600000143051147,0.23999999463558197,0.23199999332427979,0.2370000034570694,1807500,-0.024691346668830105,0.2391999989748001,0.24044999852776527,0.2700499999026457,0.04306060146987846,7486840.0,-0.33366511833665113,41.79104875950033,-0.004801969559279806,-0.0032007291679606586,0.22599999606609344,-0.04641353261823267,0
2026-03-02,0.23000000417232513,0.2329999953508377,0.22100000083446503,0.22599999606609344,3650700,-0.04641353261823267,0.2371999979019165,0.24044999852776527,0.26863333334525424,0.03943219688331735,7454600.0,1.0197510373443985,29.577463901934408,0.0005685427688300049,0.001317408251530594,0.210999995470047,-0.06637168520861259,0
2026-03-03,0.21799999475479126,0.21899999678134918,0.20200000703334808,0.210999995470047,3728300,-0.06637168520861259,0.2313999980688095,0.2385999985039234,0.26664999971787134,0.03507079121966417,7448230.0,0.021256197441586577,29.577463901934408,-0.008814341545397508,-0.010705667710567912,0.21899999678134918,0.03791469897181976,1
2026-03-04,0.20800000429153442,0.21899999678134918,0.20600000023841858,0.21899999678134918,2530900,0.03791469897181976,0.22719999849796296,0.23739999830722808,0.26451666628321013,0.03634506153346264,7444035.0,-0.3211651422900518,38.15789112506504,0.007055381465455479,0.015243164084000504,0.2199999988079071,0.004566219366461066,1
2026-03-05,0.21400000154972076,0.22200000286102295,0.20999999344348907,0.2199999988079071,1873900,0.004566219366461066,0.22259999811649323,0.2368999980390072,0.26241666649778683,0.0345023408516188,7426055.0,-0.2595914496819314,35.616442550523104,-0.0055755948462250515,-0.00301273328770979,0.2199999988079071,0.0,0
2026-03-06,0.21199999749660492,0.2199999988079071,0.20600000023841858,0.2199999988079071,2112700,0.0,0.21919999718666078,0.2363999977707863,0.26049999967217446,0.0345023408516188,7278840.0,0.12743476172687984,35.616442550523104,-0.013107091790493297,-0.01504323060636914,0.2150000035762787,-0.02272725117600638,0
2026-03-09,0.21400000154972076,0.21699999272823334,0.20600000023841858,0.2150000035762787,1417000,-0.02272725117600638,0.21699999868869782,0.234749998152256,0.2580666663746039,0.029168762826843293,7197095.0,-0.329294267998296,24.637685854177676,0.008759949144329537,0.013355581101500702,0.21799999475479126,0.013953447109819272,1
2026-03-10,0.21400000154972076,0.21899999678134918,0.20999999344348907,0.21799999475479126,1329400,0.013953447109819272,0.21839999854564668,0.23289999812841417,0.25573333278298377,0.02843457713798299,7144155.0,-0.06182074805928017,30.769225478877487,-0.001607069196751576,1.6469931328311205e-05,0.2199999988079071,0.00917433073961993,1
2026-03-11,0.21699999272823334,0.2199999988079071,0.21199999749660492,0.2199999988079071,1328000,0.00917433073961993,0.21859999895095825,0.2318999983370304,0.25341666614015895,0.025918379667014782,6474895.0,-0.0010531066646607412,34.37500218278744,-0.0012551693717042234,-0.00013165685583749198,0.210999995470047,-0.040909106302852605,0
2026-03-12,0.21400000154972076,0.22100000083446503,0.20800000429153442,0.210999995470047,1924700,-0.040909106302852605,0.21679999828338622,0.2305999979376793,0.25143333251277605,0.027156632118984517,6449110.0,0.4493222891566264,29.166664941995165,-0.0151849234423167,-0.017163344195031294,0.20999999344348907,-0.004739346199179817,0
2026-03-13,0.210999995470047,0.21199999749660492,0.20499999821186066,0.20999999344348907,1699700,-0.004739346199179817,0.21479999721050264,0.22904999777674676,0.2498833323518435,0.026647119004842925,5805070.0,-0.1169013352730296,30.882348107322542,-0.005660180081477395,-0.005927132244948341,0.20600000023841858,-0.019047587285505707,0
2026-03-16,0.2070000022649765,0.20999999344348907,0.2029999941587448,0.20600000023841858,1416100,-0.019047587285505707,0.21299999654293061,0.2272999979555607,0.24841666569312412,0.02674208735338208,4018755.0,-0.16685297405424482,25.000005478367797,0.010176888512803295,0.011217467001826131,0.2029999941587448,-0.014563136292241041,0
2026-03-17,0.2070000022649765,0.20800000429153442,0.2029999941587448,0.2029999941587448,1759800,-0.014563136292241041,0.2099999964237213,0.22494999766349794,0.24699999913573265,0.02459651757401578,2627755.0,0.24270884824518046,23.94366522342294,0.0026305975119209624,0.0048802302740798,0.19900000095367432,-0.01970440059196521,0
2026-03-18,0.20000000298023224,0.20999999344348907,0.19699999690055847,0.19900000095367432,1663700,-0.01970440059196521,0.20579999685287476,0.22274999767541886,0.2456999989847342,0.024346861555031525,2379000.0,-0.054608478236163216,19.444443294663444,-0.013953675007322364,-0.013939721169156427,0.1979999989271164,-0.005025135787766755,0
2026-03-19,0.19699999690055847,0.20100000500679016,0.1899999976158142,0.1979999989271164,1550600,-0.005025135787766755,0.20319999754428864,0.22064999788999556,0.24438333213329316,0.024359254854390493,2212310.0,-0.06798100619101999,20.895519732473005,-0.002464364937880159,-0.0031602030688504534,0.1979999989271164,0.0,0
2026-03-20,0.1979999989271164,0.20399999618530273,0.19499999284744263,0.1979999989271164,1835300,0.0,0.2007999986410141,0.2184999980032444,0.24301666542887687,0.024255744892961346,2110340.0,0.18360634593060743,25.000000000000014,-0.017020279897722146,-0.01848170653887793,0.20000000298023224,0.010101030626025631,1
2026-03-23,0.1979999989271164,0.20399999618530273,0.19599999487400055,0.20000000298023224,1071800,0.010101030626025631,0.19959999918937682,0.21669999808073043,0.24183333218097686,0.024482265722740107,2037085.0,-0.41600828202473705,37.20931038461979,0.01050001924493782,0.010205137728620972,0.20100000500679016,0.005000010058283655,1
2026-03-24,0.20399999618530273,0.21199999749660492,0.20100000500679016,0.20100000500679016,1698800,0.005000010058283655,0.1992000013589859,0.21474999859929084,0.24068333208560944,0.023983330272839484,2013605.0,0.5849972009703304,25.00001034802905,-0.0033568497522664664,-0.006836767910289088,0.2070000022649765,0.02985073188422871,1
2026-03-25,0.20399999618530273,0.20900000631809235,0.20200000703334808,0.2070000022649765,1128000,0.02985073188422871,0.20080000162124634,0.21309999898076057,0.23971666569511096,0.025428652966669,1911975.0,-0.33600188368259953,34.146343236307374,0.0055727589473859585,0.006575613863315066,0.19300000369548798,-0.06763284259082958,0
2026-03-26,0.2029999941587448,0.20999999344348907,0.19099999964237213,0.19300000369548798,1966000,-0.06763284259082958,0.19980000257492064,0.21059999912977218,0.23866666555404664,0.02833230154373124,1874645.0,0.7429078014184398,25.454546439746338,-0.017858744158138706,-0.023867900245077234,0.18199999630451202,-0.05699485585674691,0
2026-03-27,0.19200000166893005,0.19200000166893005,0.18000000715255737,0.18199999630451202,2224100,-0.05699485585674691,0.1966000020503998,0.20784999877214433,0.23736666565140088,0.03002058835961384,1895475.0,0.13128179043743637,22.95081566751945,-0.017051883523327982,-0.019536696991535485,0.1860000044107437,0.021978066964018605,1
2026-03-30,0.18000000715255737,0.19200000166893005,0.17800000309944153,0.1860000044107437,1404400,0.021978066964018605,0.19380000233650208,0.20584999918937683,0.23628333260615667,0.029870441806525476,1783160.0,-0.36855357223146445,24.1935650559238,-0.0033434623831846144,-0.00764333545868201,0.19900000095367432,0.06989245287447798,1
2026-03-31,0.1850000023841858,0.20100000500679016,0.1850000023841858,0.19900000095367432,1869400,0.06989245287447798,0.1934000015258789,0.2052499994635582,0.2349666660030683,0.03164546782866191,1690215.0,0.33110225007120486,35.616442550523104,0.02906792569891481,0.03385391270884219,0.20200000703334808,0.015075407363300153,1
2026-04-01,0.20200000703334808,0.20999999344348907,0.1979999989271164,0.20200000703334808,1735200,0.015075407363300153,0.19240000247955322,0.20439999997615815,0.23341666633884112,0.030503861544568744,1650430.0,-0.07178773938161975,43.283592379948374,0.007534463782890022,0.012353174006878076,0.19599999487400055,-0.029703029457602947,0
2026-04-02,0.20000000298023224,0.20100000500679016,0.19300000369548798,0.19599999487400055,919600,-0.029703029457602947,0.19300000071525575,0.20319999977946282,0.23219999969005584,0.03098050129375139,1602715.0,-0.47003227293683725,40.2777823768999,0.0009004744280911581,0.0011466223630531847,0.22200000286102295,0.13265310544388842,1
2026-04-06,0.19699999690055847,0.22499999403953552,0.19599999487400055,0.22200000286102295,6576400,0.13265310544388842,0.20100000202655793,0.20329999998211862,0.23156666656335195,0.043745343294726895,1825900.0,6.151370160939539,58.51063593689266,0.004726797348638012,0.006017333325542884,0.23499999940395355,0.05855854223150114,1
2026-04-07,0.22100000083446503,0.24899999797344208,0.20999999344348907,0.23499999940395355,6451600,0.05855854223150114,0.21080000102519988,0.20429999977350236,0.23098333304127058,0.04514606272278597,2077630.0,-0.018976947874216887,65.38461318030227,0.0004400741058487867,0.00015297681473014357,0.23800000548362732,0.012765983350139898,1
2026-04-08,0.25,0.2529999911785126,0.2370000034570694,0.23800000548362732,3671300,0.012765983350139898,0.2186000019311905,0.20530000030994416,0.23046666656931242,0.0451349955152981,2194725.0,-0.4309473618947238,68.93203279527144,0.025469554638327674,0.029732070204270045,0.24199999868869781,0.01680669375171795,1
2026-04-09,0.2409999966621399,0.24500000476837158,0.23100000619888306,0.24199999868869781,1881200,0.01680669375171795,0.22660000026226043,0.2064000003039837,0.22994999984900158,0.04520136942849047,2222385.0,-0.4875929507259009,70.75470981966508,0.00576909117108837,0.006764631332426108,0.23499999940395355,-0.028925617035844953,0
2026-04-10,0.24199999868869781,0.24300000071525574,0.22599999606609344,0.23499999940395355,2078500,-0.028925617035844953,0.23440000116825105,0.207600000500679,0.22939999972780545,0.04462653330855507,2230075.0,0.10487986391664905,66.37167651461685,-0.0006617805145495703,0.001442181745508142,0.24699999392032623,0.05106380658216625,1
2026-04-13,0.25999999046325684,0.2680000066757202,0.2329999953508377,0.24699999392032623,25977900,0.05106380658216625,0.2393999993801117,0.20945000052452087,0.22913333276907602,0.045632007724781265,3443985.0,11.498388260764974,69.10568337437815,0.009772397784351794,0.010342525812865766,0.24899999797344208,0.008097182600583341,1
2026-04-14,0.24500000476837158,0.2540000081062317,0.23800000548362732,0.24899999797344208,4796200,0.008097182600583341,0.2421999990940094,0.21160000041127205,0.2288833327591419,0.0451516709639257,3612990.0,-0.8153738369922126,69.35483153820446,0.01218488075237012,0.018157016912369928,0.24400000274181366,-0.020080302298483232,0
2026-04-15,0.2460000067949295,0.25200000405311584,0.23999999463558197,0.24400000274181366,2313600,-0.020080302298483232,0.24339999854564667,0.21365000084042549,0.22859999934832256,0.04532913379623447,3640680.0,-0.5176181143405196,65.0406474516839,0.007890994867038925,0.013999441886586528,0.2529999911785126,0.036885198096584304,1
2026-04-16,0.23800000548362732,0.2549999952316284,0.23800000548362732,0.2529999911785126,3087300,0.036885198096584304,0.24559999704360963,0.2163500003516674,0.22864999920129775,0.04513071508743972,3711860.0,0.3344139004149378,75.42372014511709,0.002457311622604319,0.004816357344643363,0.27300000190734863,0.07905142856200498,1
2026-04-17,0.2549999952316284,0.2750000059604645,0.25099998712539673,0.27300000190734863,5375200,0.07905142856200498,0.2531999975442886,0.22010000050067902,0.2290166661143303,0.04722856455889771,3903090.0,0.7410682473358599,85.82676851237271,0.012085685130224011,0.013084149556009228,0.3089999854564667,0.1318680706871782,1
2026-04-20,0.27000001072883606,0.3240000009536743,0.26899999380111694,0.3089999854564667,10476500,0.1318680706871782,0.2655999958515167,0.22564999982714654,0.22989999900261562,0.05348774294525365,4335150.0,0.9490437565113856,88.67924068553216,-0.001999667552905704,-0.0031748441644519065,0.2980000078678131,-0.035598634648490224,0
2026-04-21,0.31200000643730164,0.32899999618530273,0.2759999930858612,0.2980000078678131,8161600,-0.035598634648490224,0.27539999783039093,0.23055000007152557,0.23051666567722956,0.055057562642909334,4689640.0,-0.2209611988736696,81.52866955388573,-0.006546949154936255,-0.003803338055735961,0.3199999928474426,0.07382545100263305,1
2026-04-22,0.32100000977516174,0.33000001311302185,0.3100000023841858,0.3199999928474426,6301200,0.07382545100263305,0.29059999585151675,0.2364999994635582,0.23158333202203116,0.0561108006257122,4919760.0,-0.22794550088218002,83.52273193896245,0.010126696838070659,0.016730507621555812,0.3050000071525574,-0.046874956344253316,0
2026-04-23,0.3240000009536743,0.32499998807907104,0.2879999876022339,0.3050000071525574,3467300,-0.046874956344253316,0.3009999990463257,0.24139999970793724,0.23218333224455515,0.05833832102063821,5036725.0,-0.4497397321145179,79.45947426266409,-0.0038807239498251933,-0.005632645699066852,0.3019999861717224,-0.009836134132726104,0
2026-04-24,0.3100000023841858,0.3100000023841858,0.29499998688697815,0.3019999861717224,3370200,-0.009836134132726104,0.30679999589920043,0.24684999883174896,0.23281666537125906,0.05504841320707723,5106935.0,-0.028004499178034825,74.69136188568561,0.007749297960024215,0.019127478891562966,0.29499998688697815,-0.02317880663995775,0
2026-04-27,0.29600000381469727,0.30000001192092896,0.2709999978542328,0.29499998688697815,3261800,-0.02317880663995775,0.3039999961853027,0.2524999983608723,0.23359999855359395,0.05290657486562413,5158820.0,-0.03216426324847188,69.23077216985534,0.0017228064887020444,0.0005271669328243966,0.3070000112056732,0.04067805034612615,1
2026-04-28,0.29499998688697815,0.31299999356269836,0.28600001335144043,0.3070000112056732,1502300,0.04067805034612615,0.30579999685287473,0.25854999870061873,0.2349499988059203,0.053002187961165986,5163715.0,-0.5394260837574345,70.90909747709736,-0.004865948728146163,-0.010056746717555742,0.29100000858306885,-0.0521172704840237,0
2026-04-29,0.3089999854564667,0.3089999854564667,0.28600001335144043,0.29100000858306885,2091100,-0.0521172704840237,0.3,0.26314999908208847,0.23566666568319003,0.05475579887274775,5174800.0,0.3919323703654396,63.84181295133372,-0.00015454109399481997,0.006113633344809299,0.2980000078678131,0.024054979650442343,1
2026-04-30,0.28700000047683716,0.3019999861717224,0.2849999964237213,0.2980000078678131,1137500,0.024054979650442343,0.29860000014305116,0.26794999912381173,0.236583332469066,0.0547453540698433,5144915.0,-0.45602792788484525,67.79661544903814,0.009949627427204177,0.009326273624633119,0.2930000126361847,-0.01677850704569883,0
2026-05-01,0.296999990940094,0.3089999854564667,0.28600001335144043,0.2930000126361847,1610000,-0.01677850704569883,0.2968000054359436,0.27280000001192095,0.2376333326101303,0.05418880073457602,5179435.0,0.41538461538461546,63.529419498873864,0.0027691138283709726,0.009599596060492877,0.2919999957084656,-0.003413026909868555,0
2026-05-04,0.29499998688697815,0.30000001192092896,0.28700000047683716,0.2919999957084656,1400500,-0.003413026909868555,0.2962000072002411,0.2762999996542931,0.2386666658023993,0.04766757173241712,4920640.0,-0.13012422360248443,62.721893960682266,-0.0036633796697419507,-0.0018838826451929025,0.2759999930858612,-0.05479453033478421,0
2026-05-05,0.29100000858306885,0.29100000858306885,0.27000001072883606,0.2759999930858612,2970100,-0.05479453033478421,0.2900000035762787,0.27834999933838844,0.23913333242138227,0.04891859637466188,4746565.0,1.120742591931453,58.88888658932687,0.008022185884992261,0.012974052439365336,0.2540000081062317,-0.07971009250273975,0
2026-05-06,0.27000001072883606,0.2720000147819519,0.25,0.2540000081062317,3163700,-0.07971009250273975,0.28260000348091124,0.2791499994695187,0.23911666596929232,0.05277939037927814,4721185.0,0.0651829904717014,50.25907175797425,0.013899439445017592,0.02077439369140688,0.2669999897480011,0.05118102845229977,1
2026-05-07,0.24899999797344208,0.27799999713897705,0.24899999797344208,0.2669999897480011,3371300,0.05118102845229977,0.27639999985694885,0.2803999990224838,0.23956666588783265,0.05375024330600914,4795690.0,0.06561936972532156,48.38709315615154,-0.0030661051573263043,-0.0011929474776779525,0.25699999928474426,-0.037453149240548655,0
2026-05-08,0.26600000262260437,0.27900001406669617,0.24500000476837158,0.25699999928474426,3708400,-0.037453149240548655,0.26919999718666077,0.28149999901652334,0.2398999991516272,0.054076957125411454,4877185.0,0.09999110135556011,33.750000931322774,0.008256073001242203,0.023440840892904546,0.25600001215934753,-0.003891000498754016,0
2026-05-11,0.2460000067949295,0.2630000114440918,0.2460000067949295,0.25600001215934753,2150800,-0.003891000498754016,0.26200000047683714,0.2819499999284744,0.24014999940991402,0.05304462381563358,3685830.0,-0.4200194153812965,35.99999920527128,0.002277585595431564,0.0028963874065546236,0.2540000081062317,-0.007812515461409153,0
2026-05-12,0.25600001215934753,0.2639999985694885,0.25099998712539673,0.2540000081062317,1582500,-0.007812515461409153,0.2576000034809113,0.2822000004351139,0.24036666626731554,0.05308495186084708,3525145.0,-0.26422726427375864,24.615389553047677,-0.0015149399914519135,-0.00848180680976407,0.24500000476837158,-0.035433082876501265,0
2026-05-13,0.25200000405311584,0.2540000081062317,0.24300000071525574,0.24500000476837158,2288900,-0.035433082876501265,0.25580000281333926,0.2822500005364418,0.24028333301345509,0.053534720898920314,3523910.0,0.4463823064770933,25.806453163492165,0.005594848036780231,0.010562230418850849,0.2329999953508377,-0.048979629322370655,0
2026-05-14,0.24500000476837158,0.2540000081062317,0.2329999953508377,0.2329999953508377,2917700,-0.048979629322370655,0.24900000393390656,0.28125000074505807,0.24011666625738143,0.05399142498816765,3515430.0,0.27471711302372315,24.060154082486775,0.007894256268722755,0.007107716274449949,0.22100000083446503,-0.051502123415512524,0
2026-05-15,0.2370000034570694,0.23800000548362732,0.21699999272823334,0.22100000083446503,3451300,-0.051502123415512524,0.2418000042438507,0.2786500006914139,0.2397999996940295,0.051409971275681796,3419235.0,0.18288377831853864,23.188410178875486,-0.012029351892724582,-0.015087714031981059,0.2290000021457672,0.03619910081943578,1
2026-05-18,0.21299999952316284,0.2290000021457672,0.21199999749660492,0.2290000021457672,1438100,0.03619910081943578,0.23640000224113464,0.27465000152587893,0.2395999997854233,0.040976934457681025,2967315.0,-0.5833164314895836,20.89551325947842,-0.0007034356211904624,-0.004302241158477327,0.21899999678134918,-0.04366814528697094,0
2026-05-19,0.22100000083446503,0.22699999809265137,0.21299999952316284,0.21899999678134918,1806100,-0.04366814528697094,0.22939999997615815,0.2707000009715557,0.23931666637460391,0.04123894308974468,2649540.0,0.25589319240664765,21.874990177455388,-0.006660859382243145,-0.006162485912403315,0.21299999952316284,-0.027397248156933895,0
2026-05-20,0.2160000056028366,0.21899999678134918,0.18700000643730164,0.21299999952316284,1532500,-0.027397248156933895,0.2229999989271164,0.2653500013053417,0.23886666645606358,0.035666604673332714,2411105.0,-0.15148662864736173,16.535423000639227,0.010249028568310337,0.016563788621898112,0.22499999403953552,0.05633800255040722,1
2026-05-21,0.21299999952316284,0.2290000021457672,0.21199999749660492,0.22499999403953552,1888200,0.05633800255040722,0.22139999866485596,0.2613500006496906,0.23861666644612947,0.03882951938408909,2332150.0,0.23210440456769987,24.626853721499018,0.0019830970699832307,0.0019070115754113992,0.22499999403953552,0.0,0
2026-05-22,0.2280000001192093,0.23800000548362732,0.22300000488758087,0.22499999403953552,1036000,0.0,0.22219999730587006,0.2575000010430813,0.23831666633486748,0.03895214043894047,2215440.0,-0.4513293083359814,24.812021230016185,0.00393155436839554,0.004240623952507905,0.22200000286102295,-0.013333294479934255,0
2026-05-26,0.22300000488758087,0.2290000021457672,0.21899999678134918,0.22200000286102295,1259000,-0.013333294479934255,0.2207999974489212,0.2538500018417835,0.23806666632493337,0.03889065426166679,2115300.0,0.21525096525096532,27.499993791180003,0.0066386085909901915,0.017755179724697978,0.21899999678134918,-0.013513540725275774,0
2026-05-27,0.2199999988079071,0.22699999809265137,0.21799999475479126,0.21899999678134918,1121900,-0.013513540725275774,0.2207999974489212,0.2494500011205673,0.23794999967018762,0.03675439514110954,2096280.0,-0.10889594916600476,32.67325593284029,-0.0001732035840619206,-0.0011365737204164228,0.2370000034570694,0.08219181251263441,1
2026-05-28,0.2199999988079071,0.24400000274181366,0.21799999475479126,0.2370000034570694,2371200,0.08219181251263441,0.2255999982357025,0.24675000086426735,0.238383333136638,0.041756965240932475,2110285.0,1.1135573580533022,35.849061908566185,0.0055165545026623075,0.008430959320020914,0.23399999737739563,-0.01265825331608994,0
2026-05-29,0.23800000548362732,0.24400000274181366,0.2329999953508377,0.23399999737739563,1449900,-0.01265825331608994,0.22739999890327453,0.24355000033974647,0.23863333314657212,0.04100980160098115,2125905.0,-0.3885374493927125,38.38383823180125,0.002491392716190699,0.003684097420609156,0.2280000001192093,-0.025641014211250313,0
2026-06-01,0.2329999953508377,0.24500000476837158,0.22499999403953552,0.2280000001192093,1882700,-0.025641014211250313,0.2280000001192093,0.2402999997138977,0.23876666650176048,0.041120739536327645,2139540.0,0.2985033450582799,36.53845795645223,0.00272313559086812,0.006000179721837862,0.2290000021457672,0.004385973798399556,1
2026-06-02,0.20999999344348907,0.2409999966621399,0.20999999344348907,0.2290000021457672,2087800,0.004385973798399556,0.22939999997615815,0.23715000003576278,0.2389166665573915,0.04123991386003187,2173905.0,0.10893928931853192,37.86407654624119,0.0013579103629497435,0.004604549310825545,0.23100000619888306,0.00873364207150873,1
2026-06-03,0.23000000417232513,0.23800000548362732,0.22599999606609344,0.23100000619888306,1334300,0.00873364207150873,0.23180000185966493,0.23490000069141387,0.23918333326776822,0.04014344771427516,2092115.0,-0.36090621707060067,42.70833527358838,-0.007017150543661033,-0.002613315163043861,0.23000000417232513,-0.004329012985813341,0
2026-06-04,0.2280000001192093,0.2409999966621399,0.22599999606609344,0.23000000417232513,886400,-0.004329012985813341,0.23040000200271607,0.23370000049471856,0.23938333342472712,0.03643325274828468,1978250.0,-0.33568163081765723,48.23529948000212,0.003778686701839007,-0.00483739336316813,0.2240000069141388,-0.026086944127578837,0
2026-06-05,0.2290000021457672,0.23999999463558197,0.2160000056028366,0.2240000069141388,1430700,-0.026086944127578837,0.2284000039100647,0.23155000135302545,0.23945000022649765,0.03426964682465421,1881220.0,0.6140568592057762,51.89873775865064,-0.0258093996346227,-0.04800095663859216,0.21699999272823334,-0.03125006236534911,0
2026-06-08,0.21699999272823334,0.2290000021457672,0.2160000056028366,0.21699999272823334,1493500,-0.03125006236534911,0.2262000024318695,0.2295500010251999,0.23955000018080075,0.03401803477735051,1770475.0,0.043894597050395,42.30768863383713,0.0022642301373410056,0.015615706186351996,0.21299999952316284,-0.018433149028166174,0
2026-06-09,0.21699999272823334,0.22599999606609344,0.20999999344348907,0.21299999952316284,1726900,-0.018433149028166174,0.22300000190734864,0.22740000039339064,0.23960000028212866,0.03408358256542635,1749280.0,0.1562772012052227,45.83333592034006,-0.002935503633772485,-0.011507241121808565,0.2029999941587448,-0.046948382097674934,0
2026-06-10,0.20999999344348907,0.21899999678134918,0.2029999941587448,0.2029999941587448,1118800,-0.046948382097674934,0.21739999949932098,0.22484999969601632,0.23955000018080075,0.035142400033406025,1726095.0,-0.35213388152180203,43.42105082569077,-0.015765545498457323,-0.019976568253734728,0.2029999941587448,0.0,0
2026-06-11,0.20600000023841858,0.20900000631809235,0.2029999941587448,0.2029999941587448,1105300,0.0,0.21199999749660492,0.22274999916553498,0.23955000018080075,0.03471332950272861,1666915.0,-0.012066499821237087,32.81250691215699,0.016996839411566045,0.033775883454166156,0.19099999964237213,-0.059113275180632585,0
2026-06-12,0.20399999618530273,0.2070000022649765,0.1850000023841858,0.19099999964237213,3271300,-0.059113275180632585,0.2053999960422516,0.2206499993801117,0.23941666682561238,0.03539795365640968,1684595.0,1.9596489640821497,27.631588492777354,0.005408249541260179,0.005884694007997515,0.20200000703334808,0.057591661840692865,1
2026-06-15,0.19699999690055847,0.2070000022649765,0.19599999487400055,0.20200000703334808,1721200,0.057591661840692865,0.20239999890327454,0.21969999969005585,0.23948333362738292,0.03692522497074482,1598090.0,-0.47384831718277143,38.09524569786809,0.017633996750716197,0.03141371932916659,0.20399999618530273,0.00990093605107889,1
2026-06-16,0.20200000703334808,0.20999999344348907,0.19300000369548798,0.20399999618530273,2367400,0.00990093605107889,0.20059999823570251,0.21844999939203263,0.23958333358168601,0.03587751760901845,1644555.0,0.3754357425052288,40.963857152115864,-0.005961607114339795,-0.019005396032846122,0.19699999690055847,-0.03431372262568988,0
2026-06-17,0.20200000703334808,0.20800000429153442,0.19699999690055847,0.19699999690055847,1627400,-0.03431372262568988,0.19939999878406525,0.2173499993979931,0.23953333348035813,0.03540699045737982,1635620.0,-0.3125792008110163,22.222222222222214,-0.012487831892330603,-0.010070391216744357,0.210999995470047,0.07106598370433193,1
2026-06-18,0.19900000095367432,0.210999995470047,0.1979999989271164,0.210999995470047,1540000,0.07106598370433193,0.20099999904632568,0.2172499991953373,0.23969999998807906,0.038769759704722524,1635995.0,-0.053705296792429635,36.14457788064566,0.007800647930141791,0.025065376405563056,0.2029999941587448,-0.03791469897181987,0
2026-06-22,0.20999999344348907,0.2199999988079071,0.20000000298023224,0.2029999941587448,1668600,-0.03791469897181987,0.20339999794960023,0.21614999920129777,0.23963333318630856,0.03729075198149625,1625015.0,0.08350649350649353,35.29411558461457,-0.003146979693962715,-0.003605064578001027,0.19699999690055847,-0.029556637590316237,0
2026-06-23,0.20000000298023224,0.2070000022649765,0.19300000369548798,0.19699999690055847,1231500,-0.029556637590316237,0.2023999959230423,0.2147499993443489,0.2396999997397264,0.03768728528551479,1634790.0,-0.2619561308881697,32.22222001464287,-0.014521954010491611,-0.03292904314791367,0.1899999976158142,-0.03553299185216596,0
2026-06-24,0.19499999284744263,0.2029999941587448,0.1860000044107437,0.1899999976158142,1723400,-0.03553299185216596,0.1995999962091446,0.21314999908208848,0.23983333309491475,0.03823872673859138,1658010.0,0.3994315874949248,28.42104784339412,-0.0004635170636431152,-0.00424581964999271,0.1860000044107437,-0.021052596080335717,0
2026-06-25,0.19099999964237213,0.1979999989271164,0.1860000044107437,0.1860000044107437,1689200,-0.021052596080335717,0.19739999771118164,0.21149999946355819,0.23983333309491475,0.038342596757799115,1686375.0,-0.019844493443193723,27.551018235982113,0.0014456352254532678,0.008105611726665796,0.19499999284744263,0.04838703345847373,1
2026-06-26,0.1860000044107437,0.19900000095367432,0.1860000044107437,0.19499999284744263,968400,0.04838703345847373,0.19419999718666076,0.20939999893307687,0.23976666629314422,0.03476087799968579,1616235.0,-0.4267108690504381,35.6435547154512,-0.007231373616869652,-0.013763624451209266,0.20499999821186066,0.05128208067290285,1
2026-06-29,0.19699999690055847,0.20900000631809235,0.19300000369548798,0.20499999821186066,2241700,0.05128208067290285,0.19459999799728395,0.2079499989748001,0.23981666614611943,0.03726990109460554,1655825.0,1.3148492358529533,44.23077033292641,0.016474862380159383,0.024854210883145544,0.19699999690055847,-0.03902439698089388,0
2026-06-30,0.20399999618530273,0.21400000154972076,0.19599999487400055,0.19699999690055847,1127200,-0.03902439698089388,0.19459999799728395,0.20639999881386756,0.23983333284656208,0.03775915570183308,1618050.0,-0.4971673283668644,42.59259003752334,0.007786800986842035,0.017014704222517052,0.19900000095367432,0.01015230499787978,1
2026-07-01,0.19499999284744263,0.20499999821186066,0.19499999284744263,0.19900000095367432,1096100,0.01015230499787978,0.19639999866485597,0.20489999875426293,0.23944999948143958,0.03786939382325498,1568465.0,-0.027590489709013455,48.00000298023286,-0.001352504438058455,-0.015249920059198452,0.1940000057220459,-0.02512560405862696,0
2026-07-02,0.20000000298023224,0.20499999821186066,0.1889999955892563,0.1940000057220459,1265500,-0.02512560405862696,0.1979999989271164,0.20304999873042107,0.23876666625340778,0.037917710055704254,1565025.0,0.1545479427059575,45.714290174498316,-0.001314069480687241,-0.017333877050142776,0.1889999955892563,-0.025773247346978945,0
2026-07-06,0.20000000298023224,0.20000000298023224,0.1850000023841858,0.1889999955892563,1245700,-0.025773247346978945,0.19679999947547913,0.20099999830126764,0.23794999942183495,0.03811069397612468,1582990.0,-0.015645989727380516,48.979589664553544,0.008727409093039817,0.014341891788415717,0.1770000010728836,-0.06349203595989306,0
2026-07-07,0.1899999976158142,0.19099999964237213,0.17599999904632568,0.1770000010728836,1207800,-0.06349203595989306,0.19120000004768373,0.19864999800920485,0.23686666612823803,0.03986622786199347,1571845.0,-0.030424660833266448,37.3737314442871,-0.004751899671231685,-0.0185246873533641,0.17599999904632568,-0.005649728929358333,0
2026-07-08,0.18199999630451202,0.18199999630451202,0.17100000381469727,0.17599999904632568,1806900,-0.005649728929358333,0.18700000047683715,0.1965999983251095,0.23588333278894424,0.03959041876000115,1587515.0,0.49602583209140594,35.71428571428572,-0.0030894297130047432,0.0028332742996159954,0.18000000715255737,0.022727318908557725,1
2026-07-09,0.17800000309944153,0.18400000035762787,0.17499999701976776,0.18000000715255737,763600,0.022727318908557725,0.18320000171661377,0.1949499987065792,0.23476666634281476,0.04017679842684161,1539350.0,-0.5773977530577232,41.052636862461654,0.00846525000257925,0.01664234062582648,0.18000000715255737,0.0,0
2026-07-10,0.1809999942779541,0.18799999356269836,0.18000000715255737,0.18000000715255737,646600,0.0,0.18040000200271605,0.19379999935626985,0.2336166664958,0.039115494156951904,1515740.0,-0.15322158198009428,30.864204798615404,0.0043101596888019955,0.0030831495111482976,0.17299999296665192,-0.03888896615416604,0
2026-07-13,0.17900000512599945,0.1850000023841858,0.1720000058412552,0.17299999296665192,636700,-0.03888896615416604,0.1772000014781952,0.1922999992966652,0.23243333299954733,0.03980022371033208,1492310.0,-0.015310856789359728,31.250002328306053,-0.007656174850540931,-0.01897977883957569,0.17900000512599945,0.03468215262011087,1
2026-07-14,0.17499999701976776,0.18299999833106995,0.17499999701976776,0.17900000512599945,729000,0.03468215262011087,0.17760000228881836,0.19169999957084655,0.2311999998986721,0.03887865501766925,1365195.0,0.14496623213444315,38.75000908039192,0.00355064169730146,0.011169826504217273,0.19099999964237213,0.06703907359067274,1
2026-07-15,0.1809999942779541,0.1940000057220459,0.1809999942779541,0.19099999964237213,901400,0.06703907359067274,0.18060000240802765,0.19114999920129777,0.22983333319425583,0.0396963237987763,1324205.0,0.2364883401920439,50.58823632533959,0.003963635929681075,-0.002709516875899598,0.18299999833106995,-0.041884823697808216,0
2026-07-16,0.19099999964237213,0.19599999487400055,0.18199999630451202,0.18299999833106995,551000,-0.041884823697808216,0.18120000064373015,0.19009999930858612,0.22773333340883256,0.04055510222885627,1233385.0,-0.3887286443310406,48.314603919740705,-0.005418617756386079,-0.01644047698821338,0.1850000023841858,0.010928983996478348,1
2026-07-17,0.1809999942779541,0.19099999964237213,0.1809999942779541,0.1850000023841858,668900,0.010928983996478348,0.18219999969005585,0.18949999958276748,0.22584999998410543,0.04007194903278441,1185460.0,0.21397459165154276,43.90244833207037,-0.009897156017872222,-0.015029585113280453,0.18700000643730164,0.01081083258022053,1
2026-07-20,0.1889999955892563,0.19499999284744263,0.18400000035762787,0.18700000643730164,657100,0.01081083258022053,0.1850000023841858,0.1883000001311302,0.2236333335439364,0.03635166448564089,1141315.0,-0.017640902975033623,37.83785089947582,-0.0016143782471810253,0.001049833101992581,0.1940000057220459,0.03743314996671532,1
2026-07-21,0.1899999976158142,0.20200000703334808,0.1889999955892563,0.1940000057220459,1309400,0.03743314996671532,0.18800000250339508,0.18785000070929528,0.22178333352009455,0.03670664324655315,1123355.0,0.992695175772333,47.945212749670844,0.008341309298597777,0.018547213156642428,0.21199999749660492,0.09278346001880311,1
2026-07-22,0.1979999989271164,0.21199999749660492,0.19599999487400055,0.21199999749660492,35367700,0.09278346001880311,0.19220000207424165,0.1886000007390976,0.2202833337088426,0.041666007583004434,2830165.0,26.01061554910646,57.30336627158512,-0.0011627413779321527,-0.005105992167196205,0.18299999833106995,-0.13679245050934208,0
2026-07-23,0.2199999988079071,0.2240000069141388,0.18199999630451202,0.18299999833106995,7089900,-0.13679245050934208,0.19220000207424165,0.18825000077486037,0.21841666723291078,0.05172361003517578,3098490.0,-0.7995374310458413,45.13274161236316,-0.012349287272575782,-0.01898341826999872,0.17599999904632568,-0.038251362560563495,0
2026-07-24,0.1850000023841858,0.19099999964237213,0.17599999904632568,0.17599999904632568,2550200,-0.038251362560563495,0.19040000140666963,0.18775000050663948,0.21623333369692166,0.05222258258642545,3141540.0,-0.6403052229227493,44.34782879113643,0.0010160123647910968,-0.011171225588826994,0.18000000715255737,0.022727318908557725,1
2026-07-27,0.1770000010728836,0.18299999833106995,0.17000000178813934,0.18000000715255737,2049300,0.022727318908557725,0.18900000154972077,0.18700000122189522,0.2143833336730798,0.05124016641058006,3195585.0,-0.1964159673751078,51.40187150162291,0.0002165755636849287,-0.003083737064717651,0.17599999904632568,-0.022222266373809196,0
2026-07-28,0.17800000309944153,0.18000000715255737,0.17299999296665192,0.17599999904632568,2026200,-0.022222266373809196,0.18540000021457673,0.18555000126361848,0.21235000019272168,0.04977852291314485,3184810.0,-0.011272141706924366,50.0,0.002394780651586048,-0.009719704641810822,0.17399999499320984,-0.011363659454278863,0
2026-07-29,0.17399999499320984,0.18199999630451202,0.17299999296665192,0.17399999499320984,1606700,-0.011363659454278863,0.1777999997138977,0.18440000116825103,0.21036666656533878,0.04920508063316142,3208785.0,-0.20703780475767442,47.22221762310011,-0.015387473482586067,-0.0203704125369063,0.17900000512599945,0.02873569124519082,1
2026-07-30,0.17599999904632568,0.18299999833106995,0.17399999499320984,0.17900000512599945,906900,0.02873569124519082,0.1770000010728836,0.1834000013768673,0.20848333338896433,0.04967960141798211,3199325.0,-0.4355511296446132,49.55752142370642,0.01676579949601198,0.032974185798204436,0.17499999701976776,-0.022346413361363004,0
2026-07-31,0.1770000010728836,0.18199999630451202,0.17399999499320984,0.17499999701976776,865500,-0.022346413361363004,0.176800000667572,0.1824500009417534,0.20680000012119612,0.04962148554761562,3179325.0,-0.045650016539861116,50.909092386891416,0.007199809675054292,0.00649550511403274,0.1860000044107437,0.06285718616174263,1
2026-08-03,0.18000000715255737,0.1889999955892563,0.17499999701976776,0.1860000044107437,1080800,0.06285718616174263,0.1780000001192093,0.18230000138282776,0.20566666672627132,0.051491401224175844,3171080.0,0.24875794338532642,53.04347690877978,0.01424300656734756,0.017558419833591632,0.18299999833106995,-0.016129064562003248,0
2026-08-04,0.18400000035762787,0.19099999964237213,0.18299999833106995,0.18299999833106995,1712600,-0.016129064562003248,0.17939999997615813,0.18260000124573708,0.20426666686932246,0.049442201741390794,3196320.0,0.5845669874167283,46.226416287917296,0.018029002715958642,0.03396798607700635,0.1770000010728836,-0.03278687056232421,0
2026-08-05,0.18299999833106995,0.18299999833106995,0.1770000010728836,0.1770000010728836,535400,-0.03278687056232421,0.1800000011920929,0.18265000134706497,0.20293333356579144,0.050056572173715265,3132745.0,-0.6873759196543268,47.115387233006054,-0.0019966020100066206,-0.009048819525989127,0.17800000309944153,0.005649728929358222,1
2026-08-06,0.1770000010728836,0.18299999833106995,0.17299999296665192,0.17800000309944153,1626000,0.005649728929358222,0.17980000078678132,0.18255000114440917,0.201633333414793,0.04982056654707702,3175865.0,2.036981695928278,46.60194357352259,-0.001597813044932006,-0.0036943586003114204,0.1809999942779541,0.01685388273188182,1
2026-08-07,0.17800000309944153,0.1860000044107437,0.17800000309944153,0.1809999942779541,1149600,0.01685388273188182,0.18100000023841858,0.182600000500679,0.20041666651765505,0.049951376177808385,3201015.0,-0.2929889298892989,47.11537965568012,0.006115348472417681,0.011726026161803071,0.19300000369548798,0.06629839666793558,1
2026-08-10,0.18199999630451202,0.19900000095367432,0.17800000309944153,0.19300000369548798,3505300,0.06629839666793558,0.18240000009536744,0.18360000103712082,0.199549999833107,0.05100244249651537,3344445.0,2.0491475295755044,49.541283651149456,-0.00029741673673222557,-0.0029874750593527066,0.19200000166893005,-0.005181357551348631,0
2026-08-11,0.1940000057220459,0.1979999989271164,0.1889999955892563,0.19200000166893005,748600,-0.005181357551348631,0.18420000076293946,0.18425000086426735,0.1988666666050752,0.050631029758966044,3345425.0,-0.7864376800844436,39.13044323316789,-0.0031952597501651026,-0.0033570309855425196,0.19200000166893005,0.0,0
2026-08-12,0.19200000166893005,0.19900000095367432,0.1899999976158142,0.19200000166893005,763100,0.0,0.18720000088214875,0.18430000096559523,0.1983833332856496,0.048463503957922434,3338510.0,0.019369489714132992,57.14285376391188,0.0025046624297864195,0.007307397746256994,0.19699999690055847,0.026041641605035082,1
2026-08-13,0.19200000166893005,0.20499999821186066,0.18700000643730164,0.19699999690055847,1090000,0.026041641605035082,0.19099999964237213,0.18500000089406968,0.19784999986489613,0.04764320784711494,3365460.0,0.4283842222513432,67.2130991361242,0.006977455651952402,0.011565558900105577,0.19900000095367432,0.01015230499787978,1
2026-08-14,0.20000000298023224,0.20499999821186066,0.19900000095367432,0.19900000095367432,1209400,0.01015230499787978,0.19460000097751617,0.1857000008225441,0.19751666660110156,0.04763826747080281,3392485.0,0.10954128440366961,66.10167736434525,-0.0019797115463531245,-0.0013659895774928987,0.19200000166893005,-0.03517587563416047,0
2026-08-17,0.20200000703334808,0.20399999618530273,0.19200000166893005,0.19200000166893005,850900,-0.03517587563416047,0.19440000057220458,0.18595000058412553,0.19716666663686436,0.04843418287114159,3402175.0,-0.296427980816934,62.903220379392955,-0.004727366641364417,-0.0016414463662972612,0.19200000166893005,0.0,0
2026-08-18,0.1940000057220459,0.20000000298023224,0.1889999955892563,0.19200000166893005,2063700,0.0,0.19440000057220458,0.18585000038146973,0.19661666676402093,0.047729893550104124,3439890.0,1.4253143730168056,64.99999751647447,-0.006755757074274671,-0.01693450262957852,0.1899999976158142,-0.010416687686099602,0
2026-08-19,0.19300000369548798,0.20000000298023224,0.1899999976158142,0.1899999976158142,1000800,-0.010416687686099602,0.19399999976158142,0.1847500003874302,0.19603333349029223,0.04253433944460206,1721545.0,-0.515045791539468,59.6491117997013,0.00209783741736147,-0.0019929933468779693,0.19099999964237213,0.005263168626875148,1
2026-08-20,0.19200000166893005,0.19599999487400055,0.1899999976158142,0.19099999964237213,1219400,0.005263168626875148,0.19280000030994415,0.1851500004529953,0.1955166667699814,0.028999494676670838,1428020.0,0.21842525979216632,64.8148117487334,-0.008399893367440514,-0.007191967784539344,0.19499999284744263,0.02094237284062861,1
2026-08-21,0.1940000057220459,0.19900000095367432,0.19300000369548798,0.19499999284744263,739600,0.02094237284062861,0.19199999868869783,0.18610000014305114,0.19511666670441627,0.027604841412510073,1337490.0,-0.3934721994423487,59.57445459378964,0.0040912604472485015,0.0035306004690811577,0.1979999989271164,0.015384647126735151,1
2026-08-24,0.1979999989271164,0.20499999821186066,0.19499999284744263,0.1979999989271164,1680300,0.015384647126735151,0.1931999981403351,0.1869999997317791,0.19446666662891707,0.027411747686866002,1319040.0,1.2719037317468902,65.95744545937896,-0.0029384110198065194,-0.009979809224073155,0.19699999690055847,-0.0050505153130128155,0
2026-08-25,0.19900000095367432,0.2029999941587448,0.1940000057220459,0.19699999690055847,961900,-0.0050505153130128155,0.19419999718666076,0.18804999962449073,0.1938499999543031,0.02677145122779372,1265825.0,-0.4275427007082069,73.80951282794521,0.003195937672779925,0.006229419148941817,0.1979999989271164,0.005076152498940001,1
2026-08-26,0.19599999487400055,0.20600000023841858,0.19599999487400055,0.1979999989271164,1454800,0.005076152498940001,0.1957999974489212,0.18924999982118607,0.19334999993443489,0.026461283618794466,1258230.0,0.5124233288283606,73.80951282794521,0.0002220155779071309,0.0009145998999007254,0.19099999964237213,-0.03535353193269941,0
2026-08-27,0.20000000298023224,0.2029999941587448,0.1899999976158142,0.19099999964237213,1812600,-0.03535353193269941,0.1957999974489212,0.1898499995470047,0.1927166665593783,0.0275253419620662,1303515.0,0.24594445971954904,60.86956662581807,0.006552786111251541,0.01369187666225713,0.1889999955892563,-0.010471225428589803,0
2026-08-28,0.19499999284744263,0.19900000095367432,0.1889999955892563,0.1889999955892563,635700,-0.010471225428589803,0.19459999799728395,0.19054999947547913,0.1920166663825512,0.027060247165156377,1292025.0,-0.6492883151274412,44.44443524620021,-0.002269485222937795,-0.006489984566639517,0.18799999356269836,-0.0052910161370118836,0
2026-08-31,0.19200000166893005,0.19499999284744263,0.1860000044107437,0.18799999356269836,659700,-0.0052910161370118836,0.19259999692440033,0.19064999893307685,0.19131666620572407,0.02331678468021029,1270970.0,0.03775365738555925,44.44443524620021,-0.002989520850009919,0.0004606410859646637,0.1899999976158142,0.010638319795733597,1
2026-09-01,0.1889999955892563,0.19300000369548798,0.1860000044107437,0.1899999976158142,980700,0.010638319795733597,0.19119999706745147,0.19099999889731406,0.19074999938408535,0.023061325630997182,1234375.0,0.48658481127785347,47.36841692488798,-0.0068704238054380085,-0.012723917340435431,0.1889999955892563,-0.005263168626875259,0
2026-09-02,0.19300000369548798,0.19499999284744263,0.18799999356269836,0.1889999955892563,735100,-0.005263168626875259,0.18939999639987945,0.1915999986231327,0.1902833327651024,0.02164587754756462,1244360.0,-0.25043336392372795,38.2353005627814,0.004436902672253051,0.0022610021378346445,0.19200000166893005,0.01587304841103543,1
2026-09-03,0.19099999964237213,0.1940000057220459,0.19099999964237213,0.19200000166893005,775500,0.01587304841103543,0.18959999680519105,0.19229999855160712,0.18993333280086516,0.021819211780490122,1201835.0,0.054958509046388215,40.00000851494287,0.01046841189654324,0.011885952275470846,0.1899999976158142,-0.010416687686099602,0
2026-09-04,0.1899999976158142,0.19499999284744263,0.1899999976158142,0.1899999976158142,550900,-0.010416687686099602,0.1897999972105026,0.19274999871850013,0.18971666619181632,0.021826819102977416,1171900.0,-0.2896196002578981,46.66666335530093,-0.0038542371465761782,0.001797537995484877,0.1860000044107437,-0.021052596080335717,0
2026-09-08,0.1860000044107437,0.19499999284744263,0.1860000044107437,0.1860000044107437,616500,-0.021052596080335717,0.1893999993801117,0.19239999875426292,0.18943333302934964,0.016513809395815728,1027460.0,0.11907787257215463,41.17648090045023,-0.0054921259109329545,-0.0008345896889334625,0.17900000512599945,-0.03763440386423955,0
2026-09-09,0.1889999955892563,0.19200000166893005,0.17900000512599945,0.17900000512599945,1013900,-0.03763440386423955,0.18720000088214875,0.1917499989271164,0.18923333312074345,0.018363202303097795,1040725.0,0.6446066504460666,35.89745255224287,-0.004647758964528403,-0.002853705432890319,0.18199999630451202,0.016759726774314032,1
2026-09-10,0.18199999630451202,0.1860000044107437,0.1809999942779541,0.18199999630451202,679600,0.016759726774314032,0.1858000010251999,0.1912499986588955,0.18889999960859616,0.018898146337966035,1036550.0,-0.3297169346089358,39.02438847101034,-0.005994238166152965,-0.010637845546144553,0.18000000715255737,-0.010988951607495578,0
2026-09-11,0.18199999630451202,0.1860000044107437,0.18000000715255737,0.18000000715255737,883600,-0.010988951607495578,0.18340000212192537,0.19039999917149544,0.18849999979138374,0.01773274332331102,1026230.0,0.300176574455562,30.769251342823708,0.008524287494320992,0.008734428904149771,0.1809999942779541,0.005555483809226658,1
2026-09-14,0.18000000715255737,0.1899999976158142,0.18000000715255737,0.1809999942779541,926100,0.005555483809226658,0.18160000145435334,0.18949999883770943,0.188233333081007,0.017563849380033403,1012065.0,0.04809868718877319,27.027011788434038,-0.00446162221482016,-0.007973383180531979,0.17900000512599945,-0.0110496641722726,0
2026-09-15,0.18199999630451202,0.18299999833106995,0.1770000010728836,0.17900000512599945,833500,-0.0110496641722726,0.18020000159740449,0.1888499990105629,0.18769999990860622,0.0161212265943284,1011195.0,-0.09998920203001838,26.31578328206153,-0.004586781374170235,-0.006542788426574742,0.1599999964237213,-0.10614529697305808,0
2026-09-16,0.1809999942779541,0.1860000044107437,0.1599999964237213,0.1599999964237213,2874200,-0.10614529697305808,0.17639999985694885,0.18724999874830245,0.18698333327968916,0.028027274839762143,1051720.0,2.448350329934013,16.071413841321203,-0.004409916675517711,0.000255475461144572,0.1720000058412552,0.07500006053596864,1
2026-09-17,0.18000000715255737,0.1899999976158142,0.1679999977350235,0.1720000058412552,17851900,0.07500006053596864,0.17440000176429749,0.1863499991595745,0.1865666667620341,0.03368579169985754,1894275.0,5.211084823603089,34.42623191096433,0.011338754633487547,0.0173118582049816,0.20000000298023224,0.16279067551206494,1
2026-09-18,0.1770000010728836,0.20000000298023224,0.16899999976158142,0.20000000298023224,2397600,0.16279067551206494,0.17840000092983246,0.18679999932646751,0.18673333351810772,0.050357693135641854,1953185.0,-0.8656949680426174,56.32184459284711,-0.0011932509489422927,0.006318737662307061,0.19599999487400055,-0.02000004023313462,0
2026-09-21,0.1899999976158142,0.19900000095367432,0.1889999955892563,0.19599999487400055,2425900,-0.02000004023313462,0.18140000104904175,0.1868499994277954,0.18690000002582868,0.05044194027445075,2037500.0,0.011803470136803496,54.44444573219928,0.015504992215651825,0.027749612803871893,0.19200000166893005,-0.020408129131033403,0
2026-09-22,0.19300000369548798,0.19499999284744263,0.1899999976158142,0.19200000166893005,1376300,-0.020408129131033403,0.18400000035762787,0.1865499995648861,0.18685000017285347,0.05055515883491928,2022300.0,-0.43266416587658185,51.08695898648756,-0.00015513266604716414,0.008078616135797079,0.19699999690055847,0.026041641605035082,1
2026-09-23,0.19200000166893005,0.20800000429153442,0.19099999964237213,0.19699999690055847,2995600,0.026041641605035082,0.1914000004529953,0.1865499995648861,0.1867166668176651,0.05088071076830002,2123985.0,1.176560342948485,54.16666860692261,-0.007202161019229769,-0.008361651213807164,0.19499999284744263,-0.01015230499787978,0
2026-09-24,0.2199999988079071,0.2329999953508377,0.17499999701976776,0.19499999284744263,160294100,-0.01015230499787978,0.19599999785423278,0.1863999992609024,0.18668333341677984,0.05093330295554463,10065950.0,52.509847776739214,51.57894324067423,-0.000820521854125067,-0.00014846856283168286,0.18799999356269836,-0.03589743354616781,0
2026-09-25,0.18700000643730164,0.20200000703334808,0.1850000023841858,0.18799999356269836,6442800,-0.03589743354616781,0.19359999597072602,0.1862499989569187,0.18649999996026356,0.05095355108096787,10297460.0,-0.9598063808961154,48.999997615813356,0.005435468794763754,0.004587808023302609,0.18299999833106995,-0.02659572022783563,0
2026-09-28,0.1860000044107437,0.18700000643730164,0.17599999904632568,0.18299999833106995,4905800,-0.02659572022783563,0.1909999966621399,0.1859499990940094,0.1863166665037473,0.05126116199680682,10510965.0,-0.23856087415409444,48.51484797933548,-0.007441486246259066,-0.010705131904801934,0.19099999964237213,0.04371585455880278,1
2026-09-29,0.18299999833106995,0.19499999284744263,0.1809999942779541,0.19099999964237213,5081200,0.04371585455880278,0.1907999962568283,0.1860999993979931,0.18634999990463258,0.05217873612719844,10732040.0,0.035753597782216984,55.88235208182435,-0.0018416336927525867,0.0019007553300205426,0.20100000500679016,0.05235604912639791,1
2026-09-30,0.19300000369548798,0.20499999821186066,0.1899999976158142,0.20100000500679016,3556500,0.05235604912639791,0.19159999787807463,0.18664999976754187,0.18674999997019767,0.053361068130650766,10860830.0,-0.3000669133275604,58.71560172334008,-0.002054445562863161,0.00249349785715669,0.20100000500679016,0.0,0
2026-10-01,0.20100000500679016,0.20100000500679016,0.19300000369548798,0.20100000500679016,1440400,0.0,0.19280000030994415,0.1872500002384186,0.1871666667362054,0.05332530127084912,10896095.0,-0.5949950794320258,59.813083721691974,0.0017832832997064507,0.0030550167024301356,,,0
